warning: pic-rs@1.0.0: native/private_smb.c: In function 'init_smb':
warning: pic-rs@1.0.0: native/private_smb.c:55:9: warning: 'smbc_init' is deprecated [-Wdeprecated-declarations]
warning: pic-rs@1.0.0:    55 |         if (smbc_init(guest_auth, 0) != 0) {
warning: pic-rs@1.0.0:       |         ^~
warning: pic-rs@1.0.0: In file included from native/private_smb.c:2:
warning: pic-rs@1.0.0: /usr/include/samba-4.0/libsmbclient.h:1301:5: note: declared here
warning: pic-rs@1.0.0:  1301 | int smbc_init(smbc_get_auth_data_fn fn, int debug);
warning: pic-rs@1.0.0:       |     ^~~~~~~~~
warning: unused import: `Instant`
 --> src/edit/editor.rs:4:27
  |
4 | use std::time::{Duration, Instant};
  |                           ^^^^^^^
  |
  = note: `#[warn(unused_imports)]` (part of `#[warn(unused)]`) on by default

warning: use of deprecated struct `gtk4::MessageDialog`: Since 4.10
  --> src/main.rs:88:35
   |
88 |                 let dialog = gtk::MessageDialog::builder()
   |                                   ^^^^^^^^^^^^^
   |
   = note: `#[warn(deprecated)]` on by default

warning: use of deprecated struct `gtk4::FileChooserNative`: Since 4.10
   --> src/main.rs:102:40
    |
102 |                     let chooser = gtk::FileChooserNative::new(
    |                                        ^^^^^^^^^^^^^^^^^

warning: use of deprecated struct `gtk4::Dialog`: Since 4.10
    --> src/collage/editor.rs:1349:23
     |
1349 |     let dialog = gtk::Dialog::new();
     |                       ^^^^^^

warning: use of deprecated struct `gtk4::FileChooserNative`: Since 4.10
    --> src/collage/editor.rs:1468:23
     |
1468 |     let dialog = gtk::FileChooserNative::new(
     |                       ^^^^^^^^^^^^^^^^^

warning: use of deprecated struct `gtk4::FileChooserNative`: Since 4.10
    --> src/edit/overlays_ui.rs:1581:31
     |
1581 |             let dialog = gtk::FileChooserNative::new(
     |                               ^^^^^^^^^^^^^^^^^

warning: use of deprecated struct `gtk4::ComboBoxText`: Since 4.10
  --> src/edit/text_ui.rs:59:27
   |
59 |     let font_combo = gtk::ComboBoxText::new();
   |                           ^^^^^^^^^^^^

warning: use of deprecated struct `gtk4::Dialog`: Since 4.10
   --> src/network_picker.rs:115:21
    |
115 |     let dialog=gtk::Dialog::with_buttons(
    |                     ^^^^^^

warning: use of deprecated struct `gtk4::MessageDialog`: Since 4.10
   --> src/settings.rs:721:23
    |
721 |     let dialog = gtk::MessageDialog::builder()
    |                       ^^^^^^^^^^^^^

warning: use of deprecated struct `gtk4::FileChooserNative`: Since 4.10
   --> src/settings/database.rs:115:32
    |
115 |             let chooser = gtk::FileChooserNative::new(
    |                                ^^^^^^^^^^^^^^^^^

warning: use of deprecated struct `gtk4::Dialog`: Since 4.10
   --> src/settings/database.rs:296:23
    |
296 |     let dialog = gtk::Dialog::new();
    |                       ^^^^^^

warning: use of deprecated struct `gtk4::FileChooserNative`: Since 4.10
   --> src/settings/database.rs:343:24
    |
343 |     let chooser = gtk::FileChooserNative::new(
    |                        ^^^^^^^^^^^^^^^^^

warning: use of deprecated struct `gtk4::FileChooserNative`: Since 4.10
    --> src/window/build.rs:4023:25
     |
4023 |         let dialog=gtk::FileChooserNative::new(
     |                         ^^^^^^^^^^^^^^^^^

warning: use of deprecated struct `gtk4::Dialog`: Since 4.10
    --> src/window/build.rs:3071:23
     |
3071 |     let dialog = gtk::Dialog::new();
     |                       ^^^^^^

warning: use of deprecated struct `gtk4::FileChooserNative`: Since 4.10
    --> src/window/build.rs:3174:23
     |
3174 |     let dialog = gtk::FileChooserNative::new(
     |                       ^^^^^^^^^^^^^^^^^

warning: use of deprecated method `gtk4::prelude::WidgetExt::style_context`: Since 4.10
  --> src/albums/view.rs:20:10
   |
20 |         .style_context()
   |          ^^^^^^^^^^^^^

warning: use of deprecated method `gtk4::prelude::StyleContextExt::add_provider`: Since 4.10
  --> src/albums/view.rs:21:10
   |
21 |         .add_provider(&background, gtk::STYLE_PROVIDER_PRIORITY_APPLICATION + 2);
   |          ^^^^^^^^^^^^

warning: use of deprecated method `gtk4::prelude::WidgetExt::style_context`: Since 4.10
  --> src/albums/view.rs:92:10
   |
92 |         .style_context()
   |          ^^^^^^^^^^^^^

warning: use of deprecated method `gtk4::prelude::StyleContextExt::add_provider`: Since 4.10
  --> src/albums/view.rs:93:10
   |
93 |         .add_provider(&background, gtk::STYLE_PROVIDER_PRIORITY_APPLICATION + 2);
   |          ^^^^^^^^^^^^

warning: use of deprecated method `gtk4::CssProvider::load_from_data`: Since 4.12
   --> src/collage/editor.rs:178:13
    |
178 |         css.load_from_data(&css_data);
    |             ^^^^^^^^^^^^^^

warning: use of deprecated associated function `gtk4::Dialog::new`: Since 4.10
    --> src/collage/editor.rs:1349:31
     |
1349 |     let dialog = gtk::Dialog::new();
     |                               ^^^

warning: use of deprecated method `gtk4::prelude::DialogExt::add_button`: Since 4.10
    --> src/collage/editor.rs:1353:12
     |
1353 |     dialog.add_button("Cancel", gtk::ResponseType::Cancel);
     |            ^^^^^^^^^^

warning: use of deprecated method `gtk4::prelude::DialogExt::add_button`: Since 4.10
    --> src/collage/editor.rs:1354:32
     |
1354 |     let export_button = dialog.add_button("Export", gtk::ResponseType::Ok);
     |                                ^^^^^^^^^^

warning: use of deprecated method `gtk4::prelude::DialogExt::set_default_response`: Since 4.10
    --> src/collage/editor.rs:1356:12
     |
1356 |     dialog.set_default_response(gtk::ResponseType::Ok);
     |            ^^^^^^^^^^^^^^^^^^^^

warning: use of deprecated method `gtk4::prelude::DialogExt::content_area`: Since 4.10
    --> src/collage/editor.rs:1358:26
     |
1358 |     let content = dialog.content_area();
     |                          ^^^^^^^^^^^^

warning: use of deprecated method `gtk4::prelude::DialogExt::connect_response`: Since 4.10
    --> src/collage/editor.rs:1432:16
     |
1432 |         dialog.connect_response(move |_, response| {
     |                ^^^^^^^^^^^^^^^^

warning: use of deprecated method `gtk4::prelude::WidgetExt::show`: Since 4.10
    --> src/collage/editor.rs:1455:12
     |
1455 |     dialog.show();
     |            ^^^^

warning: use of deprecated associated function `gtk4::FileChooserNative::new`: Since 4.10
    --> src/collage/editor.rs:1468:42
     |
1468 |     let dialog = gtk::FileChooserNative::new(
     |                                          ^^^

warning: use of deprecated method `gtk4::prelude::FileChooserExt::set_current_name`: Since 4.10
    --> src/collage/editor.rs:1475:12
     |
1475 |     dialog.set_current_name(&format!("collage.{extension}"));
     |            ^^^^^^^^^^^^^^^^

warning: use of deprecated method `gtk4::prelude::FileChooserExt::add_filter`: Since 4.10
    --> src/collage/editor.rs:1483:12
     |
1483 |     dialog.add_filter(&filter);
     |            ^^^^^^^^^^

warning: use of deprecated method `gtk4::prelude::FileChooserExt::file`: Since 4.10
    --> src/collage/editor.rs:1489:33
     |
1489 |         let Some(path) = dialog.file().and_then(|file| file.path()) else {
     |                                 ^^^^

warning: use of deprecated method `gtk4::CssProvider::load_from_data`: Since 4.12
  --> src/css/mod.rs:45:10
   |
45 |     base.load_from_data(BASE);
   |          ^^^^^^^^^^^^^^

warning: use of deprecated method `gtk4::CssProvider::load_from_data`: Since 4.12
  --> src/css/mod.rs:53:14
   |
53 |     platform.load_from_data(PLATFORM);
   |              ^^^^^^^^^^^^^^

warning: use of deprecated method `gtk4::CssProvider::load_from_data`: Since 4.12
  --> src/css/mod.rs:64:20
   |
64 |     square_corners.load_from_data(SQUARE_CORNERS);
   |                    ^^^^^^^^^^^^^^

warning: use of deprecated associated function `gtk4::FileChooserNative::new`: Since 4.10
    --> src/edit/overlays_ui.rs:1581:50
     |
1581 |             let dialog = gtk::FileChooserNative::new(
     |                                                  ^^^

warning: use of deprecated method `gtk4::prelude::FileChooserExt::add_filter`: Since 4.10
    --> src/edit/overlays_ui.rs:1596:20
     |
1596 |             dialog.add_filter(&filter);
     |                    ^^^^^^^^^^

warning: use of deprecated method `gtk4::prelude::FileChooserExt::file`: Since 4.10
    --> src/edit/overlays_ui.rs:1611:41
     |
1611 |                 let Some(path) = dialog.file().and_then(|file| file.path()) else {
     |                                         ^^^^

warning: use of deprecated associated function `gtk4::ComboBoxText::new`: Since 4.10
  --> src/edit/text_ui.rs:59:41
   |
59 |     let font_combo = gtk::ComboBoxText::new();
   |                                         ^^^

warning: use of deprecated method `gtk4::ComboBoxText::append`: Since 4.10
  --> src/edit/text_ui.rs:70:20
   |
70 |         font_combo.append(Some(family), family);
   |                    ^^^^^^

warning: use of deprecated method `gtk4::prelude::ComboBoxExtManual::set_active`: Since 4.10
  --> src/edit/text_ui.rs:72:16
   |
72 |     font_combo.set_active(Some(0));
   |                ^^^^^^^^^^

warning: use of deprecated method `gtk4::prelude::ComboBoxExt::set_active_id`: Since 4.10
   --> src/edit/text_ui.rs:304:28
    |
304 |                 font_combo.set_active_id(Some(&layer.font_family));
    |                            ^^^^^^^^^^^^^

warning: use of deprecated method `gtk4::prelude::ComboBoxExt::active_id`: Since 4.10
   --> src/edit/text_ui.rs:305:31
    |
305 |                 if font_combo.active_id().as_deref() != Some(layer.font_family.as_str()) {
    |                               ^^^^^^^^^

warning: use of deprecated method `gtk4::ComboBoxText::append`: Since 4.10
   --> src/edit/text_ui.rs:306:32
    |
306 |                     font_combo.append(Some(&layer.font_family), &layer.font_family);
    |                                ^^^^^^

warning: use of deprecated method `gtk4::prelude::ComboBoxExt::set_active_id`: Since 4.10
   --> src/edit/text_ui.rs:307:32
    |
307 |                     font_combo.set_active_id(Some(&layer.font_family));
    |                                ^^^^^^^^^^^^^

warning: use of deprecated method `gtk4::prelude::ComboBoxExt::connect_changed`: Since 4.10
   --> src/edit/text_ui.rs:462:20
    |
462 |         font_combo.connect_changed(move |combo| {
    |                    ^^^^^^^^^^^^^^^

warning: use of deprecated method `gtk4::prelude::ComboBoxExt::active_id`: Since 4.10
   --> src/edit/text_ui.rs:469:38
    |
469 |             let Some(family) = combo.active_id() else {
    |                                      ^^^^^^^^^

warning: use of deprecated method `gtk4::CssProvider::load_from_data`: Since 4.12
  --> src/library_home.rs:48:14
   |
48 |     provider.load_from_data(HOME_CSS);
   |              ^^^^^^^^^^^^^^

warning: use of deprecated associated function `gtk4::dialog::<impl gtk4::Dialog>::with_buttons`: Since 4.10
   --> src/network_picker.rs:115:29
    |
115 |     let dialog=gtk::Dialog::with_buttons(
    |                             ^^^^^^^^^^^^

warning: use of deprecated method `gtk4::prelude::DialogExt::set_default_response`: Since 4.10
   --> src/network_picker.rs:121:12
    |
121 |     dialog.set_default_response(gtk::ResponseType::Accept);
    |            ^^^^^^^^^^^^^^^^^^^^

warning: use of deprecated method `gtk4::prelude::DialogExt::content_area`: Since 4.10
   --> src/network_picker.rs:122:24
    |
122 |     let content=dialog.content_area();
    |                        ^^^^^^^^^^^^

warning: use of deprecated method `gtk4::prelude::DialogExt::connect_response`: Since 4.10
   --> src/network_picker.rs:282:12
    |
282 |     dialog.connect_response(move |dlg,reply|{
    |            ^^^^^^^^^^^^^^^^

warning: use of deprecated associated function `gtk4::FileChooserNative::new`: Since 4.10
   --> src/settings/database.rs:115:51
    |
115 |             let chooser = gtk::FileChooserNative::new(
    |                                                   ^^^

warning: use of deprecated method `gtk4::prelude::FileChooserExt::add_filter`: Since 4.10
   --> src/settings/database.rs:125:21
    |
125 |             chooser.add_filter(&filter);
    |                     ^^^^^^^^^^

warning: use of deprecated method `gtk4::prelude::FileChooserExt::file`: Since 4.10
   --> src/settings/database.rs:131:49
    |
131 |                     if let Some(path) = chooser.file().and_then(|file| file.path()) {
    |                                                 ^^^^

warning: use of deprecated associated function `gtk4::Dialog::new`: Since 4.10
   --> src/settings/database.rs:296:31
    |
296 |     let dialog = gtk::Dialog::new();
    |                               ^^^

warning: use of deprecated method `gtk4::prelude::DialogExt::add_button`: Since 4.10
   --> src/settings/database.rs:300:12
    |
300 |     dialog.add_button("Cancel", gtk::ResponseType::Cancel);
    |            ^^^^^^^^^^

warning: use of deprecated method `gtk4::prelude::DialogExt::add_button`: Since 4.10
   --> src/settings/database.rs:301:12
    |
301 |     dialog.add_button("Create", gtk::ResponseType::Accept);
    |            ^^^^^^^^^^

warning: use of deprecated method `gtk4::prelude::DialogExt::content_area`: Since 4.10
   --> src/settings/database.rs:313:12
    |
313 |     dialog.content_area().append(&form);
    |            ^^^^^^^^^^^^

warning: use of deprecated method `gtk4::prelude::DialogExt::connect_response`: Since 4.10
   --> src/settings/database.rs:314:12
    |
314 |     dialog.connect_response(move |dialog, response| {
    |            ^^^^^^^^^^^^^^^^

warning: use of deprecated method `gtk4::prelude::WidgetExt::show`: Since 4.10
   --> src/settings/database.rs:334:12
    |
334 |     dialog.show();
    |            ^^^^

warning: use of deprecated associated function `gtk4::FileChooserNative::new`: Since 4.10
   --> src/settings/database.rs:343:43
    |
343 |     let chooser = gtk::FileChooserNative::new(
    |                                           ^^^

warning: use of deprecated method `gtk4::prelude::FileChooserExt::add_filter`: Since 4.10
   --> src/settings/database.rs:353:13
    |
353 |     chooser.add_filter(&filter);
    |             ^^^^^^^^^^

warning: use of deprecated method `gtk4::prelude::FileChooserExt::file`: Since 4.10
   --> src/settings/database.rs:356:48
    |
356 |             if let Some(backup_path) = chooser.file().and_then(|file| file.path()) {
    |                                                ^^^^

warning: use of deprecated method `gtk4::prelude::WidgetExt::hide`: Since 4.10
  --> src/settings.rs:41:20
   |
41 |             window.hide();
   |                    ^^^^

warning: use of deprecated method `gtk4::prelude::WidgetExt::hide`: Since 4.10
  --> src/settings.rs:88:24
   |
88 |                 window.hide();
   |                        ^^^^

warning: use of deprecated associated function `gtk4::MessageDialog::builder`: Since 4.10
   --> src/settings.rs:721:38
    |
721 |     let dialog = gtk::MessageDialog::builder()
    |                                      ^^^^^^^

warning: use of deprecated method `gtk4::builders::MessageDialogBuilder::transient_for`: Since 4.10
   --> src/settings.rs:722:10
    |
722 |         .transient_for(parent)
    |          ^^^^^^^^^^^^^

warning: use of deprecated method `gtk4::builders::MessageDialogBuilder::modal`: Since 4.10
   --> src/settings.rs:723:10
    |
723 |         .modal(true)
    |          ^^^^^

warning: use of deprecated method `gtk4::builders::MessageDialogBuilder::message_type`: Since 4.10
   --> src/settings.rs:724:10
    |
724 |         .message_type(gtk::MessageType::Warning)
    |          ^^^^^^^^^^^^

warning: use of deprecated method `gtk4::builders::MessageDialogBuilder::buttons`: Since 4.10
   --> src/settings.rs:725:10
    |
725 |         .buttons(gtk::ButtonsType::Cancel)
    |          ^^^^^^^

warning: use of deprecated method `gtk4::builders::MessageDialogBuilder::text`: Since 4.10
   --> src/settings.rs:726:10
    |
726 |         .text(title)
    |          ^^^^

warning: use of deprecated method `gtk4::builders::MessageDialogBuilder::secondary_text`: Since 4.10
   --> src/settings.rs:727:10
    |
727 |         .secondary_text(message)
    |          ^^^^^^^^^^^^^^

warning: use of deprecated method `gtk4::builders::MessageDialogBuilder::build`: Since 4.10
   --> src/settings.rs:728:10
    |
728 |         .build();
    |          ^^^^^

warning: use of deprecated method `gtk4::prelude::DialogExt::add_button`: Since 4.10
   --> src/settings.rs:729:12
    |
729 |     dialog.add_button("Continue", gtk::ResponseType::Accept);
    |            ^^^^^^^^^^

warning: use of deprecated method `gtk4::prelude::DialogExt::connect_response`: Since 4.10
   --> src/settings.rs:730:12
    |
730 |     dialog.connect_response(move |dialog, response| {
    |            ^^^^^^^^^^^^^^^^

warning: use of deprecated method `gtk4::prelude::WidgetExt::allocation`: Since 4.12
    --> src/sidebar.rs:1981:58
     |
1981 |                         .unwrap_or_else(|| f64::from(row.allocation().y()));
     |                                                          ^^^^^^^^^^

warning: use of deprecated method `gtk4::CssProvider::load_from_data`: Since 4.12
   --> src/window/theme.rs:152:22
    |
152 |             provider.load_from_data(base.css.as_str());
    |                      ^^^^^^^^^^^^^^

warning: use of deprecated method `gtk4::CssProvider::load_from_data`: Since 4.12
   --> src/window/theme.rs:221:22
    |
221 |             provider.load_from_data(theme.css.as_str());
    |                      ^^^^^^^^^^^^^^

warning: use of deprecated method `gtk4::prelude::WidgetExt::allocated_width`: Since 4.12
   --> src/window/operation_progress.rs:138:41
    |
138 |             this.apply_space_guard(area.allocated_width());
    |                                         ^^^^^^^^^^^^^^^

warning: use of deprecated associated function `gtk4::FileChooserNative::new`: Since 4.10
    --> src/window/build.rs:4023:44
     |
4023 |         let dialog=gtk::FileChooserNative::new(
     |                                            ^^^

warning: use of deprecated method `gtk4::prelude::FileChooserExt::file`: Since 4.10
    --> src/window/build.rs:4028:39
     |
4028 |                 if let Some(file)=dlg.file(){ selected_for_local(crate::source::reference(&file)); }
     |                                       ^^^^

warning: use of deprecated associated function `gtk4::Dialog::new`: Since 4.10
    --> src/window/build.rs:3071:31
     |
3071 |     let dialog = gtk::Dialog::new();
     |                               ^^^

warning: use of deprecated method `gtk4::prelude::DialogExt::add_button`: Since 4.10
    --> src/window/build.rs:3079:12
     |
3079 |     dialog.add_button("Cancel", gtk::ResponseType::Cancel);
     |            ^^^^^^^^^^

warning: use of deprecated method `gtk4::prelude::DialogExt::add_button`: Since 4.10
    --> src/window/build.rs:3080:32
     |
3080 |     let export_button = dialog.add_button("Export", gtk::ResponseType::Ok);
     |                                ^^^^^^^^^^

warning: use of deprecated method `gtk4::prelude::DialogExt::set_default_response`: Since 4.10
    --> src/window/build.rs:3082:12
     |
3082 |     dialog.set_default_response(gtk::ResponseType::Ok);
     |            ^^^^^^^^^^^^^^^^^^^^

warning: use of deprecated method `gtk4::prelude::DialogExt::content_area`: Since 4.10
    --> src/window/build.rs:3084:26
     |
3084 |     let content = dialog.content_area();
     |                          ^^^^^^^^^^^^

warning: use of deprecated method `gtk4::prelude::DialogExt::connect_response`: Since 4.10
    --> src/window/build.rs:3130:16
     |
3130 |         dialog.connect_response(move |_, response| {
     |                ^^^^^^^^^^^^^^^^

warning: use of deprecated method `gtk4::prelude::WidgetExt::show`: Since 4.10
    --> src/window/build.rs:3163:12
     |
3163 |     dialog.show();
     |            ^^^^

warning: use of deprecated associated function `gtk4::FileChooserNative::new`: Since 4.10
    --> src/window/build.rs:3174:42
     |
3174 |     let dialog = gtk::FileChooserNative::new(
     |                                          ^^^

warning: use of deprecated method `gtk4::prelude::FileChooserExt::set_current_name`: Since 4.10
    --> src/window/build.rs:3191:20
     |
3191 |             dialog.set_current_name(&job.file_name);
     |                    ^^^^^^^^^^^^^^^^

warning: use of deprecated method `gtk4::prelude::FileChooserExt::file`: Since 4.10
    --> src/window/build.rs:3196:40
     |
3196 |             if let Some(path) = dialog.file().and_then(|file| file.path()) {
     |                                        ^^^^

warning: use of deprecated method `gtk4::CssProvider::load_from_data`: Since 4.12
  --> src/window/photo_actions.rs:16:9
   |
16 |     css.load_from_data(crate::css::PHOTO_CONTEXT_MENU);
   |         ^^^^^^^^^^^^^^

warning: use of deprecated associated function `gtk4::MessageDialog::builder`: Since 4.10
  --> src/main.rs:88:50
   |
88 |                 let dialog = gtk::MessageDialog::builder()
   |                                                  ^^^^^^^

warning: use of deprecated method `gtk4::builders::MessageDialogBuilder::message_type`: Since 4.10
  --> src/main.rs:89:22
   |
89 |                     .message_type(gtk::MessageType::Error)
   |                      ^^^^^^^^^^^^

warning: use of deprecated method `gtk4::builders::MessageDialogBuilder::buttons`: Since 4.10
  --> src/main.rs:90:22
   |
90 |                     .buttons(gtk::ButtonsType::None)
   |                      ^^^^^^^

warning: use of deprecated method `gtk4::builders::MessageDialogBuilder::text`: Since 4.10
  --> src/main.rs:91:22
   |
91 |                     .text("Could not open the photo library")
   |                      ^^^^

warning: use of deprecated method `gtk4::builders::MessageDialogBuilder::secondary_text`: Since 4.10
  --> src/main.rs:92:22
   |
92 |                     .secondary_text(format!("{error:#}\n\nChoose another PIC database or close the app."))
   |                      ^^^^^^^^^^^^^^

warning: use of deprecated method `gtk4::builders::MessageDialogBuilder::build`: Since 4.10
  --> src/main.rs:93:22
   |
93 |                     .build();
   |                      ^^^^^

warning: use of deprecated method `gtk4::prelude::DialogExt::add_button`: Since 4.10
  --> src/main.rs:94:24
   |
94 |                 dialog.add_button("Close", gtk::ResponseType::Close);
   |                        ^^^^^^^^^^

warning: use of deprecated method `gtk4::prelude::DialogExt::add_button`: Since 4.10
  --> src/main.rs:95:24
   |
95 |                 dialog.add_button("Choose Database…", gtk::ResponseType::Accept);
   |                        ^^^^^^^^^^

warning: use of deprecated method `gtk4::prelude::DialogExt::connect_response`: Since 4.10
  --> src/main.rs:97:24
   |
97 |                 dialog.connect_response(move |dialog, response| {
   |                        ^^^^^^^^^^^^^^^^

warning: use of deprecated associated function `gtk4::FileChooserNative::new`: Since 4.10
   --> src/main.rs:102:59
    |
102 |                     let chooser = gtk::FileChooserNative::new(
    |                                                           ^^^

warning: use of deprecated method `gtk4::prelude::FileChooserExt::add_filter`: Since 4.10
   --> src/main.rs:112:29
    |
112 |                     chooser.add_filter(&filter);
    |                             ^^^^^^^^^^

warning: use of deprecated method `gtk4::prelude::FileChooserExt::file`: Since 4.10
   --> src/main.rs:116:57
    |
116 | ...                   if let Some(path) = chooser.file().and_then(|file| file.path()) {
    |                                                   ^^^^

warning: unreachable pattern
   --> src/css/theme_discovery.rs:218:39
    |
218 |                     "traffic-light" | "traffic-light" | "trafficlights" => {
    |                     ---------------   ^^^^^^^^^^^^^^^ no value can reach this
    |                     |
    |                     matches all the relevant values
    |
    = note: `#[warn(unreachable_patterns)]` (part of `#[warn(unused)]`) on by default

warning: unused variable: `window_for_close`
  --> src/settings.rs:85:17
   |
85 |             let window_for_close = window.clone();
   |                 ^^^^^^^^^^^^^^^^ help: if this is intentional, prefix it with an underscore: `_window_for_close`
   |
   = note: `#[warn(unused_variables)]` (part of `#[warn(unused)]`) on by default

warning: unused variable: `set_expanded`
   --> src/sidebar.rs:819:13
    |
819 |         let set_expanded = set_folders_expanded.clone();
    |             ^^^^^^^^^^^^ help: if this is intentional, prefix it with an underscore: `_set_expanded`

warning: unused variable: `error`
   --> src/thumbnail_display.rs:403:13
    |
403 |         Err(error) => {
    |             ^^^^^ help: if this is intentional, prefix it with an underscore: `_error`

warning: unused variable: `count`
    --> src/window/build.rs:4111:17
     |
4111 |             let count = roots.as_ref().map(|roots| roots.len()).unwrap_or(0);
     |                 ^^^^^ help: if this is intentional, prefix it with an underscore: `_count`

warning: unused variable: `kind`
    --> src/window/build.rs:3795:41
     |
3795 |             let Some((root, generation, kind)) = next else {
     |                                         ^^^^ help: if this is intentional, prefix it with an underscore: `_kind`

warning: unused variable: `mount`
   --> src/window/layout.rs:516:51
    |
516 |     volume_monitor.connect_mount_changed(move |_, mount| {
    |                                                   ^^^^^ help: if this is intentional, prefix it with an underscore: `_mount`

warning: unused variable: `mount`
   --> src/window/layout.rs:511:51
    |
511 |     volume_monitor.connect_mount_removed(move |_, mount| {
    |                                                   ^^^^^ help: if this is intentional, prefix it with an underscore: `_mount`

warning: unused variable: `mount`
   --> src/window/layout.rs:506:49
    |
506 |     volume_monitor.connect_mount_added(move |_, mount| {
    |                                                 ^^^^^ help: if this is intentional, prefix it with an underscore: `_mount`

warning: unused variable: `changed`
   --> src/window/layout.rs:320:24
    |
320 |                     Ok(changed) => {
    |                        ^^^^^^^ help: if this is intentional, prefix it with an underscore: `_changed`

warning: unused variable: `file`
   --> src/window/build.rs:313:50
    |
313 |                 monitor.connect_changed(move |_, file, other_file, event| {
    |                                                  ^^^^ help: if this is intentional, prefix it with an underscore: `_file`

warning: unused variable: `other_file`
   --> src/window/build.rs:313:56
    |
313 |                 monitor.connect_changed(move |_, file, other_file, event| {
    |                                                        ^^^^^^^^^^ help: if this is intentional, prefix it with an underscore: `_other_file`

warning: unused variable: `search`
    --> src/window/build.rs:3457:9
     |
3457 |         search,
     |         ^^^^^^ help: if this is intentional, prefix it with an underscore: `_search`

warning: unused variable: `window_for_breakpoint`
    --> src/window/build.rs:3678:13
     |
3678 |         let window_for_breakpoint = window.clone();
     |             ^^^^^^^^^^^^^^^^^^^^^ help: if this is intentional, prefix it with an underscore: `_window_for_breakpoint`

warning: unused variable: `search`
   --> src/window/search.rs:203:22
    |
203 |         if let (Some(search), Some(popup)) = (search_weak.upgrade(), popup_weak.upgrade()) {
    |                      ^^^^^^ help: if this is intentional, prefix it with an underscore: `_search`

warning: function `bookshelf_background_path` is never used
   --> src/albums/bookshelf.rs:135:4
    |
135 | fn bookshelf_background_path(directory: &Path, index: usize) -> Option<PathBuf> {
    |    ^^^^^^^^^^^^^^^^^^^^^^^^^
    |
    = note: `#[warn(dead_code)]` (part of `#[warn(unused)]`) on by default

warning: method `add_photos` is never used
   --> src/collage/editor.rs:137:12
    |
127 | impl CollageEditor {
    | ------------------ method in this implementation
...
137 |     pub fn add_photos(&self, photos: Vec<crate::photo_object::PhotoObject>) {
    |            ^^^^^^^^^^

warning: method `add_photos` is never used
   --> src/collage/model.rs:279:12
    |
180 | impl CollageProject {
    | ------------------- method in this implementation
...
279 |     pub fn add_photos(&mut self, photos: Vec<PhotoObject>) {
    |            ^^^^^^^^^^

warning: function `open_default` is never used
  --> src/db/core.rs:10:8
   |
10 | pub fn open_default() -> Result<Connection> {
   |        ^^^^^^^^^^^^

warning: function `folder_path_by_id` is never used
   --> src/db/photos.rs:265:8
    |
265 | pub fn folder_path_by_id(connection: &Connection, folder_id: i64) -> Result<Option<String>> {
    |        ^^^^^^^^^^^^^^^^^

warning: function `set_rating` is never used
   --> src/db/photos.rs:648:8
    |
648 | pub fn set_rating(connection: &Connection, id: i64, rating: i32) -> Result<()> {
    |        ^^^^^^^^^^

warning: fields `zoom_in_action` and `zoom_out_action` are never read
  --> src/edit/editor.rs:20:5
   |
16 | pub struct EditEditor {
   |            ---------- fields in this struct
...
20 |     zoom_in_action: Rc<dyn Fn()>,
   |     ^^^^^^^^^^^^^^
21 |     zoom_out_action: Rc<dyn Fn()>,
   |     ^^^^^^^^^^^^^^^

warning: methods `zoom_in`, `zoom_out`, and `is_text_section_active` are never used
  --> src/edit/editor.rs:45:12
   |
33 | impl EditEditor {
   | --------------- methods in this implementation
...
45 |     pub fn zoom_in(&self) {
   |            ^^^^^^^
...
49 |     pub fn zoom_out(&self) {
   |            ^^^^^^^^
...
91 |     pub fn is_text_section_active(&self) -> bool {
   |            ^^^^^^^^^^^^^^^^^^^^^^

warning: field `interactive` is never read
  --> src/edit/preview.rs:94:5
   |
84 | struct PreviewJob {
   |        ---------- field in this struct
...
94 |     interactive: bool,
   |     ^^^^^^^^^^^

warning: function `pointer_over_content` is never used
  --> src/edit/zoom.rs:54:4
   |
54 | fn pointer_over_content(pointer: f64, viewport: f64, content: f64) -> bool {
   |    ^^^^^^^^^^^^^^^^^^^^

warning: methods `position_at` and `reset_placement` are never used
   --> src/edit/model.rs:511:12
    |
451 | impl TextLayerSpec {
    | ------------------ methods in this implementation
...
511 |     pub fn position_at(&mut self, anchor: OverlayAnchor) {
    |            ^^^^^^^^^^^
...
525 |     pub fn reset_placement(&mut self) {
    |            ^^^^^^^^^^^^^^^

warning: function `apply_recipe_without_crop` is never used
  --> src/edit/render.rs:38:8
   |
38 | pub fn apply_recipe_without_crop(mut image: RgbaImage, recipe: &EditRecipe) -> RgbaImage {
   |        ^^^^^^^^^^^^^^^^^^^^^^^^^

warning: method `clear_photo` is never used
    --> src/grid/tile.rs:1161:8
     |
 516 | impl SquareTile {
     | --------------- method in this implementation
...
1161 |     fn clear_photo(&self) {
     |        ^^^^^^^^^^^

warning: methods `set_pending_folder_target`, `has_pending_folder_target`, `try_focus_pending_folder`, and `visible_folder_id` are never used
   --> src/grid/grouping.rs:266:12
    |
 31 | impl Gallery {
    | ------------ methods in this implementation
...
266 |     pub fn set_pending_folder_target(&self, folder_id: i64, folder_path: String) {
    |            ^^^^^^^^^^^^^^^^^^^^^^^^^
...
275 |     pub fn has_pending_folder_target(&self) -> bool {
    |            ^^^^^^^^^^^^^^^^^^^^^^^^^
...
282 |     pub fn try_focus_pending_folder(&self) -> bool {
    |            ^^^^^^^^^^^^^^^^^^^^^^^^
...
349 |     pub fn visible_folder_id(&self) -> Option<i64> {
    |            ^^^^^^^^^^^^^^^^^

warning: fields `old_width`, `presentation`, and `photos` are never read
  --> src/grid/sectioned_folder.rs:21:5
   |
15 | struct SectionedReflowSnapshot {
   |        ----------------------- fields in this struct
...
21 |     old_width: i32,
   |     ^^^^^^^^^
22 |     presentation: Option<StripPresentation>,
   |     ^^^^^^^^^^^^
23 |     photos: HashMap<u32, StripPhoto>,
   |     ^^^^^^
   |
   = note: `SectionedReflowSnapshot` has a derived impl for the trait `Clone`, but this is intentionally ignored during dead code analysis

warning: fields `first_index`, `first_y`, `row_height`, `header_y`, and `end_y` are never read
   --> src/grid/sectioned_folder.rs:135:5
    |
134 | struct StripSection {
    |        ------------ fields in this struct
135 |     first_index: f64,
    |     ^^^^^^^^^^^
136 |     first_y: f64,
    |     ^^^^^^^
137 |     row_height: f64,
    |     ^^^^^^^^^^
138 |     header_y: f64,
    |     ^^^^^^^^
139 |     end_y: f64,
    |     ^^^^^
    |
    = note: `StripSection` has derived impls for the traits `Debug` and `Clone`, but these are intentionally ignored during dead code analysis

warning: fields `columns`, `tile_width`, `tile_height`, `pitch`, `left`, and `sections` are never read
   --> src/grid/sectioned_folder.rs:144:5
    |
143 | struct StripLayout {
    |        ----------- fields in this struct
144 |     columns: f64,
    |     ^^^^^^^
145 |     tile_width: f64,
    |     ^^^^^^^^^^
146 |     tile_height: f64,
    |     ^^^^^^^^^^^
147 |     pitch: f64,
    |     ^^^^^
148 |     left: f64,
    |     ^^^^
149 |     sections: Vec<StripSection>,
    |     ^^^^^^^^
    |
    = note: `StripLayout` has derived impls for the traits `Debug` and `Clone`, but these are intentionally ignored during dead code analysis

warning: method `between` is never used
   --> src/grid/sectioned_folder.rs:153:8
    |
152 | impl StripLayout {
    | ---------------- method in this implementation
153 |     fn between(&self, target: &Self, progress: f64) -> Self {
    |        ^^^^^^^

warning: field `layout` is never read
   --> src/grid/sectioned_folder.rs:174:5
    |
173 | struct StripPresentation {
    |        ----------------- field in this struct
174 |     layout: StripLayout,
    |     ^^^^^^
    |
    = note: `StripPresentation` has a derived impl for the trait `Clone`, but this is intentionally ignored during dead code analysis

warning: fields `index` and `row` are never read
   --> src/grid/sectioned_folder.rs:180:5
    |
179 | struct StripSlice {
    |        ---------- fields in this struct
180 |     index: u32,
    |     ^^^^^
181 |     row: i32,
    |     ^^^
    |
    = note: `StripSlice` has derived impls for the traits `Debug` and `Clone`, but these are intentionally ignored during dead code analysis

warning: function `strip_slices` is never used
   --> src/grid/sectioned_folder.rs:190:4
    |
190 | fn strip_slices(layout: &StripLayout, ranges: &[GroupRange], top: f64, bottom: f64) -> Vec<StripSlice> {
    |    ^^^^^^^^^^^^

warning: methods `paint_strip` and `reveal_index_if_needed` are never used
    --> src/grid/sectioned_folder.rs:1243:8
     |
 327 | impl SectionedFolderView {
     | ------------------------ methods in this implementation
...
1243 |     fn paint_strip(&self, mut presentation: StripPresentation, ranges: &[GroupRange]) {
     |        ^^^^^^^^^^^
...
1465 |     fn reveal_index_if_needed(self: &Rc<Self>, index: u32) -> bool {
     |        ^^^^^^^^^^^^^^^^^^^^^^

warning: methods `sectioned_capture_anchor`, `sectioned_restore_anchor`, and `sectioned_sync_selection` are never used
    --> src/grid/sectioned_folder.rs:1724:8
     |
1702 | impl Gallery {
     | ------------ methods in this implementation
...
1724 |     fn sectioned_capture_anchor(&self) -> Option<(i64, f64)> {
     |        ^^^^^^^^^^^^^^^^^^^^^^^^
...
1728 |     fn sectioned_restore_anchor(self: &Rc<Self>, anchor: Option<(i64, f64)>) {
     |        ^^^^^^^^^^^^^^^^^^^^^^^^
...
1736 |     fn sectioned_sync_selection(&self) {
     |        ^^^^^^^^^^^^^^^^^^^^^^^^

warning: function `folder_row_offset` is never used
  --> src/grid/virtualization.rs:67:4
   |
67 | fn folder_row_offset(
   |    ^^^^^^^^^^^^^^^^^

warning: struct `FolderVirtualRow` is never constructed
   --> src/grid/virtualization.rs:101:8
    |
101 | struct FolderVirtualRow {
    |        ^^^^^^^^^^^^^^^^

warning: function `folder_virtual_rows` is never used
   --> src/grid/virtualization.rs:110:4
    |
110 | fn folder_virtual_rows(ranges: &[GroupRange], chunk_size: usize) -> Vec<FolderVirtualRow> {
    |    ^^^^^^^^^^^^^^^^^^^

warning: method `refresh_availability` is never used
    --> src/grid/virtualization.rs:2020:12
     |
 246 | impl Gallery {
     | ------------ method in this implementation
...
2020 |     pub fn refresh_availability(&self) {
     |            ^^^^^^^^^^^^^^^^^^^^

warning: methods `selected_position` and `is_at_vertical_boundary` are never used
   --> src/grid/selection.rs:30:12
    |
 26 | impl Gallery {
    | ------------ methods in this implementation
...
 30 |     pub fn selected_position(&self) -> Option<usize> {
    |            ^^^^^^^^^^^^^^^^^
...
344 |     pub fn is_at_vertical_boundary(&self, direction: i32) -> bool {
    |            ^^^^^^^^^^^^^^^^^^^^^^^

warning: function `folder_id_from_named_ancestor` is never used
    --> src/grid/selection.rs:1554:4
     |
1554 | fn folder_id_from_named_ancestor(widget: &gtk::Widget) -> Option<i64> {
     |    ^^^^^^^^^^^^^^^^^^^^^^^^^^^^^

warning: method `update_edit_recipe` is never used
    --> src/lightbox/impl.rs:1801:12
     |
   1 | impl Lightbox {
     | ------------- method in this implementation
...
1801 |     pub fn update_edit_recipe(&self, id: i64, recipe: &str) {
     |            ^^^^^^^^^^^^^^^^^^

warning: fields `prev` and `next` are never read
  --> src/library_home.rs:71:5
   |
68 | struct HomeSection {
   |        ----------- fields in this struct
...
71 |     prev: gtk::Button,
   |     ^^^^
72 |     next: gtk::Button,
   |     ^^^^

warning: function `rotated_thumbnail` is never used
  --> src/photo_texture.rs:52:8
   |
52 | pub fn rotated_thumbnail(path: &str, rotation: i32) -> Option<gtk::gdk::Paintable> {
   |        ^^^^^^^^^^^^^^^^^

warning: function `scan` is never used
  --> src/scanner.rs:90:8
   |
90 | pub fn scan(root: &str, events: Option<&Sender<ScanEvent>>) -> Result<usize> {
   |        ^^^^

warning: function `wait_for_priority_requests` is never used
   --> src/thumbnail.rs:202:8
    |
202 | pub fn wait_for_priority_requests() {
    |        ^^^^^^^^^^^^^^^^^^^^^^^^^^

warning: field `scale` is never read
 --> src/thumbnail/viewer.rs:5:5
  |
1 | struct DecodedThumbnailSource {
  |        ---------------------- field in this struct
...
5 |     scale: &'static str,
  |     ^^^^^

warning: function `create_many` is never used
 --> src/thumbnail/batch.rs:1:8
  |
1 | pub fn create_many(
  |        ^^^^^^^^^^^

warning: constant `EDIT_PANEL_CSS` is never used
  --> src/window.rs:24:18
   |
24 | pub(crate) const EDIT_PANEL_CSS: &str = crate::css::BASE;
   |                  ^^^^^^^^^^^^^^

warning: variants `FilesystemNotification` and `ProgrammaticSidebarSelection` are never constructed
   --> src/window.rs:409:5
    |
405 | enum PhotoScanRequestReason {
    |      ---------------------- variants in this enum
...
409 |     FilesystemNotification,
    |     ^^^^^^^^^^^^^^^^^^^^^^
...
412 |     ProgrammaticSidebarSelection,
    |     ^^^^^^^^^^^^^^^^^^^^^^^^^^^^
    |
    = note: `PhotoScanRequestReason` has derived impls for the traits `Debug` and `Clone`, but these are intentionally ignored during dead code analysis

warning: methods `connect_stop` and `is_cancelled` are never used
   --> src/window/operation_progress.rs:224:12
    |
 46 | impl OperationProgressUi {
    | ------------------------ methods in this implementation
...
224 |     pub fn connect_stop<C: Fn() + 'static>(&self, callback: C) {
    |            ^^^^^^^^^^^^
...
243 |     pub fn is_cancelled(&self) -> bool {
    |            ^^^^^^^^^^^^

warning: function `install_gallery_zoom_scroll` is never used
   --> src/window/navigation.rs:561:4
    |
561 | fn install_gallery_zoom_scroll(scrolled: &gtk::ScrolledWindow, gallery: Rc<grid::Gallery>) {
    |    ^^^^^^^^^^^^^^^^^^^^^^^^^^^

warning: function `search_folder_focus_should_stop` is never used
   --> src/window/navigation.rs:617:4
    |
617 | fn search_folder_focus_should_stop(
    |    ^^^^^^^^^^^^^^^^^^^^^^^^^^^^^^^

warning: field `total` is never read
    --> src/window/build.rs:3212:9
     |
3210 |     Update {
     |     ------ field in this variant
3211 |         done: usize,
3212 |         total: usize,
     |         ^^^^^

warning: field `mounted` is never read
  --> src/window/availability.rs:24:5
   |
23 | struct ReconnectedSources {
   |        ------------------ field in this struct
24 |     mounted: std::collections::HashSet<String>,
   |     ^^^^^^^

warning: method `update` is never used
  --> src/window/availability.rs:29:8
   |
28 | impl ReconnectedSources {
   | ----------------------- method in this implementation
29 |     fn update(&mut self, mounted: std::collections::HashSet<String>) {
   |        ^^^^^^

warning: method `active_window_controls` is never used
   --> src/window/theme.rs:129:19
    |
 55 | impl ThemeEngine {
    | ---------------- method in this implementation
...
129 |     pub(crate) fn active_window_controls(&self) -> WindowControls {
    |                   ^^^^^^^^^^^^^^^^^^^^^^

warning: `pic-rs` (bin "pic-rs") generated 164 warnings (run `cargo fix --bin "pic-rs" -p pic-rs` to apply 15 suggestions)
    Finished `release` profile [optimized] target(s) in 0.11s
     Running `target/release/pic-rs`
STARTUP cold_start_ms=29 photos=5130 displayed=5130 folders=311 albums=1 scan=disabled rss_mb=66
PIC_NAV gallery_replace photos=0
PIC_THUMBNAIL cache_lookup result=hit elapsed_us=26 uri=/run/media/peet/Data-500GB/Work-FB/Drone Building/hmf-money-trees.jpg
PIC_THUMBNAIL cache_lookup result=hit elapsed_us=3 uri=/run/media/peet/Data-500GB/Work-FB/Drone Building/hmf-money-trees.jpg
PIC_NAV folder_order_changed old_count=0 new_count=311
PIC_THUMBNAIL cache_lookup result=hit elapsed_us=13 uri=nfs://DietPi.local/mnt/Photos/20260707_113454.jpg
PIC_THUMBNAIL cache_lookup result=hit elapsed_us=5 uri=nfs://DietPi.local/mnt/Photos/20260707_113508.jpg
PIC_THUMBNAIL cache_lookup result=hit elapsed_us=4 uri=nfs://DietPi.local/mnt/Photos/20260707_113635.jpg
PIC_THUMBNAIL cache_lookup result=hit elapsed_us=5 uri=nfs://DietPi.local/mnt/Photos/20260707_113645.jpg
PIC_THUMBNAIL cache_lookup result=hit elapsed_us=6 uri=nfs://DietPi.local/mnt/Photos/20260707_113754.jpg
PIC_THUMBNAIL cache_lookup result=hit elapsed_us=5 uri=nfs://DietPi.local/mnt/Photos/20260707_113802.jpg
PIC_THUMBNAIL cache_lookup result=hit elapsed_us=6 uri=nfs://DietPi.local/mnt/Photos/20260707_113925.jpg
PIC_THUMBNAIL cache_lookup result=hit elapsed_us=5 uri=nfs://DietPi.local/mnt/Photos/20260707_114023.jpg
PIC_THUMBNAIL cache_lookup result=hit elapsed_us=6 uri=nfs://DietPi.local/mnt/Photos/20260707_114028.jpg
PIC_THUMBNAIL cache_lookup result=hit elapsed_us=5 uri=nfs://DietPi.local/mnt/Photos/20260707_114058.jpg
PIC_THUMBNAIL cache_lookup result=hit elapsed_us=5 uri=nfs://DietPi.local/mnt/Photos/20260707_114112.jpg
PIC_THUMBNAIL cache_lookup result=hit elapsed_us=5 uri=smb://dietpi.local/photos/20260707_113454.jpg
PIC_THUMBNAIL cache_lookup result=hit elapsed_us=5 uri=smb://dietpi.local/photos/20260707_113508.jpg
PIC_THUMBNAIL cache_lookup result=hit elapsed_us=5 uri=smb://dietpi.local/photos/20260707_113635.jpg
PIC_THUMBNAIL cache_lookup result=hit elapsed_us=6 uri=smb://dietpi.local/photos/20260707_113645.jpg
PIC_THUMBNAIL cache_lookup result=hit elapsed_us=5 uri=smb://dietpi.local/photos/20260707_113754.jpg
PIC_THUMBNAIL cache_lookup result=hit elapsed_us=5 uri=smb://dietpi.local/photos/20260707_113802.jpg
PIC_THUMBNAIL cache_lookup result=hit elapsed_us=5 uri=smb://dietpi.local/photos/20260707_113925.jpg
PIC_THUMBNAIL cache_lookup result=hit elapsed_us=6 uri=smb://dietpi.local/photos/20260707_114023.jpg
PIC_THUMBNAIL cache_lookup result=hit elapsed_us=5 uri=smb://dietpi.local/photos/20260707_114028.jpg
PIC_THUMBNAIL cache_lookup result=hit elapsed_us=6 uri=smb://dietpi.local/photos/20260707_114058.jpg
PIC_THUMBNAIL cache_lookup result=hit elapsed_us=5 uri=smb://dietpi.local/photos/20260707_114112.jpg
PIC_THUMBNAIL cache_lookup result=hit elapsed_us=5 uri=/run/media/peet/A2E00CB6E00C92A9/temp/collage.jpg
PIC_THUMBNAIL cache_lookup result=hit elapsed_us=6 uri=/run/media/peet/A2E00CB6E00C92A9/temp/FB-2026-Electric Fences/FB-Electric Fence 9/20260818_152032.jpg
PIC_THUMBNAIL cache_lookup result=hit elapsed_us=5 uri=/run/media/peet/A2E00CB6E00C92A9/temp/FB-2026-Electric Fences/FB-Electric Fence 9/20260818_152026.jpg
PIC_THUMBNAIL cache_lookup result=hit elapsed_us=5 uri=/run/media/peet/A2E00CB6E00C92A9/temp/FB-2026-Electric Fences/FB-Electric Fence 8/20260818_144202.jpg
PIC_THUMBNAIL cache_lookup result=hit elapsed_us=5 uri=/run/media/peet/A2E00CB6E00C92A9/temp/FB-2026-Electric Fences/FB-Electric Fence 8/20260818_143945.jpg
PIC_THUMBNAIL cache_lookup result=hit elapsed_us=6 uri=/run/media/peet/A2E00CB6E00C92A9/temp/FB-2026-Electric Fences/FB-Electric Fence 8/20260818_143940.jpg
PIC_THUMBNAIL cache_lookup result=hit elapsed_us=6 uri=/run/media/peet/A2E00CB6E00C92A9/temp/FB-2026-Electric Fences/FB-Electric Fence 8/20260818_143933.jpg
PIC_THUMBNAIL cache_lookup result=hit elapsed_us=7 uri=/run/media/peet/A2E00CB6E00C92A9/temp/FB-2026-Electric Fences/FB-Electric Fence 8/20260818_143926.jpg
PIC_THUMBNAIL cache_lookup result=hit elapsed_us=5 uri=/run/media/peet/A2E00CB6E00C92A9/temp/FB-2026-Electric Fences/FB-Electric Fence 8/20260818_143720.jpg
PIC_THUMBNAIL cache_lookup result=hit elapsed_us=5 uri=/run/media/peet/A2E00CB6E00C92A9/temp/FB-2026-Electric Fences/FB-Electric Fence 8/20260818_143555.jpg
PIC_THUMBNAIL cache_lookup result=hit elapsed_us=5 uri=/run/media/peet/A2E00CB6E00C92A9/temp/FB-2026-Electric Fences/FB-Electric Fence 8/20260818_143551.jpg
PIC_THUMBNAIL cache_lookup result=hit elapsed_us=4 uri=/run/media/peet/A2E00CB6E00C92A9/temp/FB-2026-Electric Fences/FB-Electric Fence 8/20260818_140204.jpg
PIC_THUMBNAIL cache_lookup result=hit elapsed_us=3 uri=/run/media/peet/A2E00CB6E00C92A9/temp/FB-2026-Electric Fences/FB-Electric Fence 8/20260818_140137.jpg
PIC_THUMBNAIL cache_lookup result=hit elapsed_us=3 uri=/run/media/peet/A2E00CB6E00C92A9/temp/FB-2026-Electric Fences/FB-Electric Fence 8/20260818_085313.jpg
PIC_THUMBNAIL cache_lookup result=hit elapsed_us=3 uri=/run/media/peet/A2E00CB6E00C92A9/temp/FB-2026-Electric Fences/FB-Electric Fence 8/20260818_085308.jpg
PIC_THUMBNAIL cache_lookup result=hit elapsed_us=3 uri=/run/media/peet/Data-500GB/Work-FB/FB-2026-DanaSpicer/20260707_114112.jpg
PIC_THUMBNAIL cache_lookup result=hit elapsed_us=3 uri=/run/user/1000/gvfs/smb-share:server=dietpi.local,share=photos/20260707_114112.jpg
PIC_THUMBNAIL cache_lookup result=hit elapsed_us=3 uri=/run/media/peet/Data-500GB/Work-FB/FB-2026-DanaSpicer/20260707_114058.jpg
PIC_THUMBNAIL cache_lookup result=hit elapsed_us=3 uri=/run/user/1000/gvfs/smb-share:server=dietpi.local,share=photos/20260707_114058.jpg
PIC_THUMBNAIL cache_lookup result=hit elapsed_us=3 uri=/run/media/peet/Data-500GB/Work-FB/FB-2026-DanaSpicer/20260707_114028.jpg
PIC_THUMBNAIL cache_lookup result=hit elapsed_us=3 uri=/run/user/1000/gvfs/smb-share:server=dietpi.local,share=photos/20260707_114028.jpg
PIC_THUMBNAIL cache_lookup result=hit elapsed_us=3 uri=/run/media/peet/Data-500GB/Work-FB/FB-2026-DanaSpicer/20260707_114023.jpg
PIC_THUMBNAIL cache_lookup result=hit elapsed_us=3 uri=/run/user/1000/gvfs/smb-share:server=dietpi.local,share=photos/20260707_114023.jpg
PIC_THUMBNAIL cache_lookup result=hit elapsed_us=4 uri=/run/media/peet/Data-500GB/Work-FB/FB-2026-DanaSpicer/20260707_113925.jpg
PIC_THUMBNAIL cache_lookup result=hit elapsed_us=3 uri=/run/user/1000/gvfs/smb-share:server=dietpi.local,share=photos/20260707_113925.jpg
PIC_THUMBNAIL cache_lookup result=hit elapsed_us=4 uri=/run/user/1000/gvfs/smb-share:server=dietpi.local,share=photos/20260707_113802.jpg
PIC_THUMBNAIL cache_lookup result=hit elapsed_us=3 uri=/run/user/1000/gvfs/smb-share:server=dietpi.local,share=photos/20260707_113754.jpg
PIC_THUMBNAIL cache_lookup result=hit elapsed_us=4 uri=/run/user/1000/gvfs/smb-share:server=dietpi.local,share=photos/20260707_113645.jpg
PIC_THUMBNAIL cache_lookup result=hit elapsed_us=3 uri=/run/user/1000/gvfs/smb-share:server=dietpi.local,share=photos/20260707_113635.jpg
PIC_THUMBNAIL cache_lookup result=hit elapsed_us=5 uri=/run/user/1000/gvfs/smb-share:server=dietpi.local,share=photos/20260707_113508.jpg
PIC_THUMBNAIL cache_lookup result=hit elapsed_us=3 uri=/run/media/peet/Data-500GB/Work-FB/FB-2026-DanaSpicer/20260707_113454.jpg
PIC_THUMBNAIL cache_lookup result=hit elapsed_us=3 uri=/run/user/1000/gvfs/smb-share:server=dietpi.local,share=photos/20260707_113454.jpg
PIC_THUMBNAIL cache_lookup result=hit elapsed_us=4 uri=/run/media/peet/Data-500GB/Work-FB/FB-2026-Tiger Bay/20260701_101028.jpg
PIC_THUMBNAIL cache_lookup result=hit elapsed_us=3 uri=/run/media/peet/Data-500GB/Work-FB/FB-2026-Tiger Bay/20260701_101013.jpg
PIC_THUMBNAIL cache_lookup result=hit elapsed_us=3 uri=/run/media/peet/Data-500GB/Work-FB/FB-2026-Tiger Bay/20260701_100940.jpg
PIC_THUMBNAIL cache_lookup result=hit elapsed_us=3 uri=/run/media/peet/Data-500GB/Work-FB/FB-2026-Tiger Bay/20260701_100907.jpg
PIC_THUMBNAIL cache_lookup result=hit elapsed_us=3 uri=/run/media/peet/Data-500GB/Work-FB/FB-2026-Tiger Bay/20260701_100830.jpg
PIC_THUMBNAIL cache_lookup result=hit elapsed_us=5 uri=/run/media/peet/Data-500GB/Work-FB/FB-2026-Tiger Bay/20260701_100819.jpg
PIC_THUMBNAIL cache_lookup result=hit elapsed_us=5 uri=/run/media/peet/Data-500GB/Work-FB/FB-2026-Tiger Bay/20260701_100759.jpg
PIC_THUMBNAIL cache_lookup result=hit elapsed_us=3 uri=/run/media/peet/Data-500GB/Work-FB/FB-2026-Tiger Bay/20260701_100746.jpg
PIC_THUMBNAIL cache_lookup result=hit elapsed_us=3 uri=/run/media/peet/Data-500GB/Work-FB/FB-2026-Tiger Bay/20260701_100735.jpg
PIC_THUMBNAIL cache_lookup result=hit elapsed_us=4 uri=/run/media/peet/Data-500GB/Work-FB/FB-2026-Tiger Bay/20260701_100716.jpg
PIC_THUMBNAIL cache_lookup result=hit elapsed_us=3 uri=/run/media/peet/Data-500GB/Work-FB/FB-2026-Tiger Bay/20260701_100710.jpg
PIC_THUMBNAIL cache_lookup result=hit elapsed_us=3 uri=/run/media/peet/A2E00CB6E00C92A9/temp/FB-2026-WIP/20260701_100703-2.jpg
PIC_THUMBNAIL cache_lookup result=hit elapsed_us=3 uri=/run/media/peet/Data-500GB/Work-FB/FB-2026-Tiger Bay/20260701_100703.jpg
PIC_THUMBNAIL cache_lookup result=hit elapsed_us=3 uri=/run/media/peet/Data-500GB/Work-FB/FB-2026-Tiger Bay/20260701_100653.jpg
PIC_THUMBNAIL cache_lookup result=hit elapsed_us=3 uri=/run/media/peet/Data-500GB/Work-FB/FB-2026-Tiger Bay/20260701_100638.jpg
PIC_THUMBNAIL cache_lookup result=hit elapsed_us=3 uri=/run/media/peet/Data-500GB/Work-FB/FB-2026-Tiger Bay/20260701_100614.jpg
PIC_THUMBNAIL cache_lookup result=hit elapsed_us=3 uri=/run/media/peet/Data-500GB/Work-FB/FB-2026-Tiger Bay/20260701_100606.jpg
PIC_THUMBNAIL cache_lookup result=hit elapsed_us=5 uri=/run/media/peet/A2E00CB6E00C92A9/temp/FB-2026-Electric Fences/FB-Electric Fence 8/20260629_143535.jpg
PIC_THUMBNAIL cache_lookup result=hit elapsed_us=3 uri=/run/media/peet/A2E00CB6E00C92A9/temp/FB-2026-Electric Fences/FB-Electric Fence 8/20260619_143533.jpg
PIC_THUMBNAIL cache_lookup result=hit elapsed_us=3 uri=/run/media/peet/A2E00CB6E00C92A9/temp/FB-2026-Electric Fences/FB-Electric Fence 8/20260619_143519.jpg
PIC_THUMBNAIL cache_lookup result=hit elapsed_us=3 uri=/run/media/peet/A2E00CB6E00C92A9/temp/FB-2026-Electric Fences/FB-Electric Fence 8/20260619_143407.jpg
PIC_THUMBNAIL cache_lookup result=hit elapsed_us=3 uri=/run/media/peet/Data-500GB/Work-FB/FB-2026-ClearVu Door Frames/20260619_110639.jpg
PIC_THUMBNAIL cache_lookup result=hit elapsed_us=3 uri=/run/media/peet/Data-500GB/Work-FB/FB-2026-ClearVu Door Frames/20260619_110615.jpg
PIC_THUMBNAIL cache_lookup result=hit elapsed_us=3 uri=/run/media/peet/Data-500GB/Work-FB/FB-2026-ClearVu Door Frames/20260619_110607.jpg
PIC_THUMBNAIL cache_lookup result=hit elapsed_us=3 uri=/run/media/peet/A2E00CB6E00C92A9/temp/Ascencion-Day.jpg
PIC_THUMBNAIL cache_lookup result=hit elapsed_us=4 uri=/run/media/peet/Data-500GB/Work-FB/FB-2026-Coastland Sales/20260617_135243.jpg
PIC_THUMBNAIL cache_lookup result=hit elapsed_us=3 uri=/run/media/peet/Data-500GB/Work-FB/FB-2026-Coastland Sales/20260617_135227.jpg
PIC_THUMBNAIL cache_lookup result=hit elapsed_us=3 uri=/run/media/peet/Data-500GB/Work-FB/FB-2026-Coastland Sales/20260617_135216.jpg
PIC_THUMBNAIL cache_lookup result=hit elapsed_us=3 uri=/run/media/peet/Data-500GB/Work-FB/FB-2026-Coastland Sales/20260617_135151.jpg
PIC_THUMBNAIL cache_lookup result=hit elapsed_us=3 uri=/run/media/peet/Data-500GB/Work-FB/FB-2026-Coastland Sales/20260617_135127.jpg
PIC_THUMBNAIL cache_lookup result=hit elapsed_us=3 uri=/run/media/peet/Data-500GB/Work-FB/FB-2026-Coastland Sales/20260617_135120.jpg
PIC_THUMBNAIL cache_lookup result=hit elapsed_us=2 uri=/run/media/peet/Data-500GB/Work-FB/FB-2026-Coastland Sales/20260617_135103.jpg
PIC_THUMBNAIL cache_lookup result=hit elapsed_us=2 uri=/run/media/peet/Data-500GB/Work-FB/FB-2026-Coastland Sales/20260617_135037.jpg
PIC_THUMBNAIL cache_lookup result=hit elapsed_us=2 uri=/run/media/peet/Data-500GB/Work-FB/FB-2026-Coastland Sales/20260617_135028.jpg
PIC_THUMBNAIL cache_lookup result=hit elapsed_us=2 uri=/run/media/peet/Data-500GB/Work-FB/FB-2026-Coastland Sales/20260617_135023.jpg
PIC_THUMBNAIL cache_lookup result=hit elapsed_us=3 uri=/run/media/peet/Data-500GB/Work-FB/FB-2026-Coastland Sales/20260617_135003.jpg
PIC_THUMBNAIL cache_lookup result=hit elapsed_us=3 uri=/run/media/peet/Data-500GB/Work-FB/FB-2026-Coastland Sales/20260617_134958.jpg
PIC_THUMBNAIL cache_lookup result=hit elapsed_us=3 uri=/run/media/peet/Data-500GB/Work-FB/FB-2026-Coastland Sales/20260617_134952.jpg
PIC_THUMBNAIL cache_lookup result=hit elapsed_us=2 uri=/run/media/peet/A2E00CB6E00C92A9/temp/FB-2026-Electric Fences/FB-Electric Fence 1/20260528_141247.jpg
PIC_THUMBNAIL cache_lookup result=hit elapsed_us=2 uri=/run/media/peet/A2E00CB6E00C92A9/temp/FB-2026-Electric Fences/FB-Electric Fence 1/20260528_141241.jpg
PIC_THUMBNAIL cache_lookup result=hit elapsed_us=3 uri=/run/media/peet/A2E00CB6E00C92A9/temp/FB-2026-Electric Fences/FB-Electric Fence 1/20260528_141228.jpg
PIC_THUMBNAIL cache_lookup result=hit elapsed_us=3 uri=/run/media/peet/A2E00CB6E00C92A9/temp/FB-2026-Electric Fences/FB-Electric Fence 1/20260528_141220.jpg
PIC_THUMBNAIL cache_lookup result=hit elapsed_us=3 uri=/run/media/peet/A2E00CB6E00C92A9/temp/FB-2026-Electric Fences/FB-Electric Fence 1/20260528_141201.jpg
PIC_THUMBNAIL cache_lookup result=hit elapsed_us=3 uri=/run/media/peet/Data-500GB/Work-FB/FB-2026-Temp Fence/20260526_111024.jpg
PIC_THUMBNAIL cache_lookup result=hit elapsed_us=3 uri=/run/media/peet/Data-500GB/Work-FB/FB-2026-Temp Fence/20260526_111008.jpg
PIC_THUMBNAIL cache_lookup result=hit elapsed_us=2 uri=/run/media/peet/Data-500GB/Work-FB/FB-2026-Temp Fence/20260526_111000.jpg
PIC_THUMBNAIL cache_lookup result=hit elapsed_us=3 uri=/run/media/peet/Data-500GB/Work-FB/FB-2026-Temp Fence/20260526_110946.jpg
PIC_THUMBNAIL cache_lookup result=hit elapsed_us=2 uri=/run/media/peet/Data-500GB/Work-FB/FB-2026-Temp Fence/20260526_110933.jpg
PIC_THUMBNAIL cache_lookup result=hit elapsed_us=2 uri=/run/media/peet/Data-500GB/Work-FB/FB-2026-Temp Fence/20260526_110905.jpg
PIC_THUMBNAIL cache_lookup result=hit elapsed_us=3 uri=/run/media/peet/Data-500GB/Work-FB/FB-2026-Temp Fence/20260526_110840.jpg
PIC_THUMBNAIL cache_lookup result=hit elapsed_us=3 uri=/run/media/peet/Data-500GB/Work-FB/FB-2026-WIndmeuleggs/20260525_143748.jpg
PIC_THUMBNAIL cache_lookup result=hit elapsed_us=2 uri=/run/media/peet/Data-500GB/Work-FB/FB-2026-WIndmeuleggs/20260525_143738.jpg
PIC_THUMBNAIL cache_lookup result=hit elapsed_us=2 uri=/run/media/peet/Data-500GB/Work-FB/FB-2026-WIndmeuleggs/20260525_143717.jpg
PIC_THUMBNAIL cache_lookup result=hit elapsed_us=3 uri=/run/media/peet/Data-500GB/Work-FB/FB-2026-WIndmeuleggs/20260525_143656.jpg
PIC_THUMBNAIL cache_lookup result=hit elapsed_us=2 uri=/run/media/peet/Data-500GB/Work-FB/FB-2026-WIndmeuleggs/20260525_143522.jpg
PIC_THUMBNAIL cache_lookup result=hit elapsed_us=3 uri=/run/media/peet/Data-500GB/Work-FB/FB-2026-WIndmeuleggs/20260525_143505.jpg
PIC_THUMBNAIL cache_lookup result=hit elapsed_us=3 uri=/run/media/peet/Data-500GB/Work-FB/FB-2026-WIndmeuleggs/20260525_143457.jpg
PIC_THUMBNAIL cache_lookup result=hit elapsed_us=3 uri=/run/media/peet/Data-500GB/Work-FB/FB-2026-WIndmeuleggs/20260525_143446.jpg
PIC_THUMBNAIL cache_lookup result=hit elapsed_us=3 uri=/run/media/peet/Data-500GB/Work-FB/FB-2026-Coastland Sales/20260525_143107.jpg
PIC_THUMBNAIL cache_lookup result=hit elapsed_us=3 uri=/run/media/peet/Data-500GB/Work-FB/FB-2026-Coastland Sales/20260525_143039.jpg
PIC_THUMBNAIL cache_lookup result=hit elapsed_us=3 uri=/run/media/peet/Data-500GB/Work-FB/FB-2026-Coastland Sales/20260525_143010.jpg
PIC_THUMBNAIL cache_lookup result=hit elapsed_us=3 uri=/run/media/peet/Data-500GB/Work-FB/FB-2026-Coastland Sales/20260525_142953.jpg
PIC_THUMBNAIL cache_lookup result=hit elapsed_us=2 uri=/run/media/peet/Data-500GB/Work-FB/FB-2026-Coastland Sales/20260525_142931.jpg
PIC_THUMBNAIL cache_lookup result=hit elapsed_us=3 uri=/run/media/peet/Data-500GB/Work-FB/FB-2026-Coastland Sales/20260525_142919.jpg
PIC_THUMBNAIL cache_lookup result=hit elapsed_us=3 uri=/run/media/peet/Data-500GB/Work-FB/FB-2026-Coastland Sales/20260525_142814.jpg
PIC_THUMBNAIL cache_lookup result=hit elapsed_us=2 uri=/run/media/peet/Data-500GB/Work-FB/FB-2026-Coastland Sales/20260525_142800.jpg
PIC_THUMBNAIL cache_lookup result=hit elapsed_us=2 uri=/run/media/peet/Data-500GB/Work-FB/FB-2026-Coastland Sales/20260525_142748.jpg
PIC_THUMBNAIL cache_lookup result=hit elapsed_us=2 uri=/run/media/peet/Data-500GB/Work-FB/FB-2026-Coastland Sales/20260525_142740.jpg
PIC_THUMBNAIL cache_lookup result=hit elapsed_us=2 uri=/run/media/peet/Data-500GB/Work-FB/FB-2026-Coastland Sales/20260525_142729.jpg
PIC_THUMBNAIL cache_lookup result=hit elapsed_us=2 uri=/run/media/peet/Data-500GB/Work-FB/FB-2026-Coastland Sales/20260525_142724.jpg
PIC_THUMBNAIL cache_lookup result=hit elapsed_us=3 uri=/run/media/peet/Data-500GB/Work-FB/FB-2026-Quest Fuel Station/20260513_125604.jpg
PIC_THUMBNAIL cache_lookup result=hit elapsed_us=3 uri=/run/media/peet/Data-500GB/Work-FB/FB-2026-Quest Fuel Station/20260513_125546-2.jpg
PIC_THUMBNAIL cache_lookup result=hit elapsed_us=2 uri=/run/media/peet/Data-500GB/Work-FB/FB-2026-Quest Fuel Station/20260513_125546.jpg
PIC_THUMBNAIL cache_lookup result=hit elapsed_us=3 uri=/run/media/peet/Data-500GB/Work-FB/FB-2026-Quest Fuel Station/20260513_125531.jpg
PIC_THUMBNAIL cache_lookup result=hit elapsed_us=3 uri=/run/media/peet/Data-500GB/Work-FB/FB-2026-Quest Fuel Station/20260513_125521.jpg
PIC_THUMBNAIL cache_lookup result=hit elapsed_us=3 uri=/run/media/peet/Data-500GB/Work-FB/FB-2026-Quest Fuel Station/20260513_125518.jpg
PIC_THUMBNAIL cache_lookup result=hit elapsed_us=3 uri=/run/media/peet/Data-500GB/Work-FB/FB-2026-Quest Fuel Station/20260513_125456-2.jpg
PIC_THUMBNAIL cache_lookup result=hit elapsed_us=3 uri=/run/media/peet/A2E00CB6E00C92A9/temp/Plettenberg-Bay-MALL-Palisade.jpg
PIC_THUMBNAIL cache_lookup result=hit elapsed_us=3 uri=/run/media/peet/Data-500GB/Work-FB/FB-2026-George Medi Clinic/20260422_115011.jpg
PIC_THUMBNAIL cache_lookup result=hit elapsed_us=2 uri=/run/media/peet/Data-500GB/Work-FB/FB-2026-George Medi Clinic/20260422_114759.jpg
PIC_THUMBNAIL cache_lookup result=hit elapsed_us=3 uri=/run/media/peet/Data-500GB/Work-FB/FB-2026-George Medi Clinic/20260422_114719.jpg
PIC_THUMBNAIL cache_lookup result=hit elapsed_us=3 uri=/run/media/peet/Data-500GB/Work-FB/FB-2026-George Medi Clinic/20260422_114629.jpg
PIC_THUMBNAIL cache_lookup result=hit elapsed_us=2 uri=/run/media/peet/Data-500GB/Work-FB/FB-2026-George Medi Clinic/20260422_114614.jpg
PIC_THUMBNAIL cache_lookup result=hit elapsed_us=3 uri=/run/media/peet/Data-500GB/Work-FB/FB-2026-George Medi Clinic/20260422_114445.jpg
PIC_THUMBNAIL cache_lookup result=hit elapsed_us=3 uri=/run/media/peet/Data-500GB/Work-FB/FB-2026-George Medi Clinic/20260422_114407.jpg
PIC_THUMBNAIL cache_lookup result=hit elapsed_us=3 uri=/run/media/peet/Data-500GB/Work-FB/FB-2026-George Medi Clinic/20260422_114130.jpg
PIC_THUMBNAIL cache_lookup result=hit elapsed_us=3 uri=/run/media/peet/Data-500GB/Work-FB/FB-2026-George Medi Clinic/20260422_114005.jpg
PIC_THUMBNAIL cache_lookup result=hit elapsed_us=3 uri=/run/media/peet/Data-500GB/Work-FB/FB-2026-George Medi Clinic/20260422_113919.jpg
PIC_THUMBNAIL cache_lookup result=hit elapsed_us=3 uri=/run/media/peet/Data-500GB/Work-FB/FB-2026-George Medi Clinic/20260422_113909.jpg
PIC_THUMBNAIL cache_lookup result=hit elapsed_us=3 uri=/run/media/peet/Data-500GB/Work-FB/FB-2026-George Medi Clinic/20260422_113658.jpg
PIC_THUMBNAIL cache_lookup result=hit elapsed_us=2 uri=/run/media/peet/Data-500GB/Work-FB/FB-2026-George Medi Clinic/20260422_113638.jpg
PIC_THUMBNAIL cache_lookup result=hit elapsed_us=2 uri=/run/media/peet/Data-500GB/Work-FB/FB-2026-George Medi Clinic/20260422_113626.jpg
PIC_THUMBNAIL cache_lookup result=hit elapsed_us=2 uri=/run/media/peet/Data-500GB/Work-FB/FB-2026-George Medi Clinic/20260422_113541.jpg
PIC_THUMBNAIL cache_lookup result=hit elapsed_us=3 uri=/run/media/peet/Data-500GB/Work-FB/FB-2026-George Medi Clinic/20260422_113503.jpg
PIC_THUMBNAIL cache_lookup result=hit elapsed_us=2 uri=/run/media/peet/Data-500GB/Work-FB/FB-2026-George Medi Clinic/20260422_113444.jpg
PIC_THUMBNAIL cache_lookup result=hit elapsed_us=2 uri=/run/media/peet/Data-500GB/Work-FB/FB-2026-George Medi Clinic/20260422_113426.jpg
PIC_THUMBNAIL cache_lookup result=hit elapsed_us=2 uri=/run/media/peet/Data-500GB/Work-FB/FB-2026-George Medi Clinic/20260422_113321.jpg
PIC_THUMBNAIL cache_lookup result=hit elapsed_us=2 uri=/run/media/peet/Data-500GB/Work-FB/FB-2026-George Medi Clinic/20260422_113319.jpg
PIC_THUMBNAIL cache_lookup result=hit elapsed_us=2 uri=/run/media/peet/Data-500GB/Work-FB/FB-2026-Residential ClearVu/20260421_084110.jpg
PIC_THUMBNAIL cache_lookup result=hit elapsed_us=3 uri=/run/media/peet/Data-500GB/Work-FB/FB-2026-Residential ClearVu/20260421_084055.jpg
PIC_THUMBNAIL cache_lookup result=hit elapsed_us=3 uri=/run/media/peet/Data-500GB/Work-FB/FB-2026-Residential ClearVu/20260421_084031.jpg
PIC_THUMBNAIL cache_lookup result=hit elapsed_us=2 uri=/run/media/peet/Data-500GB/Work-FB/FB-2026-Plett Mall/20260326_145000.jpg
PIC_THUMBNAIL cache_lookup result=hit elapsed_us=2 uri=/run/media/peet/Data-500GB/Work-FB/FB-2026-Plett Mall/20260326_144932.jpg
PIC_THUMBNAIL cache_lookup result=hit elapsed_us=2 uri=/run/media/peet/Data-500GB/Work-FB/FB-2026-Plett Mall/20260326_144925.jpg
PIC_THUMBNAIL cache_lookup result=hit elapsed_us=3 uri=/run/media/peet/Data-500GB/Work-FB/FB-2026-Plett Mall Parking/20260326_144804-2.jpg
PIC_THUMBNAIL cache_lookup result=hit elapsed_us=2 uri=/run/media/peet/Data-500GB/Work-FB/FB-2026-Plett Mall Parking/20260326_144804.jpg
PIC_THUMBNAIL cache_lookup result=hit elapsed_us=2 uri=/run/media/peet/Data-500GB/Work-FB/FB-2026-Plett Mall/20260326_144704.jpg
PIC_THUMBNAIL cache_lookup result=hit elapsed_us=8 uri=/run/media/peet/Data-500GB/Work-FB/FB-2026-Plett Mall/20260326_144700.jpg
PIC_THUMBNAIL cache_lookup result=hit elapsed_us=3 uri=/run/media/peet/Data-500GB/Work-FB/FB-2026-Plett Mall/20260326_144651.jpg
PIC_THUMBNAIL cache_lookup result=hit elapsed_us=2 uri=/run/media/peet/Data-500GB/Work-FB/FB-2026-Plett Mall/20260326_144643.jpg
PIC_THUMBNAIL cache_lookup result=hit elapsed_us=3 uri=/run/media/peet/Data-500GB/Work-FB/FB-2026-Plett Mall Parking/20260326_144625.jpg
PIC_THUMBNAIL cache_lookup result=hit elapsed_us=2 uri=/run/media/peet/Data-500GB/Work-FB/FB-2026-Plett Mall Parking/20260326_144621.jpg
PIC_THUMBNAIL cache_lookup result=hit elapsed_us=2 uri=/run/media/peet/Data-500GB/Work-FB/FB-2026-Plett Mall/20260326_144608.jpg
PIC_THUMBNAIL cache_lookup result=hit elapsed_us=2 uri=/run/media/peet/Data-500GB/Work-FB/FB-2026-EdenPumpStation-2/20260326_121007.jpg
PIC_THUMBNAIL cache_lookup result=hit elapsed_us=2 uri=/run/media/peet/Data-500GB/Work-FB/FB-2026-EdenPumpStation-2/20260326_120946.jpg
PIC_THUMBNAIL cache_lookup result=hit elapsed_us=3 uri=/run/media/peet/Data-500GB/Work-FB/FB-2026-EdenPumpStation-2/20260326_120917.jpg
PIC_THUMBNAIL cache_lookup result=hit elapsed_us=2 uri=/run/media/peet/Data-500GB/Work-FB/FB-2026-EdenPumpStation-2/20260326_120907.jpg
PIC_THUMBNAIL cache_lookup result=hit elapsed_us=2 uri=/run/media/peet/Data-500GB/Work-FB/FB-2026-EdenPumpStation-2/20260326_120851.jpg
PIC_THUMBNAIL cache_lookup result=hit elapsed_us=3 uri=/run/media/peet/Data-500GB/Work-FB/FB-2026-EdenPumpStation-2/20260326_120830.jpg
PIC_THUMBNAIL cache_lookup result=hit elapsed_us=2 uri=/run/media/peet/A2E00CB6E00C92A9/temp/FB-2026-Electric Fences/FB-Electric Fence 2/20260319_100525.jpg
PIC_THUMBNAIL cache_lookup result=hit elapsed_us=2 uri=/run/media/peet/A2E00CB6E00C92A9/temp/FB-2026-Electric Fences/FB-Electric Fence 2/20260319_100513.jpg
PIC_THUMBNAIL cache_lookup result=hit elapsed_us=2 uri=/run/media/peet/A2E00CB6E00C92A9/temp/FB-2026-Electric Fences/FB-Electric Fence 2/20260319_100503.jpg
PIC_THUMBNAIL cache_lookup result=hit elapsed_us=2 uri=/run/media/peet/A2E00CB6E00C92A9/temp/Bee hmf creche/20260318_111737.jpg
PIC_THUMBNAIL cache_lookup result=hit elapsed_us=3 uri=/run/media/peet/Data-500GB/Work-FB/FB-2026-Creche/20260318_111737.jpg
PIC_THUMBNAIL cache_lookup result=hit elapsed_us=2 uri=/run/media/peet/A2E00CB6E00C92A9/temp/Bee hmf creche/20260318_111733.jpg
PIC_THUMBNAIL cache_lookup result=hit elapsed_us=2 uri=/run/media/peet/Data-500GB/Work-FB/FB-2026-Creche/20260318_111733.jpg
PIC_THUMBNAIL cache_lookup result=hit elapsed_us=3 uri=/run/media/peet/A2E00CB6E00C92A9/temp/Bee hmf creche/20260318_111712.jpg
PIC_THUMBNAIL cache_lookup result=hit elapsed_us=3 uri=/run/media/peet/Data-500GB/Work-FB/FB-2026-Creche/20260318_111712.jpg
PIC_THUMBNAIL cache_lookup result=hit elapsed_us=2 uri=/run/media/peet/A2E00CB6E00C92A9/temp/Bee hmf creche/20260318_111705.jpg
PIC_THUMBNAIL cache_lookup result=hit elapsed_us=3 uri=/run/media/peet/A2E00CB6E00C92A9/temp/Bee hmf creche/20260318_111533.jpg
PIC_THUMBNAIL cache_lookup result=hit elapsed_us=3 uri=/run/media/peet/Data-500GB/Work-FB/FB-2026-Creche/20260318_111533.jpg
PIC_THUMBNAIL cache_lookup result=hit elapsed_us=2 uri=/run/media/peet/A2E00CB6E00C92A9/temp/Bee hmf creche/20260318_111532.jpg
PIC_THUMBNAIL cache_lookup result=hit elapsed_us=3 uri=/run/media/peet/A2E00CB6E00C92A9/temp/Bee hmf creche/20260318_111527.jpg
PIC_THUMBNAIL cache_lookup result=hit elapsed_us=2 uri=/run/media/peet/A2E00CB6E00C92A9/temp/Bee hmf creche/20260318_111458.jpg
PIC_THUMBNAIL cache_lookup result=hit elapsed_us=2 uri=/run/media/peet/Data-500GB/Work-FB/FB-2026-Creche/20260318_111458.jpg
PIC_THUMBNAIL cache_lookup result=hit elapsed_us=2 uri=/run/media/peet/A2E00CB6E00C92A9/temp/Bee hmf creche/20260318_111452.jpg
PIC_THUMBNAIL cache_lookup result=hit elapsed_us=3 uri=/run/media/peet/A2E00CB6E00C92A9/temp/Bee hmf creche/20260318_111438.jpg
PIC_THUMBNAIL cache_lookup result=hit elapsed_us=2 uri=/run/media/peet/A2E00CB6E00C92A9/temp/Bee hmf creche/20260318_111437.jpg
PIC_THUMBNAIL cache_lookup result=hit elapsed_us=3 uri=/run/media/peet/Data-500GB/Work-FB/FB-2026-Creche/20260318_111437.jpg
PIC_THUMBNAIL cache_lookup result=hit elapsed_us=3 uri=/run/media/peet/A2E00CB6E00C92A9/temp/Bee hmf creche/20260318_111414.jpg
PIC_THUMBNAIL cache_lookup result=hit elapsed_us=2 uri=/run/media/peet/Data-500GB/Work-FB/FB-2026-Creche/20260318_111414.jpg
PIC_THUMBNAIL cache_lookup result=hit elapsed_us=2 uri=/run/media/peet/A2E00CB6E00C92A9/temp/Bee hmf creche/20260318_111413.jpg
PIC_THUMBNAIL cache_lookup result=hit elapsed_us=2 uri=/run/media/peet/Data-500GB/Work-FB/FB-2026-Creche/20260318_111413.jpg
PIC_THUMBNAIL cache_lookup result=hit elapsed_us=3 uri=/run/media/peet/A2E00CB6E00C92A9/temp/Bee hmf creche/20260318_111412.jpg
PIC_THUMBNAIL cache_lookup result=hit elapsed_us=3 uri=/run/media/peet/A2E00CB6E00C92A9/temp/Bee hmf creche/20260318_111355.jpg
PIC_THUMBNAIL cache_lookup result=hit elapsed_us=3 uri=/run/media/peet/A2E00CB6E00C92A9/temp/Bee hmf creche/20260318_111354.jpg
PIC_THUMBNAIL cache_lookup result=hit elapsed_us=2 uri=/run/media/peet/A2E00CB6E00C92A9/temp/Bee hmf creche/20260318_111350.jpg
PIC_THUMBNAIL cache_lookup result=hit elapsed_us=2 uri=/run/media/peet/A2E00CB6E00C92A9/temp/Bee hmf creche/20260318_111347.jpg
PIC_THUMBNAIL cache_lookup result=hit elapsed_us=3 uri=/run/media/peet/Data-500GB/Work-FB/FB-2026-Creche/20260318_111347.jpg
PIC_THUMBNAIL cache_lookup result=hit elapsed_us=3 uri=/run/media/peet/Data-500GB/Work-FB/FB-2025-Meerkat Aug 2025/IMG-20250804-WA0044.jpg
PIC_THUMBNAIL cache_lookup result=hit elapsed_us=3 uri=/run/media/peet/Data-500GB/Work-FB/FB-2026-The Padel Centre/20260312_160039.jpg
PIC_THUMBNAIL cache_lookup result=hit elapsed_us=2 uri=/run/media/peet/Data-500GB/Work-FB/FB-2026-The Padel Centre/20260312_160024.jpg
PIC_THUMBNAIL cache_lookup result=hit elapsed_us=2 uri=/run/media/peet/Data-500GB/Work-FB/FB-2026-The Padel Centre/20260312_160011.jpg
PIC_THUMBNAIL cache_lookup result=hit elapsed_us=2 uri=/run/media/peet/Data-500GB/Work-FB/FB-2026-The Padel Centre/20260312_160000.jpg
PIC_THUMBNAIL cache_lookup result=hit elapsed_us=3 uri=/run/media/peet/Data-500GB/Work-FB/FB-2026-The Padel Centre/20260312_155953.jpg
PIC_THUMBNAIL cache_lookup result=hit elapsed_us=2 uri=/run/media/peet/Data-500GB/Work-FB/FB-2026-The Padel Centre/20260312_155942.jpg
PIC_THUMBNAIL cache_lookup result=hit elapsed_us=3 uri=/run/media/peet/Data-500GB/Work-FB/FB-2026-The Padel Centre/20260312_155925.jpg
PIC_THUMBNAIL cache_lookup result=hit elapsed_us=2 uri=/run/media/peet/Data-500GB/Work-FB/FB-2026-Electric Fencing/20260312_151427.jpg
PIC_THUMBNAIL cache_lookup result=hit elapsed_us=2 uri=/run/media/peet/Data-500GB/Work-FB/FB-2026-Electric Fencing/20260312_150827.jpg
PIC_THUMBNAIL cache_lookup result=hit elapsed_us=3 uri=/run/media/peet/Data-500GB/Work-FB/FB-2026-Electric Fencing/20260312_150812.jpg
PIC_THUMBNAIL cache_lookup result=hit elapsed_us=3 uri=/run/media/peet/Data-500GB/Work-FB/FB-2026-Electric Fencing/20260312_150803.jpg
PIC_THUMBNAIL cache_lookup result=hit elapsed_us=3 uri=/run/media/peet/Data-500GB/Work-FB/FB-2026-Electric Fencing/20260312_145726.jpg
PIC_THUMBNAIL cache_lookup result=hit elapsed_us=3 uri=/run/media/peet/Data-500GB/Work-FB/FB-2026-Electric Fencing/20260312_145220.jpg
PIC_THUMBNAIL cache_lookup result=hit elapsed_us=3 uri=/run/media/peet/Data-500GB/Work-FB/FB-2026-Electric Fencing/20260312_145215-2.jpg
PIC_THUMBNAIL cache_lookup result=hit elapsed_us=3 uri=/run/media/peet/Data-500GB/Work-FB/FB-2026-Electric Fencing/20260312_145215.jpg
PIC_THUMBNAIL cache_lookup result=hit elapsed_us=2 uri=/run/media/peet/A2E00CB6E00C92A9/temp/FB-2026-WIP/20260312_125445.jpg
PIC_THUMBNAIL cache_lookup result=hit elapsed_us=3 uri=/run/media/peet/A2E00CB6E00C92A9/temp/FB-2026-WIP/20260312_125434.jpg
PIC_THUMBNAIL cache_lookup result=hit elapsed_us=2 uri=/run/media/peet/A2E00CB6E00C92A9/temp/FB-2026-WIP/20260226_134206.jpg
PIC_THUMBNAIL cache_lookup result=hit elapsed_us=3 uri=/run/media/peet/A2E00CB6E00C92A9/temp/FB-2026-WIP/20260226_133752.jpg
PIC_THUMBNAIL cache_lookup result=hit elapsed_us=3 uri=/run/media/peet/A2E00CB6E00C92A9/temp/FB-2026-WIP/20260226_132113.jpg
PIC_THUMBNAIL cache_lookup result=hit elapsed_us=2 uri=/run/media/peet/A2E00CB6E00C92A9/temp/FB-2026-WIP/20260226_132100.jpg
PIC_THUMBNAIL cache_lookup result=hit elapsed_us=2 uri=/run/media/peet/A2E00CB6E00C92A9/temp/FB-2026-Electric Fences/FB-Electric Fence 3/20260212_105555.jpg
PIC_THUMBNAIL cache_lookup result=hit elapsed_us=3 uri=/run/media/peet/A2E00CB6E00C92A9/temp/FB-2026-Electric Fences/FB-Electric Fence 3/20260212_105539.jpg
PIC_THUMBNAIL cache_lookup result=hit elapsed_us=3 uri=/run/media/peet/A2E00CB6E00C92A9/temp/FB-2026-Electric Fences/FB-Electric Fence 3/20260212_105521.jpg
PIC_THUMBNAIL cache_lookup result=hit elapsed_us=3 uri=/run/media/peet/Data-500GB/Work-FB/FB-2026-Eden Pump Station/20260204_133204.jpg
PIC_THUMBNAIL cache_lookup result=hit elapsed_us=3 uri=/run/media/peet/Data-500GB/Work-FB/FB-2026-Eden Pump Station/20260204_133124.jpg
PIC_THUMBNAIL cache_lookup result=hit elapsed_us=3 uri=/run/media/peet/Data-500GB/Work-FB/FB-2026-Eden Pump Station/20260204_133114.jpg
PIC_THUMBNAIL cache_lookup result=hit elapsed_us=2 uri=/run/media/peet/Data-500GB/Work-FB/FB-2026-Eden Pump Station/20260204_133040.jpg
PIC_THUMBNAIL cache_lookup result=hit elapsed_us=2 uri=/run/media/peet/Data-500GB/Work-FB/FB-2026-Eden Pump Station/20260204_133016.jpg
PIC_THUMBNAIL cache_lookup result=hit elapsed_us=3 uri=/run/media/peet/Data-500GB/Work-FB/FB-2026-Eden Pump Station/20260204_133007.jpg
PIC_THUMBNAIL cache_lookup result=hit elapsed_us=2 uri=/run/media/peet/Data-500GB/Work-FB/FB-2026-Eden Pump Station/20260204_132852.jpg
PIC_THUMBNAIL cache_lookup result=hit elapsed_us=2 uri=/run/media/peet/Data-500GB/Work-FB/FB-2026-Eden Pump Station/20260204_132832.jpg
PIC_THUMBNAIL cache_lookup result=hit elapsed_us=2 uri=/run/media/peet/Data-500GB/Work-FB/FB-2026-Eden Pump Station/20260204_132819.jpg
PIC_THUMBNAIL cache_lookup result=hit elapsed_us=3 uri=/run/media/peet/Data-500GB/Work-FB/FB-2026-Eden Pump Station/20260204_132742.jpg
PIC_THUMBNAIL cache_lookup result=hit elapsed_us=2 uri=/run/media/peet/Data-500GB/Work-FB/FB-2026-Eden Pump Station/20260204_132728.jpg
PIC_THUMBNAIL cache_lookup result=hit elapsed_us=3 uri=/run/media/peet/Data-500GB/Work-FB/FB-2026-Eden Pump Station/20260204_132654.jpg
PIC_THUMBNAIL cache_lookup result=hit elapsed_us=2 uri=/run/media/peet/Data-500GB/Work-FB/FB-2026-Eden Pump Station/20260204_132645.jpg
PIC_THUMBNAIL cache_lookup result=hit elapsed_us=3 uri=/run/media/peet/Data-500GB/Work-FB/FB-2026-Eden Pump Station/20260204_132625.jpg
PIC_THUMBNAIL cache_lookup result=hit elapsed_us=2 uri=/run/media/peet/A2E00CB6E00C92A9/temp/Bee hmf creche/20260129_163759.jpg
PIC_THUMBNAIL cache_lookup result=hit elapsed_us=3 uri=/run/media/peet/Data-500GB/Work-FB/FB-2026-Creche/20260129_163759.jpg
PIC_THUMBNAIL cache_lookup result=hit elapsed_us=2 uri=/run/media/peet/A2E00CB6E00C92A9/temp/Bee hmf creche/20260129_163716.jpg
PIC_THUMBNAIL cache_lookup result=hit elapsed_us=2 uri=/run/media/peet/Data-500GB/Work-FB/FB-2026-Creche/20260129_163716.jpg
PIC_THUMBNAIL cache_lookup result=hit elapsed_us=3 uri=/run/media/peet/A2E00CB6E00C92A9/temp/Bee hmf creche/20260129_163707.jpg
PIC_THUMBNAIL cache_lookup result=hit elapsed_us=2 uri=/run/media/peet/Data-500GB/Work-FB/FB-2026-Creche/20260129_163707.jpg
PIC_THUMBNAIL cache_lookup result=hit elapsed_us=2 uri=/run/media/peet/A2E00CB6E00C92A9/temp/Bee hmf creche/20260129_163657.jpg
PIC_THUMBNAIL cache_lookup result=hit elapsed_us=3 uri=/run/media/peet/Data-500GB/Work-FB/FB-2026-Creche/20260129_163657.jpg
PIC_THUMBNAIL cache_lookup result=hit elapsed_us=3 uri=/run/media/peet/A2E00CB6E00C92A9/temp/Bee hmf creche/20260129_163641.jpg
PIC_THUMBNAIL cache_lookup result=hit elapsed_us=2 uri=/run/media/peet/A2E00CB6E00C92A9/temp/Bee hmf creche/20260129_163640.jpg
PIC_THUMBNAIL cache_lookup result=hit elapsed_us=2 uri=/run/media/peet/Data-500GB/Work-FB/FB-2026-Creche/20260129_163640.jpg
PIC_THUMBNAIL cache_lookup result=hit elapsed_us=2 uri=/run/media/peet/A2E00CB6E00C92A9/temp/FB-2026-Electric Fences/FB-Electric Fence 4/20260128_144753.jpg
PIC_THUMBNAIL cache_lookup result=hit elapsed_us=2 uri=/run/media/peet/A2E00CB6E00C92A9/temp/FB-2026-Electric Fences/FB-Electric Fence 4/20260128_144726.jpg
PIC_THUMBNAIL cache_lookup result=hit elapsed_us=2 uri=/run/media/peet/A2E00CB6E00C92A9/temp/FB-2026-Electric Fences/FB-Electric Fence 4/20260128_144702.jpg
PIC_THUMBNAIL cache_lookup result=hit elapsed_us=3 uri=/run/media/peet/A2E00CB6E00C92A9/temp/FB-2026-Electric Fences/FB-Electric Fence 4/20260128_144648.jpg
PIC_THUMBNAIL cache_lookup result=hit elapsed_us=3 uri=/run/media/peet/A2E00CB6E00C92A9/temp/FB-2026-Electric Fences/FB-Electric Fence 4/20260128_144609.jpg
PIC_THUMBNAIL cache_lookup result=hit elapsed_us=2 uri=/run/media/peet/A2E00CB6E00C92A9/temp/FB-2026-Electric Fences/FB-Electric Fence 4/20260128_144602.jpg
PIC_THUMBNAIL cache_lookup result=hit elapsed_us=2 uri=/run/media/peet/Data-500GB/Work-FB/FB-2026-The Market Square/20260123_123120.jpg
PIC_THUMBNAIL cache_lookup result=hit elapsed_us=3 uri=/run/media/peet/Data-500GB/Work-FB/FB-2026-The Market Square/20260123_123020.jpg
PIC_THUMBNAIL cache_lookup result=hit elapsed_us=3 uri=/run/media/peet/Data-500GB/Work-FB/FB-2026-The Market Square/20260123_122901.jpg
PIC_THUMBNAIL cache_lookup result=hit elapsed_us=3 uri=/run/media/peet/Data-500GB/Work-FB/FB-2026-The Market Square/20260123_122719.jpg
PIC_THUMBNAIL cache_lookup result=hit elapsed_us=3 uri=/run/media/peet/Data-500GB/Work-FB/FB-2026-The Market Square/20260123_122620.jpg
PIC_THUMBNAIL cache_lookup result=hit elapsed_us=2 uri=/run/media/peet/Data-500GB/Work-FB/FB-2026-The Market Square/20260123_122558.jpg
PIC_THUMBNAIL cache_lookup result=hit elapsed_us=2 uri=/run/media/peet/Data-500GB/Work-FB/FB-2026-The Market Square/20260123_122527.jpg
PIC_THUMBNAIL cache_lookup result=hit elapsed_us=3 uri=/run/media/peet/Data-500GB/Work-FB/FB-2026-The Market Square/20260123_122507.jpg
PIC_THUMBNAIL cache_lookup result=hit elapsed_us=3 uri=/run/media/peet/Data-500GB/Work-FB/FB-2026-The Market Square/20260123_122402.jpg
PIC_THUMBNAIL cache_lookup result=hit elapsed_us=3 uri=/run/media/peet/Data-500GB/Work-FB/FB-2026-The Market Square/20260123_122309.jpg
PIC_THUMBNAIL cache_lookup result=hit elapsed_us=3 uri=/run/media/peet/Data-500GB/Work-FB/FB-2026-The Market Square/20260123_122159.jpg
PIC_THUMBNAIL cache_lookup result=hit elapsed_us=3 uri=/run/media/peet/Data-500GB/Work-FB/FB-2026-The Market Square/20260123_122126.jpg
PIC_THUMBNAIL cache_lookup result=hit elapsed_us=3 uri=/run/media/peet/Data-500GB/Work-FB/FB-2026-The Market Square/20260123_122105.jpg
PIC_THUMBNAIL cache_lookup result=hit elapsed_us=3 uri=/run/media/peet/Data-500GB/Work-FB/FB-2026-The Market Square/20260123_122027.jpg
PIC_THUMBNAIL cache_lookup result=hit elapsed_us=2 uri=/run/media/peet/Data-500GB/Work-FB/FB-2026-The Market Square/20260123_122015.jpg
PIC_THUMBNAIL cache_lookup result=hit elapsed_us=3 uri=/run/media/peet/Data-500GB/Work-FB/FB-2026-The Market Square/20260123_121938.jpg
PIC_THUMBNAIL cache_lookup result=hit elapsed_us=3 uri=/run/media/peet/Data-500GB/Work-FB/FB-2026-The Market Square/20260123_121853.jpg
PIC_THUMBNAIL cache_lookup result=hit elapsed_us=3 uri=/run/media/peet/Data-500GB/Work-FB/FB-2026-The Market Square/20260123_121829.jpg
PIC_THUMBNAIL cache_lookup result=hit elapsed_us=3 uri=/run/media/peet/Data-500GB/Work-FB/FB-2026-The Market Square/20260123_121809.jpg
PIC_THUMBNAIL cache_lookup result=hit elapsed_us=2 uri=/run/media/peet/Data-500GB/Work-FB/FB-2026-The Market Square/20260123_121805.jpg
PIC_THUMBNAIL cache_lookup result=hit elapsed_us=2 uri=/run/media/peet/Data-500GB/Work-FB/FB-2026-The Market Square/20260123_121739.jpg
PIC_THUMBNAIL cache_lookup result=hit elapsed_us=3 uri=/run/media/peet/Data-500GB/Work-FB/FB-2026-The Market Square/20260123_121726.jpg
PIC_THUMBNAIL cache_lookup result=hit elapsed_us=3 uri=/run/media/peet/Data-500GB/Work-FB/FB-2026-The Market Square/20260123_121718.jpg
PIC_THUMBNAIL cache_lookup result=hit elapsed_us=3 uri=/run/media/peet/Data-500GB/Work-FB/FB-2026-The Market Square/20260123_121647.jpg
PIC_THUMBNAIL cache_lookup result=hit elapsed_us=3 uri=/run/media/peet/Data-500GB/Work-FB/FB-2026-The Market Square/20260123_121630.jpg
PIC_THUMBNAIL cache_lookup result=hit elapsed_us=2 uri=/run/media/peet/A2E00CB6E00C92A9/temp/FB-Covers/20260122_141657-2.jpg
PIC_THUMBNAIL cache_lookup result=hit elapsed_us=2 uri=/run/media/peet/Data-500GB/Work-FB/FB-2026-Eden Pump Station/20260122_141657.jpg
PIC_THUMBNAIL cache_lookup result=hit elapsed_us=2 uri=/run/media/peet/A2E00CB6E00C92A9/temp/FB-2026-Electric Fences/FB-Electric Fence 5-Value Park/20260121_151309.jpg
PIC_THUMBNAIL cache_lookup result=hit elapsed_us=2 uri=/run/media/peet/A2E00CB6E00C92A9/temp/FB-2026-Electric Fences/FB-Electric Fence 5-Value Park/20260121_151257.jpg
PIC_THUMBNAIL cache_lookup result=hit elapsed_us=3 uri=/run/media/peet/A2E00CB6E00C92A9/temp/FB-2026-Electric Fences/FB-Electric Fence 5-Value Park/20260121_150950.jpg
PIC_THUMBNAIL cache_lookup result=hit elapsed_us=3 uri=/run/media/peet/A2E00CB6E00C92A9/temp/FB-2026-Electric Fences/FB-Electric Fence 5-Value Park/20260121_150940.jpg
PIC_THUMBNAIL cache_lookup result=hit elapsed_us=2 uri=/run/media/peet/A2E00CB6E00C92A9/temp/FB-2026-Electric Fences/FB-Electric Fence 5-Value Park/20260121_150937.jpg
PIC_THUMBNAIL cache_lookup result=hit elapsed_us=3 uri=/run/media/peet/A2E00CB6E00C92A9/temp/FB-2026-Electric Fences/FB-Electric Fence 5-Value Park/20260121_150928.jpg
PIC_THUMBNAIL cache_lookup result=hit elapsed_us=2 uri=/run/media/peet/Data-500GB/Work-FB/FB-2025-Courier Guys/20251203_115429.jpg
PIC_THUMBNAIL cache_lookup result=hit elapsed_us=2 uri=/run/media/peet/Data-500GB/Work-FB/FB-2025-Courier Guys/20251203_115348.jpg
PIC_THUMBNAIL cache_lookup result=hit elapsed_us=2 uri=/run/media/peet/Data-500GB/Work-FB/FB-2025-Courier Guys/20251203_115338.jpg
PIC_THUMBNAIL cache_lookup result=hit elapsed_us=2 uri=/run/media/peet/Data-500GB/Work-FB/FB-2025-Courier Guys/20251203_115327-3.jpg
PIC_THUMBNAIL cache_lookup result=hit elapsed_us=2 uri=/run/media/peet/Data-500GB/Work-FB/FB-2025-Courier Guys/20251203_115327.jpg
PIC_THUMBNAIL cache_lookup result=hit elapsed_us=3 uri=/run/media/peet/Data-500GB/Work-FB/FB-2025-Courier Guys/20251203_115301.jpg
PIC_THUMBNAIL cache_lookup result=hit elapsed_us=3 uri=/run/media/peet/Data-500GB/Work-FB/FB-2025-Courier Guys/20251203_115228.jpg
PIC_THUMBNAIL cache_lookup result=hit elapsed_us=3 uri=/run/media/peet/Data-500GB/Work-FB/FB-2025-Courier Guys/20251203_115142.jpg
PIC_THUMBNAIL cache_lookup result=hit elapsed_us=3 uri=/run/media/peet/Data-500GB/Work-FB/FB-2025-Courier Guys/20251203_115140.jpg
PIC_THUMBNAIL cache_lookup result=hit elapsed_us=3 uri=/run/media/peet/Data-500GB/Work-FB/FB-2025-Courier Guys/20251203_115018.jpg
PIC_THUMBNAIL cache_lookup result=hit elapsed_us=3 uri=/run/media/peet/Data-500GB/Work-FB/FB-2025-Courier Guys/20251203_114932.jpg
PIC_THUMBNAIL cache_lookup result=hit elapsed_us=3 uri=/run/media/peet/Data-500GB/Work-FB/FB-2025-Courier Guys/20251203_114853.jpg
PIC_THUMBNAIL cache_lookup result=hit elapsed_us=3 uri=/run/media/peet/Data-500GB/Work-FB/FB-2025-Courier Guys/20251203_114830.jpg
PIC_THUMBNAIL cache_lookup result=hit elapsed_us=3 uri=/run/media/peet/Data-500GB/Work-FB/FB-2025-Courier Guys/20251203_114658.jpg
PIC_THUMBNAIL cache_lookup result=hit elapsed_us=2 uri=/run/media/peet/Data-500GB/Work-FB/FB-2025-Courier Guys/20251203_114544.jpg
PIC_THUMBNAIL cache_lookup result=hit elapsed_us=2 uri=/run/media/peet/Data-500GB/Work-FB/FB-2025-Courier Guys/20251203_114538.jpg
PIC_THUMBNAIL cache_lookup result=hit elapsed_us=2 uri=/run/media/peet/Data-500GB/Work-FB/FB-2025-Courier Guys/20251203_114504.jpg
PIC_THUMBNAIL cache_lookup result=hit elapsed_us=3 uri=/run/media/peet/Data-500GB/Work-FB/FB-2025-Courier Guys/20251203_114455.jpg
PIC_THUMBNAIL cache_lookup result=hit elapsed_us=3 uri=/run/media/peet/Data-500GB/Work-FB/FB-2025-Courier Guys/20251203_114432.jpg
PIC_THUMBNAIL cache_lookup result=hit elapsed_us=2 uri=/run/media/peet/Data-500GB/Work-FB/FB-2025-Courier Guys/20251203_114404.jpg
PIC_THUMBNAIL cache_lookup result=hit elapsed_us=3 uri=/run/media/peet/Data-500GB/Work-FB/FB-2025-Courier Guys/20251203_114401.jpg
PIC_THUMBNAIL cache_lookup result=hit elapsed_us=3 uri=/run/media/peet/Data-500GB/Work-FB/FB-2025-Courier Guys/20251203_114348.jpg
PIC_THUMBNAIL cache_lookup result=hit elapsed_us=3 uri=/run/media/peet/Data-500GB/Work-FB/FB-2025-Spar/20251203_111937.jpg
PIC_THUMBNAIL cache_lookup result=hit elapsed_us=3 uri=/run/media/peet/Data-500GB/Work-FB/FB-2025-Spar/20251203_111915.jpg
PIC_THUMBNAIL cache_lookup result=hit elapsed_us=3 uri=/run/media/peet/Data-500GB/Work-FB/FB-2025-Spar/20251203_111900.jpg
PIC_THUMBNAIL cache_lookup result=hit elapsed_us=2 uri=/run/media/peet/Data-500GB/Work-FB/FB-2025-Spar/20251203_111842.jpg
PIC_THUMBNAIL cache_lookup result=hit elapsed_us=2 uri=/run/media/peet/Data-500GB/Work-FB/FB-2025-Spar/20251203_111819.jpg
PIC_THUMBNAIL cache_lookup result=hit elapsed_us=2 uri=/run/media/peet/Data-500GB/Work-FB/FB-2025-Spar/20251203_111808.jpg
PIC_THUMBNAIL cache_lookup result=hit elapsed_us=3 uri=/run/media/peet/Data-500GB/Work-FB/FB-2025-Spar/20251203_111759.jpg
PIC_THUMBNAIL cache_lookup result=hit elapsed_us=3 uri=/run/media/peet/Data-500GB/Work-FB/FB-2025-Spar/20251203_111737-2.jpg
PIC_THUMBNAIL cache_lookup result=hit elapsed_us=3 uri=/run/media/peet/Data-500GB/Work-FB/FB-2025-Spar/20251203_111729.jpg
PIC_THUMBNAIL cache_lookup result=hit elapsed_us=3 uri=/run/media/peet/Data-500GB/Work-FB/FB-2025-PE Golf Club/20251129_112110.jpg
PIC_THUMBNAIL cache_lookup result=hit elapsed_us=3 uri=/run/media/peet/Data-500GB/Work-FB/FB-2025-PE Golf Club/20251129_104507.jpg
PIC_THUMBNAIL cache_lookup result=hit elapsed_us=3 uri=/run/media/peet/Data-500GB/Work-FB/FB-2025-PE Golf Club/20251129_104422.jpg
PIC_THUMBNAIL cache_lookup result=hit elapsed_us=2 uri=/run/media/peet/Data-500GB/Work-FB/FB-2025-PE Golf Club/20251129_104412.jpg
PIC_THUMBNAIL cache_lookup result=hit elapsed_us=3 uri=/run/media/peet/Data-500GB/Work-FB/FB-2025-PE Golf Club/20251129_104402.jpg
PIC_THUMBNAIL cache_lookup result=hit elapsed_us=2 uri=/run/media/peet/Data-500GB/Work-FB/FB-2025-PE Golf Club/20251129_104354.jpg
PIC_THUMBNAIL cache_lookup result=hit elapsed_us=3 uri=/run/media/peet/Data-500GB/Work-FB/FB-2025-PE Golf Club/20251129_104349.jpg
PIC_THUMBNAIL cache_lookup result=hit elapsed_us=3 uri=/run/media/peet/Data-500GB/Work-FB/FB-2025-PE Golf Club/20251129_104330.jpg
PIC_THUMBNAIL cache_lookup result=hit elapsed_us=2 uri=/run/media/peet/Data-500GB/Work-FB/FB-2025-PE Golf Club/20251129_104320.jpg
PIC_THUMBNAIL cache_lookup result=hit elapsed_us=3 uri=/run/media/peet/Data-500GB/Work-FB/FB-2025-PE Golf Club/20251129_104315.jpg
PIC_THUMBNAIL cache_lookup result=hit elapsed_us=2 uri=/run/media/peet/Data-500GB/Work-FB/FB-2025-PE Golf Club/20251129_103546.jpg
PIC_THUMBNAIL cache_lookup result=hit elapsed_us=3 uri=/run/media/peet/Data-500GB/Work-FB/FB-2025-PE Golf Club/20251129_103517.jpg
PIC_THUMBNAIL cache_lookup result=hit elapsed_us=3 uri=/run/media/peet/Data-500GB/Work-FB/FB-2025-PE Golf Club/20251129_103510.jpg
PIC_THUMBNAIL cache_lookup result=hit elapsed_us=2 uri=/run/media/peet/Data-500GB/Work-FB/FB-2025-PE Golf Club/20251129_103502.jpg
PIC_THUMBNAIL cache_lookup result=hit elapsed_us=2 uri=/run/media/peet/Data-500GB/Work-FB/FB-2025-PE Golf Club/20251129_103436.jpg
PIC_THUMBNAIL cache_lookup result=hit elapsed_us=2 uri=/run/media/peet/Data-500GB/Work-FB/FB-2025-PE Golf Club/20251129_103412.jpg
PIC_THUMBNAIL cache_lookup result=hit elapsed_us=2 uri=/run/media/peet/Data-500GB/Work-FB/FB-2025-PE Golf Club/20251129_103403.jpg
PIC_THUMBNAIL cache_lookup result=hit elapsed_us=3 uri=/run/media/peet/Data-500GB/Work-FB/FB-2025-PE Golf Club/20251129_103030.jpg
PIC_THUMBNAIL cache_lookup result=hit elapsed_us=2 uri=/run/media/peet/Data-500GB/Work-FB/FB-2025-PE Golf Club/20251129_102826.jpg
PIC_THUMBNAIL cache_lookup result=hit elapsed_us=2 uri=/run/media/peet/Data-500GB/Work-FB/FB-2025-PE Golf Club/20251129_102821.jpg
PIC_THUMBNAIL cache_lookup result=hit elapsed_us=2 uri=/run/media/peet/Data-500GB/Work-FB/FB-2025-PE Golf Club/20251129_102802.jpg
PIC_THUMBNAIL cache_lookup result=hit elapsed_us=2 uri=/run/media/peet/Data-500GB/Work-FB/FB-2025-PE Golf Club/20251129_102745.jpg
PIC_THUMBNAIL cache_lookup result=hit elapsed_us=3 uri=/run/media/peet/Data-500GB/Work-FB/FB-2025-PE Golf Club/20251129_102601.jpg
PIC_THUMBNAIL cache_lookup result=hit elapsed_us=3 uri=/run/media/peet/Data-500GB/Work-FB/FB-2025-PE Golf Club/20251129_102401.jpg
PIC_THUMBNAIL cache_lookup result=hit elapsed_us=3 uri=/run/media/peet/Data-500GB/Work-FB/FB-2025-PE Golf Club/20251129_102358.jpg
PIC_THUMBNAIL cache_lookup result=hit elapsed_us=3 uri=/run/media/peet/Data-500GB/Work-FB/FB-2025-PE Golf Club/20251129_102348(0).jpg
PIC_THUMBNAIL cache_lookup result=hit elapsed_us=3 uri=/run/media/peet/Data-500GB/Work-FB/FB-2025-PE Golf Club/20251129_102348.jpg
PIC_THUMBNAIL cache_lookup result=hit elapsed_us=3 uri=/run/media/peet/Data-500GB/Work-FB/FB-2025-PE Golf Club/20251129_102337.jpg
PIC_THUMBNAIL cache_lookup result=hit elapsed_us=3 uri=/run/media/peet/Data-500GB/Work-FB/FB-2025-PE Golf Club/20251129_102336.jpg
PIC_THUMBNAIL cache_lookup result=hit elapsed_us=3 uri=/run/media/peet/Data-500GB/Work-FB/FB-2025-PE Golf Club/20251129_102322.jpg
PIC_THUMBNAIL cache_lookup result=hit elapsed_us=3 uri=/run/media/peet/Data-500GB/Work-FB/FB-2025-PE Golf Club/20251129_102319.jpg
PIC_THUMBNAIL cache_lookup result=hit elapsed_us=3 uri=/run/media/peet/Data-500GB/Work-FB/FB-2025-PE Golf Club/20251129_102317.jpg
PIC_THUMBNAIL cache_lookup result=hit elapsed_us=3 uri=/run/media/peet/Data-500GB/Work-FB/FB-2025-WC-ClearVu Gates/20251127_152500.jpg
PIC_THUMBNAIL cache_lookup result=hit elapsed_us=3 uri=/run/media/peet/Data-500GB/Work-FB/FB-2025-WC-ClearVu Gates/20251127_150423.jpg
PIC_THUMBNAIL cache_lookup result=hit elapsed_us=3 uri=/run/media/peet/Data-500GB/Work-FB/FB-2025-WC-ClearVu Gates/20251127_150401.jpg
PIC_THUMBNAIL cache_lookup result=hit elapsed_us=2 uri=/run/media/peet/Data-500GB/Work-FB/FB-2025-WC-ClearVu Gates/20251127_150353.jpg
PIC_THUMBNAIL cache_lookup result=hit elapsed_us=2 uri=/run/media/peet/Data-500GB/Work-FB/FB-2026-WC-Seahorse-Apartments/20251127_135841.jpg
PIC_THUMBNAIL cache_lookup result=hit elapsed_us=3 uri=/run/media/peet/Data-500GB/Work-FB/FB-2026-WC-Seahorse-Apartments/20251127_135834.jpg
PIC_THUMBNAIL cache_lookup result=hit elapsed_us=3 uri=/run/media/peet/Data-500GB/Work-FB/FB-2026-WC-Seahorse-Apartments/20251127_135801.jpg
PIC_THUMBNAIL cache_lookup result=hit elapsed_us=3 uri=/run/media/peet/Data-500GB/Work-FB/FB-2026-WC-Seahorse-Apartments/20251127_135757.jpg
PIC_THUMBNAIL cache_lookup result=hit elapsed_us=3 uri=/run/media/peet/Data-500GB/Work-FB/FB-2026-WC-Seahorse-Apartments/20251127_135747.jpg
PIC_THUMBNAIL cache_lookup result=hit elapsed_us=2 uri=/run/media/peet/Data-500GB/Work-FB/FB-2026-WC-Seahorse-Apartments/20251127_135736.jpg
PIC_THUMBNAIL cache_lookup result=hit elapsed_us=2 uri=/run/media/peet/Data-500GB/Work-FB/FB-2026-WC-Seahorse-Apartments/20251127_135647.jpg
PIC_THUMBNAIL cache_lookup result=hit elapsed_us=2 uri=/run/media/peet/Data-500GB/Work-FB/FB-2026-WC-Seahorse-Apartments/20251127_135642.jpg
PIC_THUMBNAIL cache_lookup result=hit elapsed_us=3 uri=/run/media/peet/Data-500GB/Work-FB/FB-2026-WC-Seahorse-Apartments/20251127_135627.jpg
PIC_THUMBNAIL cache_lookup result=hit elapsed_us=2 uri=/run/media/peet/Data-500GB/Work-FB/FB-2026-1 on York/20251127_095422.jpg
PIC_THUMBNAIL cache_lookup result=hit elapsed_us=2 uri=/run/media/peet/Data-500GB/Work-FB/FB-2026-1 on York/20251127_095414.jpg
PIC_THUMBNAIL cache_lookup result=hit elapsed_us=3 uri=/run/media/peet/Data-500GB/Work-FB/FB-2026-1 on York/20251127_095311.jpg
PIC_THUMBNAIL cache_lookup result=hit elapsed_us=3 uri=/run/media/peet/Data-500GB/Work-FB/FB-2026-1 on York/20251127_095307.jpg
PIC_THUMBNAIL cache_lookup result=hit elapsed_us=3 uri=/run/media/peet/Data-500GB/Work-FB/FB-2026-1 on York/20251127_095141.jpg
PIC_THUMBNAIL cache_lookup result=hit elapsed_us=2 uri=/run/media/peet/Data-500GB/Work-FB/FB-2026-1 on York/20251127_095137.jpg
PIC_THUMBNAIL cache_lookup result=hit elapsed_us=2 uri=/run/media/peet/Data-500GB/Work-FB/FB-2026-1 on York/20251127_095111.jpg
PIC_THUMBNAIL cache_lookup result=hit elapsed_us=2 uri=/run/media/peet/Data-500GB/Work-FB/FB-2026-1 on York/20251127_095107.jpg
PIC_THUMBNAIL cache_lookup result=hit elapsed_us=3 uri=/run/media/peet/Data-500GB/Work-FB/FB-2026-1 on York/20251127_095058.jpg
PIC_THUMBNAIL cache_lookup result=hit elapsed_us=3 uri=/run/media/peet/Data-500GB/Work-FB/FB-2026-1 on York/20251127_095054.jpg
PIC_THUMBNAIL cache_lookup result=hit elapsed_us=3 uri=/run/media/peet/Data-500GB/Work-FB/FB-2026-WC-Water Purification Plant/20251126_141154.jpg
PIC_THUMBNAIL cache_lookup result=hit elapsed_us=2 uri=/run/media/peet/Data-500GB/Work-FB/FB-2026-WC-Water Purification Plant/20251126_141145.jpg
PIC_THUMBNAIL cache_lookup result=hit elapsed_us=2 uri=/run/media/peet/Data-500GB/Work-FB/FB-2026-WC-Water Purification Plant/20251126_141053.jpg
PIC_THUMBNAIL cache_lookup result=hit elapsed_us=3 uri=/run/media/peet/Data-500GB/Work-FB/FB-2026-WC-Water Purification Plant/20251126_141037.jpg
PIC_THUMBNAIL cache_lookup result=hit elapsed_us=3 uri=/run/media/peet/Data-500GB/Work-FB/FB-2026-WC-Water Purification Plant/20251126_141036.jpg
PIC_THUMBNAIL cache_lookup result=hit elapsed_us=3 uri=/run/media/peet/Data-500GB/Work-FB/FB-2026-WC-Water Purification Plant/20251126_141024.jpg
PIC_THUMBNAIL cache_lookup result=hit elapsed_us=3 uri=/run/media/peet/Data-500GB/Work-FB/FB-2026-WC-Water Purification Plant/20251126_141002.jpg
PIC_THUMBNAIL cache_lookup result=hit elapsed_us=2 uri=/run/media/peet/Data-500GB/Work-FB/FB-2026-WC-Water Purification Plant/20251126_140914.jpg
PIC_THUMBNAIL cache_lookup result=hit elapsed_us=3 uri=/run/media/peet/Data-500GB/Work-FB/FB-2026-WC-Water Purification Plant/20251126_140904.jpg
PIC_THUMBNAIL cache_lookup result=hit elapsed_us=2 uri=/run/media/peet/Data-500GB/Work-FB/FB-2026-WC-Water Purification Plant/20251126_140852.jpg
PIC_THUMBNAIL cache_lookup result=hit elapsed_us=3 uri=/run/media/peet/Data-500GB/Work-FB/FB-2026-WC-Water Purification Plant/20251126_140846.jpg
PIC_THUMBNAIL cache_lookup result=hit elapsed_us=3 uri=/run/media/peet/Data-500GB/Work-FB/FB-2026-WC-Water Purification Plant/20251126_140752.jpg
PIC_THUMBNAIL cache_lookup result=hit elapsed_us=3 uri=/run/media/peet/Data-500GB/Work-FB/FB-2026-WC-Water Purification Plant/20251126_140743.jpg
PIC_THUMBNAIL cache_lookup result=hit elapsed_us=2 uri=/run/media/peet/Data-500GB/Work-FB/FB-2026-ClearVu Modern Design/20251126_071326.jpg
PIC_THUMBNAIL cache_lookup result=hit elapsed_us=3 uri=/run/media/peet/Data-500GB/Work-FB/FB-2026-ClearVu Modern Design/20251126_071319.jpg
PIC_THUMBNAIL cache_lookup result=hit elapsed_us=3 uri=/run/media/peet/Data-500GB/Work-FB/FB-2026-ClearVu Modern Design/20251126_071244.jpg
PIC_THUMBNAIL cache_lookup result=hit elapsed_us=3 uri=/run/media/peet/Data-500GB/Work-FB/FB-2026-WC-Seahorse-Apartments/20251125_125107.jpg
PIC_THUMBNAIL cache_lookup result=hit elapsed_us=2 uri=/run/media/peet/Data-500GB/Work-FB/FB-2026-WC-Seahorse-Apartments/20251125_125047.jpg
PIC_THUMBNAIL cache_lookup result=hit elapsed_us=3 uri=/run/media/peet/Data-500GB/Work-FB/FB-2026-Mokala National Park/20251116_091642.jpg
PIC_THUMBNAIL cache_lookup result=hit elapsed_us=2 uri=/run/media/peet/Data-500GB/Work-FB/FB-2026-Mokala National Park/20251116_091637.jpg
PIC_THUMBNAIL cache_lookup result=hit elapsed_us=2 uri=/run/media/peet/Data-500GB/Work-FB/FB-2026-Mokala National Park/20251116_090421.jpg
PIC_THUMBNAIL cache_lookup result=hit elapsed_us=3 uri=/run/media/peet/Data-500GB/Work-FB/FB-2026-WC-Seahorse-Apartments/20251029_143753.jpg
PIC_THUMBNAIL cache_lookup result=hit elapsed_us=3 uri=/run/media/peet/Data-500GB/Work-FB/FB-2026-WC-Seahorse-Apartments/20251029_143723.jpg
PIC_THUMBNAIL cache_lookup result=hit elapsed_us=2 uri=/run/media/peet/Data-500GB/Work-FB/FB-2026-WC-Seahorse-Apartments/20251029_143317.jpg
PIC_THUMBNAIL cache_lookup result=hit elapsed_us=2 uri=/run/media/peet/Data-500GB/Work-FB/FB-2026-WC-Seahorse-Apartments/20251029_143209.jpg
PIC_THUMBNAIL cache_lookup result=hit elapsed_us=2 uri=/run/media/peet/Data-500GB/Work-FB/FB-2026-WC-Seahorse-Apartments/20251029_143200.jpg
PIC_THUMBNAIL cache_lookup result=hit elapsed_us=3 uri=/run/media/peet/Data-500GB/Work-FB/FB-2026-WC-Seahorse-Apartments/20251029_143146.jpg
PIC_THUMBNAIL cache_lookup result=hit elapsed_us=3 uri=/run/media/peet/Data-500GB/Work-FB/FB-2026-WC-Seahorse-Apartments/20251029_143133.jpg
PIC_THUMBNAIL cache_lookup result=hit elapsed_us=2 uri=/run/media/peet/Data-500GB/Work-FB/FB-2026-WC-Seahorse-Apartments/20251029_143124.jpg
PIC_THUMBNAIL cache_lookup result=hit elapsed_us=3 uri=/run/media/peet/Data-500GB/Work-FB/FB-2026-WC-Seahorse-Apartments/20251029_143046.jpg
PIC_THUMBNAIL cache_lookup result=hit elapsed_us=3 uri=/run/media/peet/Data-500GB/Work-FB/FB-2026-WC-Seahorse-Apartments/20251029_143029.jpg
PIC_THUMBNAIL cache_lookup result=hit elapsed_us=3 uri=/run/media/peet/Data-500GB/Work-FB/FB-2026-WC-Seahorse-Apartments/20251029_143005.jpg
PIC_THUMBNAIL cache_lookup result=hit elapsed_us=3 uri=/run/media/peet/Data-500GB/Work-FB/FB-2026-WC-Seahorse-Apartments/20251029_142947.jpg
PIC_THUMBNAIL cache_lookup result=hit elapsed_us=2 uri=/run/media/peet/Data-500GB/Work-FB/FB-2026-WC-Seahorse-Apartments/20251029_142936.jpg
PIC_THUMBNAIL cache_lookup result=hit elapsed_us=2 uri=/run/media/peet/Data-500GB/Work-FB/FB-2026-WC-Seahorse-Apartments/20251029_142925.jpg
PIC_THUMBNAIL cache_lookup result=hit elapsed_us=2 uri=/run/media/peet/Data-500GB/Work-FB/FB-2026-WC-Seahorse-Apartments/20251029_142911.jpg
PIC_THUMBNAIL cache_lookup result=hit elapsed_us=3 uri=/run/media/peet/Data-500GB/Work-FB/FB-2026-WC-Seahorse-Apartments/20251029_142908.jpg
PIC_THUMBNAIL cache_lookup result=hit elapsed_us=3 uri=/run/media/peet/Data-500GB/Work-FB/FB-2026-WC-Seahorse-Apartments/20251029_142859.jpg
PIC_THUMBNAIL cache_lookup result=hit elapsed_us=3 uri=/run/media/peet/Data-500GB/Work-FB/FB-2025-N2-Kraaibos/20251029_130727.jpg
PIC_THUMBNAIL cache_lookup result=hit elapsed_us=3 uri=/run/media/peet/Data-500GB/Work-FB/FB-2025-N2-Kraaibos/20251029_130636.jpg
PIC_THUMBNAIL cache_lookup result=hit elapsed_us=3 uri=/run/media/peet/Data-500GB/Work-FB/FB-2025-N2-Kraaibos/20251029_130549.jpg
PIC_THUMBNAIL cache_lookup result=hit elapsed_us=2 uri=/run/media/peet/Data-500GB/Work-FB/FB-2025-N2-Kraaibos/20251029_130527.jpg
PIC_THUMBNAIL cache_lookup result=hit elapsed_us=2 uri=/run/media/peet/Data-500GB/Work-FB/FB-2025-N2-Kraaibos/20251029_130504.jpg
PIC_THUMBNAIL cache_lookup result=hit elapsed_us=3 uri=/run/media/peet/Data-500GB/Work-FB/FB-2025-N2-Kraaibos/20251029_130501.jpg
PIC_THUMBNAIL cache_lookup result=hit elapsed_us=3 uri=/run/media/peet/Data-500GB/Work-FB/FB-2026-WC-Water Purification Plant/20251029_114649.jpg
PIC_THUMBNAIL cache_lookup result=hit elapsed_us=2 uri=/run/media/peet/Data-500GB/Work-FB/FB-2026-WC-Water Purification Plant/20251029_114422.jpg
PIC_THUMBNAIL cache_lookup result=hit elapsed_us=2 uri=/run/media/peet/Data-500GB/Work-FB/FB-2026-WC-Water Purification Plant/20251029_114126.jpg
PIC_THUMBNAIL cache_lookup result=hit elapsed_us=2 uri=/run/media/peet/Data-500GB/Work-FB/FB-2026-WC-Water Purification Plant/20251029_114112.jpg
PIC_THUMBNAIL cache_lookup result=hit elapsed_us=2 uri=/run/media/peet/Data-500GB/Work-FB/FB-2026-WC-Water Purification Plant/20251029_114057.jpg
PIC_THUMBNAIL cache_lookup result=hit elapsed_us=2 uri=/run/media/peet/Data-500GB/Work-FB/FB-2025-George-BuiltIT/20251009_112038.jpg
PIC_THUMBNAIL cache_lookup result=hit elapsed_us=2 uri=/run/media/peet/Data-500GB/Work-FB/FB-2025-George-BuiltIT/20251009_112036.jpg
PIC_THUMBNAIL cache_lookup result=hit elapsed_us=2 uri=/run/media/peet/Data-500GB/Work-FB/FB-2025-George-BuiltIT/20251009_112015.jpg
PIC_THUMBNAIL cache_lookup result=hit elapsed_us=3 uri=/run/media/peet/Data-500GB/Work-FB/FB-2025-George-BuiltIT/20251009_112010.jpg
PIC_THUMBNAIL cache_lookup result=hit elapsed_us=2 uri=/run/media/peet/Data-500GB/Work-FB/FB-2025-George-BuiltIT/20251009_111907.jpg
PIC_THUMBNAIL cache_lookup result=hit elapsed_us=3 uri=/run/media/peet/Data-500GB/Work-FB/FB-2025-George-BuiltIT/20251009_111905.jpg
PIC_THUMBNAIL cache_lookup result=hit elapsed_us=2 uri=/run/media/peet/Data-500GB/Work-FB/FB-2025-George-BuiltIT/20251009_111828.jpg
PIC_THUMBNAIL cache_lookup result=hit elapsed_us=2 uri=/run/media/peet/Data-500GB/Work-FB/FB-2025-George-BuiltIT/20251009_111815.jpg
PIC_THUMBNAIL cache_lookup result=hit elapsed_us=2 uri=/run/media/peet/Data-500GB/Work-FB/FB-2025-George-BuiltIT/20251009_111743.jpg
PIC_THUMBNAIL cache_lookup result=hit elapsed_us=2 uri=/run/media/peet/Data-500GB/Work-FB/FB-2025-George-BuiltIT/20251009_111717.jpg
PIC_THUMBNAIL cache_lookup result=hit elapsed_us=2 uri=/run/media/peet/Data-500GB/Work-FB/FB-2025-George-BuiltIT/20251009_111702.jpg
PIC_THUMBNAIL cache_lookup result=hit elapsed_us=2 uri=/run/media/peet/Data-500GB/Work-FB/FB-2025-George-BuiltIT/20251009_111700.jpg
PIC_THUMBNAIL cache_lookup result=hit elapsed_us=3 uri=/run/media/peet/Data-500GB/Work-FB/FB-2025-George-BuiltIT/20251009_111643.jpg
PIC_THUMBNAIL cache_lookup result=hit elapsed_us=2 uri=/run/media/peet/Data-500GB/Work-FB/FB-2025-George-BuiltIT/20251009_111639.jpg
PIC_THUMBNAIL cache_lookup result=hit elapsed_us=2 uri=/run/media/peet/Data-500GB/Work-FB/FB-2025-George-BuiltIT/20251009_111629.jpg
PIC_THUMBNAIL cache_lookup result=hit elapsed_us=2 uri=/run/media/peet/Data-500GB/Work-FB/FB-2025-George-BuiltIT/20251009_111618.jpg
PIC_THUMBNAIL cache_lookup result=hit elapsed_us=2 uri=/run/media/peet/Data-500GB/Work-FB/FB-2025-George-BuiltIT/20251009_111601.jpg
PIC_THUMBNAIL cache_lookup result=hit elapsed_us=3 uri=/run/media/peet/Data-500GB/Work-FB/FB-2025-George-BuiltIT/20251009_111557.jpg
PIC_THUMBNAIL cache_lookup result=hit elapsed_us=3 uri=/run/media/peet/Data-500GB/Work-FB/FB-2025-George-BuiltIT/20251009_111537.jpg
PIC_THUMBNAIL cache_lookup result=hit elapsed_us=2 uri=/run/media/peet/Data-500GB/Work-FB/FB-2025-CustomClearVu/20251008_092850-2.jpg
PIC_THUMBNAIL cache_lookup result=hit elapsed_us=2 uri=/run/media/peet/Data-500GB/Work-FB/FB-2025-CustomClearVu/20251008_092850.jpg
PIC_THUMBNAIL cache_lookup result=hit elapsed_us=3 uri=/run/media/peet/Data-500GB/Work-FB/FB-2025-CustomClearVu/20251008_092847.jpg
PIC_THUMBNAIL cache_lookup result=hit elapsed_us=2 uri=/run/media/peet/Data-500GB/Work-FB/FB-2025-CustomClearVu/20251008_092842.jpg
PIC_THUMBNAIL cache_lookup result=hit elapsed_us=3 uri=/run/media/peet/Data-500GB/Work-FB/FB-2026-Mokala National Park/20251005_083140.jpg
PIC_THUMBNAIL cache_lookup result=hit elapsed_us=3 uri=/run/media/peet/Data-500GB/Work-FB/FB-2026-Mokala National Park/20251005_083131.jpg
PIC_THUMBNAIL cache_lookup result=hit elapsed_us=2 uri=/run/media/peet/Data-500GB/Work-FB/FB-2026-Mokala National Park/20251005_083126.jpg
PIC_THUMBNAIL cache_lookup result=hit elapsed_us=3 uri=/run/media/peet/Data-500GB/Work-FB/FB-2026-Mokala National Park/20251005_082634.jpg
PIC_THUMBNAIL cache_lookup result=hit elapsed_us=2 uri=/run/media/peet/Data-500GB/Work-FB/FB-2026-Mokala National Park/20251005_082607.jpg
PIC_THUMBNAIL cache_lookup result=hit elapsed_us=2 uri=/run/media/peet/Data-500GB/Work-FB/FB-2026-Mokala National Park/20251005_082602.jpg
PIC_THUMBNAIL cache_lookup result=hit elapsed_us=2 uri=/run/media/peet/Data-500GB/Work-FB/FB-2026-Mokala National Park/20251005_082553.jpg
PIC_THUMBNAIL cache_lookup result=hit elapsed_us=2 uri=/run/media/peet/Data-500GB/Work-FB/FB-2026-Mokala National Park/20251005_081927.jpg
PIC_THUMBNAIL cache_lookup result=hit elapsed_us=2 uri=/run/media/peet/Data-500GB/Work-FB/FB-2026-Mokala National Park/20251005_081904.jpg
PIC_THUMBNAIL cache_lookup result=hit elapsed_us=2 uri=/run/media/peet/Data-500GB/Work-FB/FB-2026-Mokala National Park/20251005_081854.jpg
PIC_THUMBNAIL cache_lookup result=hit elapsed_us=3 uri=/run/media/peet/Data-500GB/Work-FB/FB-2025-Parkland-Memories/20250923_113257.jpg
PIC_THUMBNAIL cache_lookup result=hit elapsed_us=2 uri=/run/media/peet/Data-500GB/Work-FB/FB-2025-Parkland-Memories/20250923_113255.jpg
PIC_THUMBNAIL cache_lookup result=hit elapsed_us=3 uri=/run/media/peet/Data-500GB/Work-FB/FB-2025-Parkland-Memories/20250923_113248.jpg
PIC_THUMBNAIL cache_lookup result=hit elapsed_us=2 uri=/run/media/peet/Data-500GB/Work-FB/FB-2025-Cnr Circular/20250923_113244.jpg
PIC_THUMBNAIL cache_lookup result=hit elapsed_us=2 uri=/run/media/peet/Data-500GB/Work-FB/FB-2025-Parkland-Memories/20250923_113244.jpg
PIC_THUMBNAIL cache_lookup result=hit elapsed_us=2 uri=/run/media/peet/Data-500GB/Work-FB/FB-2025-Cnr Circular/20250923_113238.jpg
PIC_THUMBNAIL cache_lookup result=hit elapsed_us=2 uri=/run/media/peet/Data-500GB/Work-FB/FB-2025-Parkland-Memories/20250923_113238.jpg
PIC_THUMBNAIL cache_lookup result=hit elapsed_us=2 uri=/run/media/peet/Data-500GB/Work-FB/FB-2025-Cnr Circular/20250923_113233.jpg
PIC_THUMBNAIL cache_lookup result=hit elapsed_us=2 uri=/run/media/peet/Data-500GB/Work-FB/FB-2025-Parkland-Memories/20250923_113233.jpg
PIC_THUMBNAIL cache_lookup result=hit elapsed_us=2 uri=/run/media/peet/Data-500GB/Work-FB/FB-2025-Parkland-Memories/20250923_113109.jpg
PIC_THUMBNAIL cache_lookup result=hit elapsed_us=2 uri=/run/media/peet/Data-500GB/Work-FB/FB-2025-Cnr Circular/20250923_113105.jpg
PIC_THUMBNAIL cache_lookup result=hit elapsed_us=2 uri=/run/media/peet/Data-500GB/Work-FB/FB-2025-Parkland-Memories/20250923_113101.jpg
PIC_THUMBNAIL cache_lookup result=hit elapsed_us=2 uri=/run/media/peet/Data-500GB/Work-FB/FB-2025-Parkland-Memories/20250923_113059.jpg
PIC_THUMBNAIL cache_lookup result=hit elapsed_us=3 uri=/run/media/peet/Data-500GB/Work-FB/FB-2025-Cnr Circular/20250923_113053.jpg
PIC_THUMBNAIL cache_lookup result=hit elapsed_us=2 uri=/run/media/peet/Data-500GB/Work-FB/FB-2025-Parkland-Memories/20250923_113053.jpg
PIC_THUMBNAIL cache_lookup result=hit elapsed_us=3 uri=/run/media/peet/Data-500GB/Work-FB/FB-2025-Parkland-Memories/20250923_113030.jpg
PIC_THUMBNAIL cache_lookup result=hit elapsed_us=3 uri=/run/media/peet/Data-500GB/Work-FB/FB-2026-DoxaDuo/20250923_111806.jpg
PIC_THUMBNAIL cache_lookup result=hit elapsed_us=4 uri=/run/media/peet/Data-500GB/Work-FB/FB-2026-DoxaDuo/20250923_111802.jpg
PIC_THUMBNAIL cache_lookup result=hit elapsed_us=3 uri=/run/media/peet/Data-500GB/Work-FB/FB-2026-DoxaDuo/20250923_111759.jpg
PIC_THUMBNAIL cache_lookup result=hit elapsed_us=3 uri=/run/media/peet/Data-500GB/Work-FB/FB-2026-DoxaDuo/20250923_111752.jpg
PIC_THUMBNAIL cache_lookup result=hit elapsed_us=3 uri=/run/media/peet/Data-500GB/Work-FB/FB-2026-DoxaDuo/20250923_111745.jpg
PIC_THUMBNAIL cache_lookup result=hit elapsed_us=3 uri=/run/media/peet/Data-500GB/Work-FB/FB-2025-Astron Hobie Beach/20250910_141200.jpg
PIC_THUMBNAIL cache_lookup result=hit elapsed_us=3 uri=/run/media/peet/Data-500GB/Work-FB/FB-2025-Astron Hobie Beach/20250910_141105.jpg
PIC_THUMBNAIL cache_lookup result=hit elapsed_us=3 uri=/run/media/peet/Data-500GB/Work-FB/FB-2025-Astron Hobie Beach/20250910_141047.jpg
PIC_THUMBNAIL cache_lookup result=hit elapsed_us=3 uri=/run/media/peet/Data-500GB/Work-FB/FB-2025-Astron Hobie Beach/20250910_141040.jpg
PIC_THUMBNAIL cache_lookup result=hit elapsed_us=3 uri=/run/media/peet/Data-500GB/Work-FB/FB-2025-Astron Hobie Beach/20250910_140910.jpg
PIC_THUMBNAIL cache_lookup result=hit elapsed_us=3 uri=/run/media/peet/Data-500GB/Work-FB/FB-2025-Astron Hobie Beach/20250910_140902.jpg
PIC_THUMBNAIL cache_lookup result=hit elapsed_us=3 uri=/run/media/peet/Data-500GB/Work-FB/FB-2025-Astron Hobie Beach/20250910_140849.jpg
PIC_THUMBNAIL cache_lookup result=hit elapsed_us=3 uri=/run/media/peet/Data-500GB/Work-FB/FB-2025-Astron Hobie Beach/20250910_140827.jpg
PIC_THUMBNAIL cache_lookup result=hit elapsed_us=3 uri=/run/media/peet/Data-500GB/Work-FB/FB-2025-Astron Hobie Beach/20250910_140817.jpg
PIC_THUMBNAIL cache_lookup result=hit elapsed_us=3 uri=/run/media/peet/Data-500GB/Work-FB/FB-2025-Astron Hobie Beach/20250910_140401.jpg
PIC_THUMBNAIL cache_lookup result=hit elapsed_us=3 uri=/run/media/peet/Data-500GB/Work-FB/FB-2025-Astron Hobie Beach/20250910_140345.jpg
PIC_THUMBNAIL cache_lookup result=hit elapsed_us=3 uri=/run/media/peet/Data-500GB/Work-FB/FB-2025-Astron Hobie Beach/20250910_140336.jpg
PIC_THUMBNAIL cache_lookup result=hit elapsed_us=3 uri=/run/media/peet/Data-500GB/Work-FB/FB-2025-Astron Hobie Beach/20250910_140322.jpg
PIC_THUMBNAIL cache_lookup result=hit elapsed_us=3 uri=/run/media/peet/Data-500GB/Work-FB/FB-2025-Kingswood Golf Estate/20250904_133635.jpg
PIC_THUMBNAIL cache_lookup result=hit elapsed_us=3 uri=/run/media/peet/Data-500GB/Work-FB/FB-2025-Kingswood Golf Estate/20250904_133620.jpg
PIC_THUMBNAIL cache_lookup result=hit elapsed_us=3 uri=/run/media/peet/Data-500GB/Work-FB/FB-2025-Kingswood Golf Estate/20250904_133605.jpg
PIC_THUMBNAIL cache_lookup result=hit elapsed_us=3 uri=/run/media/peet/Data-500GB/Work-FB/FB-2025-Kingswood Golf Estate/20250904_133542.jpg
PIC_THUMBNAIL cache_lookup result=hit elapsed_us=3 uri=/run/media/peet/Data-500GB/Work-FB/FB-2025-Kingswood Golf Estate/20250904_133519.jpg
PIC_THUMBNAIL cache_lookup result=hit elapsed_us=3 uri=/run/media/peet/Data-500GB/Work-FB/FB-2025-Kingswood Golf Estate/20250904_133514.jpg
PIC_THUMBNAIL cache_lookup result=hit elapsed_us=4 uri=/run/media/peet/Data-500GB/Work-FB/FB-2025-Kingswood Golf Estate/20250904_133500.jpg
PIC_THUMBNAIL cache_lookup result=hit elapsed_us=4 uri=/run/media/peet/Data-500GB/Work-FB/FB-2025-Meerkat Aug 2025/20250813_093550.jpg
PIC_THUMBNAIL cache_lookup result=hit elapsed_us=3 uri=/run/media/peet/Data-500GB/Work-FB/FB-2025-Meerkat Aug 2025/20250813_093512.jpg
PIC_THUMBNAIL cache_lookup result=hit elapsed_us=4 uri=/run/media/peet/Data-500GB/Work-FB/FB-2025-Meerkat Aug 2025/20250812_152034.jpg
PIC_THUMBNAIL cache_lookup result=hit elapsed_us=4 uri=/run/media/peet/Data-500GB/Work-FB/FB-2025-Meerkat Aug 2025/20250812_140027.jpg
PIC_THUMBNAIL cache_lookup result=hit elapsed_us=4 uri=/run/media/peet/Data-500GB/Work-FB/FB-2025-Meerkat Aug 2025/20250812_140024.jpg
PIC_THUMBNAIL cache_lookup result=hit elapsed_us=4 uri=/run/media/peet/Data-500GB/Work-FB/FB-2025-Meerkat Aug 2025/20250812_140018.jpg
PIC_THUMBNAIL cache_lookup result=hit elapsed_us=4 uri=/run/media/peet/Data-500GB/Work-FB/FB-2025-Meerkat Aug 2025/20250812_140015.jpg
PIC_THUMBNAIL cache_lookup result=hit elapsed_us=4 uri=/run/media/peet/Data-500GB/Work-FB/FB-2025-Meerkat Aug 2025/20250812_135724.jpg
PIC_THUMBNAIL cache_lookup result=hit elapsed_us=4 uri=/run/media/peet/Data-500GB/Work-FB/FB-2025-Meerkat Aug 2025/20250812_135352.jpg
PIC_THUMBNAIL cache_lookup result=hit elapsed_us=4 uri=/run/media/peet/Data-500GB/Work-FB/FB-2025-Meerkat Aug 2025/20250812_133957.jpg
PIC_THUMBNAIL cache_lookup result=hit elapsed_us=3 uri=/run/media/peet/Data-500GB/Work-FB/FB-2025-Meerkat Aug 2025/20250812_133949.jpg
PIC_THUMBNAIL cache_lookup result=hit elapsed_us=3 uri=/run/media/peet/Data-500GB/Work-FB/FB-2025-Meerkat Aug 2025/20250812_133943.jpg
PIC_THUMBNAIL cache_lookup result=hit elapsed_us=4 uri=/run/media/peet/Data-500GB/Work-FB/FB-2025-Meerkat Aug 2025/20250812_133940.jpg
PIC_THUMBNAIL cache_lookup result=hit elapsed_us=3 uri=/run/media/peet/Data-500GB/Work-FB/FB-2025-Meerkat Aug 2025/20250812_133928.jpg
PIC_THUMBNAIL cache_lookup result=hit elapsed_us=4 uri=/run/media/peet/Data-500GB/Work-FB/FB-2025-Meerkat Aug 2025/20250812_111650.jpg
PIC_THUMBNAIL cache_lookup result=hit elapsed_us=4 uri=/run/media/peet/Data-500GB/Work-FB/FB-2025-Meerkat Aug 2025/20250812_110642.jpg
PIC_THUMBNAIL cache_lookup result=hit elapsed_us=4 uri=/run/media/peet/Data-500GB/Work-FB/FB-2025-Meerkat Aug 2025/20250812_110524.jpg
PIC_THUMBNAIL cache_lookup result=hit elapsed_us=4 uri=/run/media/peet/Data-500GB/Work-FB/FB-2025-Meerkat Aug 2025/20250812_110356.jpg
PIC_THUMBNAIL cache_lookup result=hit elapsed_us=3 uri=/run/media/peet/Data-500GB/Work-FB/FB-2025-Meerkat Aug 2025/20250812_110003.jpg
PIC_THUMBNAIL cache_lookup result=hit elapsed_us=2 uri=/run/media/peet/Data-500GB/Work-FB/FB-2025-Meerkat Aug 2025/20250812_105952.jpg
PIC_THUMBNAIL cache_lookup result=hit elapsed_us=3 uri=/run/media/peet/Data-500GB/Work-FB/FB-2025-Meerkat Aug 2025/20250812_105948.jpg
PIC_THUMBNAIL cache_lookup result=hit elapsed_us=2 uri=/run/media/peet/Data-500GB/Work-FB/FB-2025-Meerkat Aug 2025/20250812_105936.jpg
PIC_THUMBNAIL cache_lookup result=hit elapsed_us=2 uri=/run/media/peet/Data-500GB/Work-FB/FB-2025-Meerkat Aug 2025/20250812_105816.jpg
PIC_THUMBNAIL cache_lookup result=hit elapsed_us=3 uri=/run/media/peet/Data-500GB/Work-FB/FB-2025-Meerkat Aug 2025/20250812_105654.jpg
PIC_THUMBNAIL cache_lookup result=hit elapsed_us=2 uri=/run/media/peet/Data-500GB/Work-FB/FB-2025-Meerkat Aug 2025/20250812_103501.jpg
PIC_THUMBNAIL cache_lookup result=hit elapsed_us=2 uri=/run/media/peet/Data-500GB/Work-FB/FB-2025-Meerkat Aug 2025/20250812_103455.jpg
PIC_THUMBNAIL cache_lookup result=hit elapsed_us=8 uri=/run/media/peet/Data-500GB/Work-FB/FB-2025-Meerkat Aug 2025/20250812_103245.jpg
PIC_THUMBNAIL cache_lookup result=hit elapsed_us=3 uri=/run/media/peet/Data-500GB/Work-FB/FB-2025-Meerkat Aug 2025/20250812_103232.jpg
PIC_THUMBNAIL cache_lookup result=hit elapsed_us=3 uri=/run/media/peet/Data-500GB/Work-FB/FB-2025-Meerkat Aug 2025/20250812_103139.jpg
PIC_THUMBNAIL cache_lookup result=hit elapsed_us=3 uri=/run/media/peet/Data-500GB/Work-FB/FB-2025-Meerkat Aug 2025/20250812_103117.jpg
PIC_THUMBNAIL cache_lookup result=hit elapsed_us=2 uri=/run/media/peet/Data-500GB/Work-FB/FB-2025-Meerkat Aug 2025/20250812_103057.jpg
PIC_THUMBNAIL cache_lookup result=hit elapsed_us=3 uri=/run/media/peet/Data-500GB/Work-FB/FB-2025-Meerkat Aug 2025/20250812_103049.jpg
PIC_THUMBNAIL cache_lookup result=hit elapsed_us=2 uri=/run/media/peet/Data-500GB/Work-FB/FB-2025-Meerkat Aug 2025/20250812_103037.jpg
PIC_THUMBNAIL cache_lookup result=hit elapsed_us=2 uri=/run/media/peet/Data-500GB/Work-FB/FB-2025-Meerkat Aug 2025/20250812_103009.jpg
PIC_THUMBNAIL cache_lookup result=hit elapsed_us=2 uri=/run/media/peet/Data-500GB/Work-FB/FB-2025-Meerkat Aug 2025/20250812_090421.jpg
PIC_THUMBNAIL cache_lookup result=hit elapsed_us=3 uri=/run/media/peet/Data-500GB/Work-FB/FB-2025-Meerkat Aug 2025/20250812_090418.jpg
PIC_THUMBNAIL cache_lookup result=hit elapsed_us=2 uri=/run/media/peet/Data-500GB/Work-FB/FB-2025-Meerkat Aug 2025/20250812_085941.jpg
PIC_THUMBNAIL cache_lookup result=hit elapsed_us=2 uri=/run/media/peet/Data-500GB/Work-FB/FB-2025-Meerkat Aug 2025/20250812_085922.jpg
PIC_THUMBNAIL cache_lookup result=hit elapsed_us=3 uri=/run/media/peet/Data-500GB/Work-FB/FB-2025-Meerkat Aug 2025/20250812_085919.jpg
PIC_THUMBNAIL cache_lookup result=hit elapsed_us=3 uri=/run/media/peet/Data-500GB/Work-FB/FB-2025-Meerkat Aug 2025/20250812_085856.jpg
PIC_THUMBNAIL cache_lookup result=hit elapsed_us=3 uri=/run/media/peet/Data-500GB/Work-FB/FB-2025-Meerkat Aug 2025/20250812_085840.jpg
PIC_THUMBNAIL cache_lookup result=hit elapsed_us=2 uri=/run/media/peet/Data-500GB/Work-FB/FB-2025-Meerkat Aug 2025/20250811_165242.jpg
PIC_THUMBNAIL cache_lookup result=hit elapsed_us=2 uri=/run/media/peet/Data-500GB/Work-FB/FB-2025-Internal Goods Gages/20250811_122939.jpg
PIC_THUMBNAIL cache_lookup result=hit elapsed_us=2 uri=/run/media/peet/Data-500GB/Work-FB/FB-2025-Internal Goods Gages/20250811_122927.jpg
PIC_THUMBNAIL cache_lookup result=hit elapsed_us=2 uri=/run/media/peet/Data-500GB/Work-FB/FB-2025-Internal Goods Gages/20250811_122913.jpg
PIC_THUMBNAIL cache_lookup result=hit elapsed_us=3 uri=/run/media/peet/Data-500GB/Work-FB/FB-2025-Internal Goods Gages/20250811_105222.jpg
PIC_THUMBNAIL cache_lookup result=hit elapsed_us=2 uri=/run/media/peet/Data-500GB/Work-FB/FB-2025-Internal Goods Gages/20250811_105204.jpg
PIC_THUMBNAIL cache_lookup result=hit elapsed_us=2 uri=/run/media/peet/Data-500GB/Work-FB/FB-2025-Internal Goods Gages/20250811_105155.jpg
PIC_THUMBNAIL cache_lookup result=hit elapsed_us=2 uri=/run/media/peet/Data-500GB/Work-FB/FB-2026-Mokala National Park/20250717_095726.jpg
PIC_THUMBNAIL cache_lookup result=hit elapsed_us=3 uri=/run/media/peet/Data-500GB/Work-FB/FB-2026-Mokala National Park/20250717_082912.jpg
PIC_THUMBNAIL cache_lookup result=hit elapsed_us=3 uri=/run/media/peet/Data-500GB/Work-FB/FB-2026-Mokala National Park/20250717_075344.jpg
PIC_THUMBNAIL cache_lookup result=hit elapsed_us=3 uri=/run/media/peet/Data-500GB/Work-FB/FB-2025-Meerkat Aug 2025/20250716_121435.jpg
PIC_THUMBNAIL cache_lookup result=hit elapsed_us=2 uri=/run/media/peet/Data-500GB/Work-FB/FB-2025-Meerkat Aug 2025/20250716_120537.jpg
PIC_THUMBNAIL cache_lookup result=hit elapsed_us=2 uri=/run/media/peet/Data-500GB/Work-FB/FB-2025-Meerkat Aug 2025/20250716_115855.jpg
PIC_THUMBNAIL cache_lookup result=hit elapsed_us=2 uri=/run/media/peet/Data-500GB/Work-FB/FB-2025-Meerkat Aug 2025/20250716_115748.jpg
PIC_THUMBNAIL cache_lookup result=hit elapsed_us=3 uri=/run/media/peet/Data-500GB/Work-FB/FB-2025-Meerkat Aug 2025/20250716_112829.jpg
PIC_THUMBNAIL cache_lookup result=hit elapsed_us=3 uri=/run/media/peet/Data-500GB/Work-FB/FB-2025-Meerkat Aug 2025/20250716_112455.jpg
PIC_THUMBNAIL cache_lookup result=hit elapsed_us=3 uri=/run/media/peet/Data-500GB/Work-FB/FB-2025-Meerkat Aug 2025/20250715_120216.jpg
PIC_THUMBNAIL cache_lookup result=hit elapsed_us=3 uri=/run/media/peet/Data-500GB/Work-FB/FB-2025-Meerkat Aug 2025/20250715_120214.jpg
PIC_THUMBNAIL cache_lookup result=hit elapsed_us=3 uri=/run/media/peet/Data-500GB/Work-FB/FB-2025-Meerkat Aug 2025/20250715_120059.jpg
PIC_THUMBNAIL cache_lookup result=hit elapsed_us=2 uri=/run/media/peet/Data-500GB/Work-FB/FB-2025-Meerkat Aug 2025/20250715_112417.jpg
PIC_THUMBNAIL cache_lookup result=hit elapsed_us=2 uri=/run/media/peet/Data-500GB/Work-FB/FB-2025-Meerkat Aug 2025/20250715_112414.jpg
PIC_THUMBNAIL cache_lookup result=hit elapsed_us=3 uri=/run/media/peet/Data-500GB/Work-FB/FB-2025-Meerkat Aug 2025/20250715_112409.jpg
PIC_THUMBNAIL cache_lookup result=hit elapsed_us=2 uri=/run/media/peet/Data-500GB/Work-FB/FB-2025-Meerkat Aug 2025/20250715_112407.jpg
PIC_THUMBNAIL cache_lookup result=hit elapsed_us=2 uri=/run/media/peet/Data-500GB/Work-FB/FB-2025-Meerkat Aug 2025/20250715_105812.jpg
PIC_THUMBNAIL cache_lookup result=hit elapsed_us=2 uri=/run/media/peet/Data-500GB/Work-FB/FB-2025-Meerkat Aug 2025/20250715_104559.jpg
PIC_THUMBNAIL cache_lookup result=hit elapsed_us=3 uri=/run/media/peet/Data-500GB/Work-FB/FB-2025-Meerkat Aug 2025/20250715_104535.jpg
PIC_THUMBNAIL cache_lookup result=hit elapsed_us=3 uri=/run/media/peet/Data-500GB/Work-FB/FB-2025-Meerkat Aug 2025/20250715_104530.jpg
PIC_THUMBNAIL cache_lookup result=hit elapsed_us=3 uri=/run/media/peet/Data-500GB/Work-FB/FB-2025-Meerkat Aug 2025/20250715_104027.jpg
PIC_THUMBNAIL cache_lookup result=hit elapsed_us=2 uri=/run/media/peet/Data-500GB/Work-FB/FB-2025-Meerkat Aug 2025/20250715_095832.jpg
PIC_THUMBNAIL cache_lookup result=hit elapsed_us=2 uri=/run/media/peet/Data-500GB/Work-FB/FB-2025-Meerkat Aug 2025/20250715_095735.jpg
PIC_THUMBNAIL cache_lookup result=hit elapsed_us=2 uri=/run/media/peet/Data-500GB/Work-FB/FB-2025-Meerkat Aug 2025/20250715_095729.jpg
PIC_THUMBNAIL cache_lookup result=hit elapsed_us=2 uri=/run/media/peet/Data-500GB/Work-FB/FB-2025-Meerkat Aug 2025/20250715_070330.jpg
PIC_THUMBNAIL cache_lookup result=hit elapsed_us=3 uri=/run/media/peet/Data-500GB/Work-FB/FB-2025-Meerkat Aug 2025/20250714_181612.jpg
PIC_THUMBNAIL cache_lookup result=hit elapsed_us=2 uri=/run/media/peet/Data-500GB/Work-FB/FB-2025-Meerkat Aug 2025/20250714_181606.jpg
PIC_THUMBNAIL cache_lookup result=hit elapsed_us=3 uri=/run/media/peet/Data-500GB/Work-FB/FB-2025-Meerkat Aug 2025/20250714_181603.jpg
PIC_THUMBNAIL cache_lookup result=hit elapsed_us=2 uri=/run/media/peet/Data-500GB/Work-FB/FB-2025-Meerkat Aug 2025/20250714_181559.jpg
PIC_THUMBNAIL cache_lookup result=hit elapsed_us=2 uri=/run/media/peet/Data-500GB/Work-FB/FB-2025-Meerkat Aug 2025/20250714_181551.jpg
PIC_THUMBNAIL cache_lookup result=hit elapsed_us=2 uri=/run/media/peet/A2E00CB6E00C92A9/temp/FB-2026-Electric Fences/FB-Electric Fence 5-Value Park/20250704_153144.jpg
PIC_THUMBNAIL cache_lookup result=hit elapsed_us=2 uri=/run/media/peet/A2E00CB6E00C92A9/temp/FB-2026-Electric Fences/FB-Electric Fence 6/20250704_153140.jpg
PIC_THUMBNAIL cache_lookup result=hit elapsed_us=3 uri=/run/media/peet/A2E00CB6E00C92A9/temp/FB-2026-Electric Fences/FB-Electric Fence 6/20250704_153123.jpg
PIC_THUMBNAIL cache_lookup result=hit elapsed_us=2 uri=/run/media/peet/A2E00CB6E00C92A9/temp/FB-2026-Electric Fences/FB-Electric Fence 6/20250704_153117.jpg
PIC_THUMBNAIL cache_lookup result=hit elapsed_us=3 uri=/run/media/peet/Data-500GB/Work-FB/FB-2025-Techno Padel/20250628_110542.jpg
PIC_THUMBNAIL cache_lookup result=hit elapsed_us=3 uri=/run/media/peet/Data-500GB/Work-FB/FB-2025-Techno Padel/20250628_110536.jpg
PIC_THUMBNAIL cache_lookup result=hit elapsed_us=2 uri=/run/media/peet/Data-500GB/Work-FB/FB-2025-Techno Padel/20250628_110518.jpg
PIC_THUMBNAIL cache_lookup result=hit elapsed_us=2 uri=/run/media/peet/Data-500GB/Work-FB/FB-2025-Techno Padel/20250628_110514.jpg
PIC_THUMBNAIL cache_lookup result=hit elapsed_us=3 uri=/run/media/peet/Data-500GB/Work-FB/FB-2025-Techno Padel/20250628_110454.jpg
PIC_THUMBNAIL cache_lookup result=hit elapsed_us=3 uri=/run/media/peet/Data-500GB/Work-FB/FB-2025-Techno Padel/20250628_110217.jpg
PIC_THUMBNAIL cache_lookup result=hit elapsed_us=2 uri=/run/media/peet/Data-500GB/Work-FB/FB-2025-Techno Padel/20250628_110215.jpg
PIC_THUMBNAIL cache_lookup result=hit elapsed_us=3 uri=/run/media/peet/Data-500GB/Work-All/Work - 2014/HMF Xmas 2014/Hyman-Master-Fence-Xmas-2014-3.jpg
PIC_THUMBNAIL cache_lookup result=hit elapsed_us=3 uri=/run/media/peet/Data-500GB/Work-All/Work - 2014/HMF Xmas 2014/Hyman-Master-Fence-Xmas-2014-2.jpg
PIC_THUMBNAIL cache_lookup result=hit elapsed_us=2 uri=/run/media/peet/Data-500GB/Work-All/Work - 2013/hyman_bee 2013.jpg
PIC_THUMBNAIL cache_lookup result=hit elapsed_us=2 uri=/run/media/peet/Data-500GB/Work-All/Work - 2014/HMF Xmas 2014/Hyman-Master-Fence-Xmas-2014-1.jpg
PIC_THUMBNAIL cache_lookup result=hit elapsed_us=3 uri=/run/media/peet/Data-500GB/Work-All/Work - 2013/hyman_bee 2013-2.jpg
PIC_THUMBNAIL cache_lookup result=hit elapsed_us=2 uri=/run/media/peet/Data-500GB/Work-All/Work - 2013/Toilets/IMG-20140416-WA0019.jpg
PIC_THUMBNAIL cache_lookup result=hit elapsed_us=3 uri=/run/media/peet/Data-500GB/Work-All/Work - 2013/Toilets/IMG-20140416-WA0019 (2).jpg
PIC_THUMBNAIL cache_lookup result=hit elapsed_us=2 uri=/run/media/peet/Data-500GB/Work-All/Work - 2013/Toilets/IMG-20140416-WA0019 (1).jpg
PIC_THUMBNAIL cache_lookup result=hit elapsed_us=2 uri=/run/media/peet/Data-500GB/Work-All/Work - 2013/Toilets/IMG-20140416-WA0011.jpg
PIC_THUMBNAIL cache_lookup result=hit elapsed_us=3 uri=/run/media/peet/Data-500GB/Work-FB/FB-2025-Courier Guys PE/20250626_152941.jpg
PIC_THUMBNAIL cache_lookup result=hit elapsed_us=2 uri=/run/media/peet/Data-500GB/Work-FB/FB-2025-Courier Guys PE/20250626_152940.jpg
PIC_THUMBNAIL cache_lookup result=hit elapsed_us=4 uri=/run/media/peet/Data-500GB/Work-FB/FB-2025-Courier Guys PE/20250626_152828.jpg
PIC_THUMBNAIL cache_lookup result=hit elapsed_us=4 uri=/run/media/peet/Data-500GB/Work-FB/FB-2025-Courier Guys PE/20250626_152819.jpg
PIC_THUMBNAIL cache_lookup result=hit elapsed_us=4 uri=/run/media/peet/Data-500GB/Work-FB/FB-2025-Courier Guys PE/20250626_152806.jpg
PIC_THUMBNAIL cache_lookup result=hit elapsed_us=3 uri=/run/media/peet/Data-500GB/Work-FB/FB-2025-Courier Guys PE/20250626_152759.jpg
PIC_THUMBNAIL cache_lookup result=hit elapsed_us=3 uri=/run/media/peet/Data-500GB/Work-FB/FB-2025-Courier Guys PE/20250626_152744.jpg
PIC_THUMBNAIL cache_lookup result=hit elapsed_us=3 uri=/run/media/peet/Data-500GB/Work-FB/FB-2025-Courier Guys PE/20250626_152616.jpg
PIC_THUMBNAIL cache_lookup result=hit elapsed_us=3 uri=/run/media/peet/Data-500GB/Work-FB/FB-2025-Courier Guys PE/20250626_152550.jpg
PIC_THUMBNAIL cache_lookup result=hit elapsed_us=3 uri=/run/media/peet/Data-500GB/Work-FB/FB-2025-Courier Guys PE/20250626_152511.jpg
PIC_THUMBNAIL cache_lookup result=hit elapsed_us=4 uri=/run/media/peet/Data-500GB/Work-FB/FB-2025-Courier Guys PE/20250626_152446.jpg
PIC_THUMBNAIL cache_lookup result=hit elapsed_us=4 uri=/run/media/peet/Data-500GB/Work-FB/FB-2025-Courier Guys PE/20250626_152417.jpg
PIC_THUMBNAIL cache_lookup result=hit elapsed_us=4 uri=/run/media/peet/Data-500GB/Work-FB/FB-2025-Courier Guys PE/20250626_152405.jpg
PIC_THUMBNAIL cache_lookup result=hit elapsed_us=3 uri=/run/media/peet/Data-500GB/Work-FB/FB-2025-Courier Guys PE/20250626_152352.jpg
PIC_THUMBNAIL cache_lookup result=hit elapsed_us=4 uri=/run/media/peet/Data-500GB/Work-FB/FB-2025-Courier Guys PE/20250626_152316.jpg
PIC_THUMBNAIL cache_lookup result=hit elapsed_us=4 uri=/run/media/peet/Data-500GB/Work-FB/FB-2025-Courier Guys PE/20250626_152305.jpg
PIC_THUMBNAIL cache_lookup result=hit elapsed_us=4 uri=/run/media/peet/Data-500GB/Work-FB/FB-2025-Courier Guys PE/20250626_152255.jpg
PIC_THUMBNAIL cache_lookup result=hit elapsed_us=4 uri=/run/media/peet/Data-500GB/Work-FB/FB-2025-Courier Guys PE/20250626_152244.jpg
PIC_THUMBNAIL cache_lookup result=hit elapsed_us=4 uri=/run/media/peet/Data-500GB/Work-FB/FB-2025-Courier Guys PE/20250626_152242.jpg
PIC_THUMBNAIL cache_lookup result=hit elapsed_us=3 uri=/run/media/peet/Data-500GB/Work-FB/FB-2025-Equinox/20250626_151643.jpg
PIC_THUMBNAIL cache_lookup result=hit elapsed_us=3 uri=/run/media/peet/Data-500GB/Work-FB/FB-2025-Equinox/20250626_151603.jpg
PIC_THUMBNAIL cache_lookup result=hit elapsed_us=3 uri=/run/media/peet/Data-500GB/Work-FB/FB-2025-Equinox/20250626_151504.jpg
PIC_THUMBNAIL cache_lookup result=hit elapsed_us=4 uri=/run/media/peet/Data-500GB/Work-FB/FB-2025-Equinox/20250626_151502.jpg
PIC_THUMBNAIL cache_lookup result=hit elapsed_us=3 uri=/run/media/peet/Data-500GB/Work-FB/FB-2025-Equinox/20250626_151436.jpg
PIC_THUMBNAIL cache_lookup result=hit elapsed_us=3 uri=/run/media/peet/Data-500GB/Work-FB/FB-2025-Equinox/20250626_151421.jpg
PIC_THUMBNAIL cache_lookup result=hit elapsed_us=3 uri=/run/media/peet/Data-500GB/Work-FB/FB-2025-Equinox/20250626_151403.jpg
PIC_THUMBNAIL cache_lookup result=hit elapsed_us=2 uri=/run/media/peet/Data-500GB/Work-FB/FB-2025-Equinox/20250626_151352.jpg
PIC_THUMBNAIL cache_lookup result=hit elapsed_us=2 uri=/run/media/peet/Data-500GB/Work-FB/FB-2025-Equinox/20250626_151322.jpg
PIC_THUMBNAIL cache_lookup result=hit elapsed_us=2 uri=/run/media/peet/Data-500GB/Work-FB/FB-2025-Equinox/20250626_151314.jpg
PIC_THUMBNAIL cache_lookup result=hit elapsed_us=3 uri=/run/media/peet/Data-500GB/Work-FB/FB-2025-Equinox/20250626_151236.jpg
PIC_THUMBNAIL cache_lookup result=hit elapsed_us=2 uri=/run/media/peet/Data-500GB/Work-FB/FB-2025-Equinox/20250626_151217.jpg
PIC_THUMBNAIL cache_lookup result=hit elapsed_us=2 uri=/run/media/peet/Data-500GB/Work-FB/FB-2025-Electric Cage/20250626_131503.jpg
PIC_THUMBNAIL cache_lookup result=hit elapsed_us=2 uri=/run/media/peet/Data-500GB/Work-FB/FB-2025-Electric Cage/20250626_131454.jpg
PIC_THUMBNAIL cache_lookup result=hit elapsed_us=3 uri=/run/media/peet/Data-500GB/Work-FB/FB-2025-Electric Cage/20250626_131443.jpg
PIC_THUMBNAIL cache_lookup result=hit elapsed_us=3 uri=/run/media/peet/Data-500GB/Work-FB/FB-2025-Meerkat Site/WhatsApp Image 2025-06-19 at 09.02.11 (1).jpg
PIC_THUMBNAIL cache_lookup result=hit elapsed_us=2 uri=/run/media/peet/Data-500GB/Work-FB/FB-2025-Meerkat Site/WhatsApp Image 2025-06-19 at 09.02.11.jpg
PIC_THUMBNAIL cache_lookup result=hit elapsed_us=2 uri=/run/media/peet/Data-500GB/Work-FB/FB-2025-Meerkat Site/WhatsApp Image 2025-06-19 at 09.02.10.jpg
PIC_THUMBNAIL cache_lookup result=hit elapsed_us=3 uri=/run/media/peet/Data-500GB/Work-FB/FB-2025-Meerkat Site/WhatsApp Image 2025-06-19 at 08.57.24.jpg
PIC_THUMBNAIL cache_lookup result=hit elapsed_us=3 uri=/run/media/peet/A2E00CB6E00C92A9/temp/FB-2026-Indoor Cages/20250617_141811.jpg
PIC_THUMBNAIL cache_lookup result=hit elapsed_us=3 uri=/run/media/peet/A2E00CB6E00C92A9/temp/FB-2026-Indoor Cages/20250617_141802.jpg
PIC_THUMBNAIL cache_lookup result=hit elapsed_us=3 uri=/run/media/peet/A2E00CB6E00C92A9/temp/FB-2026-Indoor Cages/20250617_141743.jpg
PIC_THUMBNAIL cache_lookup result=hit elapsed_us=2 uri=/run/media/peet/A2E00CB6E00C92A9/temp/FB-2026-Indoor Cages/20250617_141728.jpg
PIC_THUMBNAIL cache_lookup result=hit elapsed_us=3 uri=/run/media/peet/A2E00CB6E00C92A9/temp/FB-2026-Indoor Cages/20250613_124903.jpg
PIC_THUMBNAIL cache_lookup result=hit elapsed_us=3 uri=/run/media/peet/A2E00CB6E00C92A9/temp/FB-2026-Indoor Cages/20250613_122439.jpg
PIC_THUMBNAIL cache_lookup result=hit elapsed_us=2 uri=/run/media/peet/A2E00CB6E00C92A9/temp/FB-2026-Indoor Cages/20250613_122423.jpg
PIC_THUMBNAIL cache_lookup result=hit elapsed_us=3 uri=/run/media/peet/A2E00CB6E00C92A9/temp/FB-2026-Indoor Cages/20250612_154824.jpg
PIC_THUMBNAIL cache_lookup result=hit elapsed_us=2 uri=/run/media/peet/Data-500GB/Meerkat Site Pictures/Meerkat Site Pics - Cellphone/Meerkat 200km Fence/20250612_105011.jpg
PIC_THUMBNAIL cache_lookup result=hit elapsed_us=3 uri=/run/media/peet/Data-500GB/Meerkat Site Pictures/Meerkat Site Pics - Cellphone/Meerkat 200km Fence/20250612_081257.jpg
PIC_THUMBNAIL cache_lookup result=hit elapsed_us=2 uri=/run/media/peet/Data-500GB/Meerkat Site Pictures/Meerkat Site Pics - Cellphone/Meerkat 200km Fence/20250612_081249.jpg
PIC_THUMBNAIL cache_lookup result=hit elapsed_us=3 uri=/run/media/peet/Data-500GB/Meerkat Site Pictures/Meerkat Site Pics - Cellphone/Meerkat 200km Fence/20250611_153701.jpg
PIC_THUMBNAIL cache_lookup result=hit elapsed_us=3 uri=/run/media/peet/Data-500GB/Meerkat Site Pictures/Meerkat Site Pics - Cellphone/Meerkat 200km Fence/20250611_153656.jpg
PIC_THUMBNAIL cache_lookup result=hit elapsed_us=2 uri=/run/media/peet/Data-500GB/Meerkat Site Pictures/Meerkat Site Pics - Cellphone/Meerkat 200km Fence/20250611_153635.jpg
PIC_THUMBNAIL cache_lookup result=hit elapsed_us=2 uri=/run/media/peet/Data-500GB/Meerkat Site Pictures/Meerkat Site Pics - Cellphone/Meerkat 200km Fence/20250611_153628.jpg
PIC_THUMBNAIL cache_lookup result=hit elapsed_us=2 uri=/run/media/peet/Data-500GB/Meerkat Site Pictures/Meerkat Site Pics - Cellphone/Meerkat 200km Fence/20250611_153245.jpg
PIC_THUMBNAIL cache_lookup result=hit elapsed_us=2 uri=/run/media/peet/Data-500GB/Meerkat Site Pictures/Meerkat Site Pics - Cellphone/Meerkat 200km Fence/20250611_153241.jpg
PIC_THUMBNAIL cache_lookup result=hit elapsed_us=2 uri=/run/media/peet/Data-500GB/Meerkat Site Pictures/Meerkat Site Pics - Cellphone/Meerkat 200km Fence/20250611_153142.jpg
PIC_THUMBNAIL cache_lookup result=hit elapsed_us=2 uri=/run/media/peet/Data-500GB/Meerkat Site Pictures/Meerkat Site Pics - Cellphone/Meerkat 200km Fence/20250611_150032.jpg
PIC_THUMBNAIL cache_lookup result=hit elapsed_us=2 uri=/run/media/peet/Data-500GB/Work-FB/FB-2025-Meerkat Site/20250611_145930.jpg
PIC_THUMBNAIL cache_lookup result=hit elapsed_us=3 uri=/run/media/peet/Data-500GB/Work-FB/FB-2025-Meerkat Site/20250611_145927.jpg
PIC_THUMBNAIL cache_lookup result=hit elapsed_us=3 uri=/run/media/peet/Data-500GB/Work-FB/FB-2025-Meerkat Site/20250611_145852.jpg
PIC_THUMBNAIL cache_lookup result=hit elapsed_us=2 uri=/run/media/peet/Data-500GB/Work-FB/FB-2025-Meerkat Site/20250611_145828.jpg
PIC_THUMBNAIL cache_lookup result=hit elapsed_us=2 uri=/run/media/peet/Data-500GB/Work-FB/FB-2025-Meerkat Site/20250611_145814.jpg
PIC_THUMBNAIL cache_lookup result=hit elapsed_us=3 uri=/run/media/peet/Data-500GB/Meerkat Site Pictures/Meerkat Site Pics - Cellphone/Meerkat 200km Fence/20250611_142229.jpg
PIC_THUMBNAIL cache_lookup result=hit elapsed_us=2 uri=/run/media/peet/Data-500GB/Meerkat Site Pictures/Meerkat Site Pics - Cellphone/Meerkat 200km Fence/20250611_142224.jpg
PIC_THUMBNAIL cache_lookup result=hit elapsed_us=3 uri=/run/media/peet/Data-500GB/Meerkat Site Pictures/Meerkat Site Pics - Cellphone/Meerkat 200km Fence/20250611_142222.jpg
PIC_THUMBNAIL cache_lookup result=hit elapsed_us=2 uri=/run/media/peet/Data-500GB/Meerkat Site Pictures/Meerkat Site Pics - Cellphone/Meerkat 200km Fence/20250611_142219.jpg
PIC_THUMBNAIL cache_lookup result=hit elapsed_us=2 uri=/run/media/peet/Data-500GB/Meerkat Site Pictures/Meerkat Site Pics - Cellphone/Meerkat 200km Fence/20250611_142210.jpg
PIC_THUMBNAIL cache_lookup result=hit elapsed_us=3 uri=/run/media/peet/Data-500GB/Meerkat Site Pictures/Meerkat Site Pics - Cellphone/Meerkat 200km Fence/20250611_135528.jpg
PIC_THUMBNAIL cache_lookup result=hit elapsed_us=2 uri=/run/media/peet/Data-500GB/Meerkat Site Pictures/Meerkat Site Pics - Cellphone/Meerkat 200km Fence/20250611_135518.jpg
PIC_THUMBNAIL cache_lookup result=hit elapsed_us=3 uri=/run/media/peet/Data-500GB/Work-FB/FB-2025-Rhino Linings/20250611_135510.jpg
PIC_THUMBNAIL cache_lookup result=hit elapsed_us=2 uri=/run/media/peet/Data-500GB/Work-FB/FB-2025-Rhino Linings/20250611_135433.jpg
PIC_THUMBNAIL cache_lookup result=hit elapsed_us=2 uri=/run/media/peet/Data-500GB/Work-FB/FB-2025-Rhino Linings/20250611_135425.jpg
PIC_THUMBNAIL cache_lookup result=hit elapsed_us=2 uri=/run/media/peet/Data-500GB/Work-FB/FB-2025-Rhino Linings/20250611_135405.jpg
PIC_THUMBNAIL cache_lookup result=hit elapsed_us=2 uri=/run/media/peet/Data-500GB/Work-FB/FB-2025-Rhino Linings/20250611_135353.jpg
PIC_THUMBNAIL cache_lookup result=hit elapsed_us=3 uri=/run/media/peet/Data-500GB/Work-FB/FB-2025-Rhino Linings/20250611_135335.jpg
PIC_THUMBNAIL cache_lookup result=hit elapsed_us=3 uri=/run/media/peet/Data-500GB/Work-FB/FB-2025-Rhino Linings/20250611_135318.jpg
PIC_THUMBNAIL cache_lookup result=hit elapsed_us=3 uri=/run/media/peet/Data-500GB/Work-FB/FB-2025-Rhino Linings/20250611_135304.jpg
PIC_THUMBNAIL cache_lookup result=hit elapsed_us=3 uri=/run/media/peet/Data-500GB/Work-FB/FB-2025-Rhino Linings/20250611_135256.jpg
PIC_THUMBNAIL cache_lookup result=hit elapsed_us=2 uri=/run/media/peet/Data-500GB/Work-FB/FB-2025-Rhino Linings/20250611_135242.jpg
PIC_THUMBNAIL cache_lookup result=hit elapsed_us=3 uri=/run/media/peet/Data-500GB/Work-FB/FB-2025-FUCHS/20250611_134933.jpg
PIC_THUMBNAIL cache_lookup result=hit elapsed_us=2 uri=/run/media/peet/Data-500GB/Work-FB/FB-2025-FUCHS/20250611_134920.jpg
PIC_THUMBNAIL cache_lookup result=hit elapsed_us=2 uri=/run/media/peet/Data-500GB/Work-FB/FB-2025-FUCHS/20250611_134717.jpg
PIC_THUMBNAIL cache_lookup result=hit elapsed_us=2 uri=/run/media/peet/Data-500GB/Work-FB/FB-2025-FUCHS/20250611_134641.jpg
PIC_THUMBNAIL cache_lookup result=hit elapsed_us=3 uri=/run/media/peet/Data-500GB/Work-FB/FB-2025-FUCHS/20250611_134636.jpg
PIC_THUMBNAIL cache_lookup result=hit elapsed_us=2 uri=/run/media/peet/Data-500GB/Work-FB/FB-2025-FUCHS/20250611_134603.jpg
PIC_THUMBNAIL cache_lookup result=hit elapsed_us=3 uri=/run/media/peet/Data-500GB/Work-FB/FB-2025-FUCHS/20250611_134559.jpg
PIC_THUMBNAIL cache_lookup result=hit elapsed_us=2 uri=/run/media/peet/Data-500GB/Meerkat Site Pictures/Meerkat Site Pics - Cellphone/Meerkat 200km Fence/20250611_131630.jpg
PIC_THUMBNAIL cache_lookup result=hit elapsed_us=2 uri=/run/media/peet/Data-500GB/Meerkat Site Pictures/Meerkat Site Pics - Cellphone/Meerkat 200km Fence/20250611_131628.jpg
PIC_THUMBNAIL cache_lookup result=hit elapsed_us=2 uri=/run/media/peet/Data-500GB/Meerkat Site Pictures/Meerkat Site Pics - Cellphone/Meerkat 200km Fence/20250611_131627.jpg
PIC_THUMBNAIL cache_lookup result=hit elapsed_us=2 uri=/run/media/peet/Data-500GB/Meerkat Site Pictures/Meerkat Site Pics - Cellphone/Meerkat 200km Fence/20250611_131626(0).jpg
PIC_THUMBNAIL cache_lookup result=hit elapsed_us=2 uri=/run/media/peet/Data-500GB/Meerkat Site Pictures/Meerkat Site Pics - Cellphone/Meerkat 200km Fence/20250611_131626.jpg
PIC_THUMBNAIL cache_lookup result=hit elapsed_us=3 uri=/run/media/peet/Data-500GB/Work-FB/FB-2025-Walmer Main Medical & Wellness/20250611_125729.jpg
PIC_THUMBNAIL cache_lookup result=hit elapsed_us=3 uri=/run/media/peet/Data-500GB/Work-FB/FB-2025-Walmer Main Medical & Wellness/20250611_125719.jpg
PIC_THUMBNAIL cache_lookup result=hit elapsed_us=2 uri=/run/media/peet/Data-500GB/Work-FB/FB-2025-Walmer Main Medical & Wellness/20250611_125652.jpg
PIC_THUMBNAIL cache_lookup result=hit elapsed_us=3 uri=/run/media/peet/Data-500GB/Work-FB/FB-2025-Walmer Main Medical & Wellness/20250611_125622.jpg
PIC_THUMBNAIL cache_lookup result=hit elapsed_us=2 uri=/run/media/peet/Data-500GB/Work-FB/FB-2025-Walmer Main Medical & Wellness/20250611_125612.jpg
PIC_THUMBNAIL cache_lookup result=hit elapsed_us=2 uri=/run/media/peet/Data-500GB/Work-FB/FB-2025-Walmer Main Medical & Wellness/20250611_125547.jpg
PIC_THUMBNAIL cache_lookup result=hit elapsed_us=3 uri=/run/media/peet/Data-500GB/Work-FB/FB-2025-Walmer Main Medical & Wellness/20250611_125528.jpg
PIC_THUMBNAIL cache_lookup result=hit elapsed_us=2 uri=/run/media/peet/Data-500GB/Work-FB/FB-2025-Walmer Main Medical & Wellness/20250611_125523.jpg
PIC_THUMBNAIL cache_lookup result=hit elapsed_us=3 uri=/run/media/peet/Data-500GB/Work-FB/FB-2025-Walmer Main Medical & Wellness/20250611_125508.jpg
PIC_THUMBNAIL cache_lookup result=hit elapsed_us=3 uri=/run/media/peet/Data-500GB/Work-FB/FB-2025-Walmer Main Medical & Wellness/20250611_125447.jpg
PIC_THUMBNAIL cache_lookup result=hit elapsed_us=4 uri=/run/media/peet/Data-500GB/Work-FB/FB-2025-Walmer Main Medical & Wellness/20250611_125434.jpg
PIC_THUMBNAIL cache_lookup result=hit elapsed_us=2 uri=/run/media/peet/Data-500GB/Work-FB/FB-2025-Walmer Main Medical & Wellness/20250611_125414.jpg
PIC_THUMBNAIL cache_lookup result=hit elapsed_us=3 uri=/run/media/peet/Data-500GB/Work-FB/FB-2025-Walmer Main Medical & Wellness/20250611_125409.jpg
PIC_THUMBNAIL cache_lookup result=hit elapsed_us=2 uri=/run/media/peet/Data-500GB/Work-FB/FB-2025-Walmer Main Medical & Wellness/20250611_125401.jpg
PIC_THUMBNAIL cache_lookup result=hit elapsed_us=2 uri=/run/media/peet/Data-500GB/Work-FB/FB-2025-Walmer Main Medical & Wellness/20250611_125350.jpg
PIC_THUMBNAIL cache_lookup result=hit elapsed_us=2 uri=/run/media/peet/Data-500GB/Work-FB/FB-2025-Walmer Main Medical & Wellness/20250611_125322.jpg
PIC_THUMBNAIL cache_lookup result=hit elapsed_us=2 uri=/run/media/peet/Data-500GB/Work-FB/FB-2025-Walmer Main Medical & Wellness/20250611_125312.jpg
PIC_THUMBNAIL cache_lookup result=hit elapsed_us=2 uri=/run/media/peet/Data-500GB/Work-FB/FB-2025-Walmer Main Medical & Wellness/20250611_125305.jpg
PIC_THUMBNAIL cache_lookup result=hit elapsed_us=3 uri=/run/media/peet/Data-500GB/Work-FB/FB-2025-ClearVu-Home-Parsons Hill/20250611_123617.jpg
PIC_THUMBNAIL cache_lookup result=hit elapsed_us=3 uri=/run/media/peet/Data-500GB/Work-FB/FB-2025-ClearVu-Home-Parsons Hill/20250611_123549.jpg
PIC_THUMBNAIL cache_lookup result=hit elapsed_us=3 uri=/run/media/peet/Data-500GB/Work-FB/FB-2025-ClearVu-Home-Parsons Hill/20250611_123518.jpg
PIC_THUMBNAIL cache_lookup result=hit elapsed_us=3 uri=/run/media/peet/Data-500GB/Work-FB/FB-2025-ClearVu-Home-Parsons Hill/20250611_123445.jpg
PIC_THUMBNAIL cache_lookup result=hit elapsed_us=2 uri=/run/media/peet/Data-500GB/Work-FB/FB-2025-ClearVu-Home-Parsons Hill/20250611_123439.jpg
PIC_THUMBNAIL cache_lookup result=hit elapsed_us=2 uri=/run/media/peet/Data-500GB/Work-FB/FB-2025-ClearVu-Home-Parsons Hill/20250611_123416.jpg
PIC_THUMBNAIL cache_lookup result=hit elapsed_us=2 uri=/run/media/peet/Data-500GB/Work-FB/FB-2025-ClearVu-Home-Parsons Hill/20250611_123404.jpg
PIC_THUMBNAIL cache_lookup result=hit elapsed_us=3 uri=/run/media/peet/Data-500GB/Work-FB/FB-2025-ClearVu-Home-Parsons Hill/20250611_123342.jpg
PIC_THUMBNAIL cache_lookup result=hit elapsed_us=3 uri=/run/media/peet/Data-500GB/Work-FB/FB-2025-ClearVu-Home-Parsons Hill/20250611_123322.jpg
PIC_THUMBNAIL cache_lookup result=hit elapsed_us=3 uri=/run/media/peet/Data-500GB/Work-FB/FB-2025-ClearVu-Home-Parsons Hill/20250611_123256.jpg
PIC_THUMBNAIL cache_lookup result=hit elapsed_us=3 uri=/run/media/peet/Data-500GB/Work-FB/FB-2025-ClearVu-Home-Parsons Hill/20250611_123246.jpg
PIC_THUMBNAIL cache_lookup result=hit elapsed_us=3 uri=/run/media/peet/Data-500GB/Work-FB/FB-2025-ClearVu-Home-Parsons Hill/20250611_123226.jpg
PIC_THUMBNAIL cache_lookup result=hit elapsed_us=2 uri=/run/media/peet/Data-500GB/Work-FB/FB-2025-ClearVu-Home-Parsons Hill/20250611_122802.jpg
PIC_THUMBNAIL cache_lookup result=hit elapsed_us=2 uri=/run/media/peet/Data-500GB/Work-FB/FB-2025-ClearVu-Home-Parsons Hill/20250611_122744.jpg
PIC_THUMBNAIL cache_lookup result=hit elapsed_us=3 uri=/run/media/peet/Data-500GB/Meerkat Site Pictures/Meerkat Site Pics - Cellphone/Meerkat 200km Fence/20250611_115535.jpg
PIC_THUMBNAIL cache_lookup result=hit elapsed_us=2 uri=/run/media/peet/Data-500GB/Meerkat Site Pictures/Meerkat Site Pics - Cellphone/Meerkat 200km Fence/20250611_082130.jpg
PIC_THUMBNAIL cache_lookup result=hit elapsed_us=3 uri=/run/media/peet/Data-500GB/Meerkat Site Pictures/Meerkat Site Pics - Cellphone/Meerkat 200km Fence/20250611_071449.dng
PIC_THUMBNAIL cache_lookup result=hit elapsed_us=3 uri=/run/media/peet/Data-500GB/Meerkat Site Pictures/Meerkat Site Pics - Cellphone/Meerkat 200km Fence/20250611_071449.jpg
PIC_THUMBNAIL cache_lookup result=hit elapsed_us=2 uri=/run/media/peet/Data-500GB/Meerkat Site Pictures/Meerkat Site Pics - Cellphone/Meerkat 200km Fence/20250611_071444.dng
PIC_THUMBNAIL cache_lookup result=hit elapsed_us=2 uri=/run/media/peet/Data-500GB/Meerkat Site Pictures/Meerkat Site Pics - Cellphone/Meerkat 200km Fence/20250611_071444.jpg
PIC_THUMBNAIL cache_lookup result=hit elapsed_us=2 uri=/run/media/peet/Data-500GB/Meerkat Site Pictures/Meerkat Site Pics - Cellphone/Meerkat 200km Fence/20250611_071417.dng
PIC_THUMBNAIL cache_lookup result=hit elapsed_us=2 uri=/run/media/peet/Data-500GB/Meerkat Site Pictures/Meerkat Site Pics - Cellphone/Meerkat 200km Fence/20250611_071417.jpg
PIC_THUMBNAIL cache_lookup result=hit elapsed_us=2 uri=/run/media/peet/Data-500GB/Meerkat Site Pictures/Meerkat Site Pics - Cellphone/Meerkat 200km Fence/20250611_071413.dng
PIC_THUMBNAIL cache_lookup result=hit elapsed_us=2 uri=/run/media/peet/Data-500GB/Meerkat Site Pictures/Meerkat Site Pics - Cellphone/Meerkat 200km Fence/20250611_071413.jpg
PIC_THUMBNAIL cache_lookup result=hit elapsed_us=2 uri=/run/media/peet/Data-500GB/Meerkat Site Pictures/Meerkat Site Pics - Cellphone/Meerkat 200km Fence/20250611_071358.dng
PIC_THUMBNAIL cache_lookup result=hit elapsed_us=2 uri=/run/media/peet/Data-500GB/Meerkat Site Pictures/Meerkat Site Pics - Cellphone/Meerkat 200km Fence/20250611_071358.jpg
PIC_THUMBNAIL cache_lookup result=hit elapsed_us=2 uri=/run/media/peet/Data-500GB/Meerkat Site Pictures/Meerkat Site Pics - Cellphone/Meerkat 200km Fence/20250611_071353.dng
PIC_THUMBNAIL cache_lookup result=hit elapsed_us=2 uri=/run/media/peet/Data-500GB/Meerkat Site Pictures/Meerkat Site Pics - Cellphone/Meerkat 200km Fence/20250611_071353.jpg
PIC_THUMBNAIL cache_lookup result=hit elapsed_us=2 uri=/run/media/peet/Data-500GB/Meerkat Site Pictures/Meerkat Site Pics - Cellphone/Meerkat 200km Fence/20250611_071348.dng
PIC_THUMBNAIL cache_lookup result=hit elapsed_us=3 uri=/run/media/peet/Data-500GB/Meerkat Site Pictures/Meerkat Site Pics - Cellphone/Meerkat 200km Fence/20250611_071348.jpg
PIC_THUMBNAIL cache_lookup result=hit elapsed_us=2 uri=/run/media/peet/Data-500GB/Meerkat Site Pictures/Meerkat Site Pics - Cellphone/Meerkat 200km Fence/20250611_071344.dng
PIC_THUMBNAIL cache_lookup result=hit elapsed_us=2 uri=/run/media/peet/Data-500GB/Meerkat Site Pictures/Meerkat Site Pics - Cellphone/Meerkat 200km Fence/20250611_071344.jpg
PIC_THUMBNAIL cache_lookup result=hit elapsed_us=3 uri=/run/media/peet/Data-500GB/Meerkat Site Pictures/Meerkat Site Pics - Cellphone/Meerkat 200km Fence/20250611_071324.jpg
PIC_THUMBNAIL cache_lookup result=hit elapsed_us=3 uri=/run/media/peet/Data-500GB/Meerkat Site Pictures/Meerkat Site Pics - Cellphone/Meerkat 200km Fence/20250611_071319.jpg
PIC_THUMBNAIL cache_lookup result=hit elapsed_us=2 uri=/run/media/peet/Data-500GB/Meerkat Site Pictures/Meerkat Site Pics - Cellphone/Meerkat 200km Fence/20250611_071313.jpg
PIC_THUMBNAIL cache_lookup result=hit elapsed_us=4 uri=/run/media/peet/Data-500GB/Meerkat Site Pictures/Meerkat Site Pics - Cellphone/Meerkat 200km Fence/20250611_071309.jpg
PIC_THUMBNAIL cache_lookup result=hit elapsed_us=4 uri=/run/media/peet/Data-500GB/Meerkat Site Pictures/Meerkat Site Pics - Cellphone/Meerkat 200km Fence/20250611_071306.jpg
PIC_THUMBNAIL cache_lookup result=hit elapsed_us=4 uri=/run/media/peet/Data-500GB/Meerkat Site Pictures/Meerkat Site Pics - Cellphone/Meerkat 200km Fence/20250611_071246.jpg
PIC_THUMBNAIL cache_lookup result=hit elapsed_us=3 uri=/run/media/peet/Data-500GB/Meerkat Site Pictures/Meerkat Site Pics - Cellphone/Meerkat 200km Fence/20250611_071237.jpg
PIC_THUMBNAIL cache_lookup result=hit elapsed_us=3 uri=/run/media/peet/Data-500GB/Meerkat Site Pictures/Meerkat Site Pics - Cellphone/Meerkat 200km Fence/20250611_071220.jpg
PIC_THUMBNAIL cache_lookup result=hit elapsed_us=2 uri=/run/media/peet/Data-500GB/Meerkat Site Pictures/Meerkat Site Pics - Cellphone/Meerkat 200km Fence/20250611_071218.jpg
PIC_THUMBNAIL cache_lookup result=hit elapsed_us=2 uri=/run/media/peet/Data-500GB/Meerkat Site Pictures/Meerkat Site Pics - Cellphone/Meerkat 200km Fence/20250611_071206.jpg
PIC_THUMBNAIL cache_lookup result=hit elapsed_us=2 uri=/run/media/peet/Data-500GB/Meerkat Site Pictures/Meerkat Site Pics - Cellphone/Meerkat 200km Fence/20250610_165041.jpg
PIC_THUMBNAIL cache_lookup result=hit elapsed_us=3 uri=/run/media/peet/Data-500GB/Meerkat Site Pictures/Meerkat Site Pics - Cellphone/Meerkat 200km Fence/20250610_164703.jpg
PIC_THUMBNAIL cache_lookup result=hit elapsed_us=2 uri=/run/media/peet/Data-500GB/Meerkat Site Pictures/Meerkat Site Pics - Cellphone/Meerkat 200km Fence/20250610_164301.jpg
PIC_THUMBNAIL cache_lookup result=hit elapsed_us=3 uri=/run/media/peet/Data-500GB/Meerkat Site Pictures/Meerkat Site Pics - Cellphone/Meerkat 200km Fence/20250610_164122.jpg
PIC_THUMBNAIL cache_lookup result=hit elapsed_us=3 uri=/run/media/peet/Data-500GB/Meerkat Site Pictures/Meerkat Site Pics - Cellphone/Meerkat 200km Fence/20250610_163934.jpg
PIC_THUMBNAIL cache_lookup result=hit elapsed_us=2 uri=/run/media/peet/Data-500GB/Meerkat Site Pictures/Meerkat Site Pics - Cellphone/Meerkat 200km Fence/20250610_163836.jpg
PIC_THUMBNAIL cache_lookup result=hit elapsed_us=2 uri=/run/media/peet/Data-500GB/Meerkat Site Pictures/Meerkat Site Pics - Cellphone/Meerkat 200km Fence/20250610_163808.jpg
PIC_THUMBNAIL cache_lookup result=hit elapsed_us=2 uri=/run/media/peet/Data-500GB/Meerkat Site Pictures/Meerkat Site Pics - Cellphone/Meerkat 200km Fence/20250610_163801.jpg
PIC_THUMBNAIL cache_lookup result=hit elapsed_us=2 uri=/run/media/peet/Data-500GB/Meerkat Site Pictures/Meerkat Site Pics - Cellphone/Meerkat 200km Fence/20250610_163748.jpg
PIC_THUMBNAIL cache_lookup result=hit elapsed_us=2 uri=/run/media/peet/Data-500GB/Meerkat Site Pictures/Meerkat Site Pics - Cellphone/Meerkat 200km Fence/20250610_163745.jpg
PIC_THUMBNAIL cache_lookup result=hit elapsed_us=3 uri=/run/media/peet/Data-500GB/Meerkat Site Pictures/Meerkat Site Pics - Cellphone/Meerkat 200km Fence/20250610_163743.jpg
PIC_THUMBNAIL cache_lookup result=hit elapsed_us=2 uri=/run/media/peet/Data-500GB/Meerkat Site Pictures/Meerkat Site Pics - Cellphone/Meerkat 200km Fence/20250610_163720.jpg
PIC_THUMBNAIL cache_lookup result=hit elapsed_us=2 uri=/run/media/peet/Data-500GB/Meerkat Site Pictures/Meerkat Site Pics - Cellphone/Meerkat 200km Fence/20250610_163640.jpg
PIC_THUMBNAIL cache_lookup result=hit elapsed_us=3 uri=/run/media/peet/Data-500GB/Meerkat Site Pictures/Meerkat Site Pics - Cellphone/Meerkat 200km Fence/20250610_160620.jpg
PIC_THUMBNAIL cache_lookup result=hit elapsed_us=2 uri=/run/media/peet/Data-500GB/Meerkat Site Pictures/Meerkat Site Pics - Cellphone/Meerkat 200km Fence/20250610_121745.jpg
PIC_THUMBNAIL cache_lookup result=hit elapsed_us=2 uri=/run/media/peet/Data-500GB/Meerkat Site Pictures/Meerkat Site Pics - Cellphone/Meerkat 200km Fence/20250610_121744.jpg
PIC_THUMBNAIL cache_lookup result=hit elapsed_us=2 uri=/run/media/peet/Data-500GB/Meerkat Site Pictures/Meerkat Site Pics - Cellphone/Meerkat 200km Fence/20250610_121701.jpg
PIC_THUMBNAIL cache_lookup result=hit elapsed_us=2 uri=/run/media/peet/Data-500GB/Meerkat Site Pictures/Meerkat Site Pics - Cellphone/Meerkat 200km Fence/20250610_121657.jpg
PIC_THUMBNAIL cache_lookup result=hit elapsed_us=2 uri=/run/media/peet/Data-500GB/Meerkat Site Pictures/Meerkat Site Pics - Cellphone/Meerkat 200km Fence/20250610_081558.jpg
PIC_THUMBNAIL cache_lookup result=hit elapsed_us=3 uri=/run/media/peet/Data-500GB/Meerkat Site Pictures/Meerkat Site Pics - Cellphone/Meerkat 200km Fence/20250610_081550.jpg
PIC_THUMBNAIL cache_lookup result=hit elapsed_us=3 uri=/run/media/peet/Data-500GB/Meerkat Site Pictures/Meerkat Site Pics - Cellphone/Meerkat 200km Fence/20250610_071606.jpg
PIC_THUMBNAIL cache_lookup result=hit elapsed_us=3 uri=/run/media/peet/Data-500GB/Work-FB/Drone Building/hmf-money-trees.jpg
PIC_THUMBNAIL cache_lookup result=hit elapsed_us=2 uri=/run/media/peet/Data-500GB/Work-FB/FB-2025-Plet-Boardwalk Estate/20250528_080740.jpg
PIC_THUMBNAIL cache_lookup result=hit elapsed_us=2 uri=/run/media/peet/Data-500GB/Work-FB/FB-2025-Plet-Boardwalk Estate/20250528_080441.jpg
PIC_THUMBNAIL cache_lookup result=hit elapsed_us=3 uri=/run/media/peet/Data-500GB/Work-FB/FB-2025-Plet-Boardwalk Estate/20250528_080429.jpg
PIC_THUMBNAIL cache_lookup result=hit elapsed_us=3 uri=/run/media/peet/Data-500GB/Work-FB/FB-2025-Plet-Boardwalk Estate/20250528_080421.jpg
PIC_THUMBNAIL cache_lookup result=hit elapsed_us=3 uri=/run/media/peet/Data-500GB/Work-FB/FB-2025-Plet-Boardwalk Estate/20250528_080404.jpg
PIC_THUMBNAIL cache_lookup result=hit elapsed_us=2 uri=/run/media/peet/Data-500GB/Work-FB/FB-2025-Plet-Boardwalk Estate/20250528_080313.jpg
PIC_THUMBNAIL cache_lookup result=hit elapsed_us=2 uri=/run/media/peet/Data-500GB/Work-FB/FB-2025-Plet-Boardwalk Estate/20250528_080252.jpg
PIC_THUMBNAIL cache_lookup result=hit elapsed_us=2 uri=/run/media/peet/Data-500GB/Work-FB/FB-2025-Plet-Langdown/20250528_073741.jpg
PIC_THUMBNAIL cache_lookup result=hit elapsed_us=3 uri=/run/media/peet/Data-500GB/Work-FB/Drone Building/MOney-trees-DJI_0023.jpg
PIC_THUMBNAIL cache_lookup result=hit elapsed_us=3 uri=/run/media/peet/A2E00CB6E00C92A9/temp/FB-2026-Electric Fences/FB-Electric Fence 7/20250523_102115.jpg
PIC_THUMBNAIL cache_lookup result=hit elapsed_us=3 uri=/run/media/peet/A2E00CB6E00C92A9/temp/FB-2026-Electric Fences/FB-Electric Fence 7/20250523_102102.jpg
PIC_THUMBNAIL cache_lookup result=hit elapsed_us=2 uri=/run/media/peet/A2E00CB6E00C92A9/temp/FB-2026-Electric Fences/FB-Electric Fence 7/20250523_102053.jpg
PIC_THUMBNAIL cache_lookup result=hit elapsed_us=2 uri=/run/media/peet/A2E00CB6E00C92A9/temp/FB-2026-Electric Fences/FB-Electric Fence 7/20250523_102045.jpg
PIC_THUMBNAIL cache_lookup result=hit elapsed_us=2 uri=/run/media/peet/A2E00CB6E00C92A9/temp/FB-2026-Electric Fences/FB-Electric Fence 7/20250523_102038.jpg
PIC_THUMBNAIL cache_lookup result=hit elapsed_us=2 uri=/run/media/peet/Data-500GB/Meerkat Site Pictures/Meerkat Site Pics - Cellphone/Meerkat 200km Fence/20250518_133254.jpg
PIC_THUMBNAIL cache_lookup result=hit elapsed_us=2 uri=/run/media/peet/Data-500GB/Meerkat Site Pictures/Meerkat Site Pics - Cellphone/Meerkat 200km Fence/20250518_132721.jpg
PIC_THUMBNAIL cache_lookup result=hit elapsed_us=2 uri=/run/media/peet/Data-500GB/Meerkat Site Pictures/Meerkat Site Pics - Cellphone/Meerkat 200km Fence/20250518_132648.jpg
PIC_THUMBNAIL cache_lookup result=hit elapsed_us=2 uri=/run/media/peet/Data-500GB/Meerkat Site Pictures/Meerkat Site Pics - Cellphone/Meerkat 200km Fence/20250518_132646.jpg
PIC_THUMBNAIL cache_lookup result=hit elapsed_us=2 uri=/run/media/peet/Data-500GB/Work-FB/FB-2025-Plet-N2/20250515_093328.jpg
PIC_THUMBNAIL cache_lookup result=hit elapsed_us=2 uri=/run/media/peet/Data-500GB/Work-FB/FB-2025-Plet-N2/20250515_093215.jpg
PIC_THUMBNAIL cache_lookup result=hit elapsed_us=2 uri=/run/media/peet/Data-500GB/Work-FB/FB-2025-Plet-N2/20250515_093112.jpg
PIC_THUMBNAIL cache_lookup result=hit elapsed_us=3 uri=/run/media/peet/Data-500GB/Work-FB/FB-2025-Plet-N2/20250515_093019.jpg
PIC_THUMBNAIL cache_lookup result=hit elapsed_us=3 uri=/run/media/peet/Data-500GB/Work-FB/FB-2025-Plet-N2/20250515_092944.jpg
PIC_THUMBNAIL cache_lookup result=hit elapsed_us=2 uri=/run/media/peet/Data-500GB/Work-FB/FB-2025-Plet-N2/20250515_092927.jpg
PIC_THUMBNAIL cache_lookup result=hit elapsed_us=3 uri=/run/media/peet/Data-500GB/Work-FB/FB-2025-Plet-N2/20250515_092908.jpg
PIC_THUMBNAIL cache_lookup result=hit elapsed_us=3 uri=/run/media/peet/Data-500GB/Work-FB/FB-2025-Plet-N2/20250515_092626.jpg
PIC_THUMBNAIL cache_lookup result=hit elapsed_us=3 uri=/run/media/peet/Data-500GB/Work-FB/FB-2025-Plet-N2/20250515_092619.jpg
PIC_THUMBNAIL cache_lookup result=hit elapsed_us=3 uri=/run/media/peet/Data-500GB/Work-FB/FB-2025-Plet-N2/20250515_092517.jpg
PIC_THUMBNAIL cache_lookup result=hit elapsed_us=2 uri=/run/media/peet/Data-500GB/Work-FB/FB-2025-Plet-N2/20250515_092504.jpg
PIC_THUMBNAIL cache_lookup result=hit elapsed_us=2 uri=/run/media/peet/Data-500GB/Work-FB/FB-2025-Plet-N2/20250515_092353.jpg
PIC_THUMBNAIL cache_lookup result=hit elapsed_us=2 uri=/run/media/peet/Data-500GB/Work-FB/FB-2025-Plet-N2/20250515_092332.jpg
PIC_THUMBNAIL cache_lookup result=hit elapsed_us=3 uri=/run/media/peet/Data-500GB/Work-FB/FB-2025-Bitou Municipal/20250515_082225.jpg
PIC_THUMBNAIL cache_lookup result=hit elapsed_us=3 uri=/run/media/peet/Data-500GB/Work-FB/FB-2025-Bitou Municipal/20250515_082206.jpg
PIC_THUMBNAIL cache_lookup result=hit elapsed_us=3 uri=/run/media/peet/Data-500GB/Work-FB/FB-2025-Bitou Municipal/20250515_082106.jpg
PIC_THUMBNAIL cache_lookup result=hit elapsed_us=3 uri=/run/media/peet/Data-500GB/Work-FB/FB-2025-Bitou Municipal/20250515_082040.jpg
PIC_THUMBNAIL cache_lookup result=hit elapsed_us=2 uri=/run/media/peet/Data-500GB/Work-FB/FB-2025-Bitou Municipal/20250515_082017.jpg
PIC_THUMBNAIL cache_lookup result=hit elapsed_us=2 uri=/run/media/peet/Data-500GB/Work-FB/FB-2025-Plet-Langdown/20250515_075715.jpg
PIC_THUMBNAIL cache_lookup result=hit elapsed_us=3 uri=/run/media/peet/Data-500GB/Work-FB/FB-2025-Plet-Langdown/20250515_075702.jpg
PIC_THUMBNAIL cache_lookup result=hit elapsed_us=2 uri=/run/media/peet/Data-500GB/Work-FB/FB-2025-Plet-Langdown/20250515_075431.jpg
PIC_THUMBNAIL cache_lookup result=hit elapsed_us=2 uri=/run/media/peet/Data-500GB/Work-FB/FB-2025-Plet-Langdown/20250515_075423.jpg
PIC_THUMBNAIL cache_lookup result=hit elapsed_us=2 uri=/run/media/peet/Data-500GB/Work-FB/FB-2025-Plet-Langdown/20250515_075415.jpg
PIC_THUMBNAIL cache_lookup result=hit elapsed_us=3 uri=/run/media/peet/Data-500GB/Work-FB/FB-2025-Plet-Langdown/20250515_075352.jpg
PIC_THUMBNAIL cache_lookup result=hit elapsed_us=2 uri=/run/media/peet/Data-500GB/Work-FB/FB-2025-Plet-Langdown/20250515_075347.jpg
PIC_THUMBNAIL cache_lookup result=hit elapsed_us=3 uri=/run/media/peet/Data-500GB/Work-FB/FB-2025-Plet-Langdown/20250515_075338.jpg
PIC_THUMBNAIL cache_lookup result=hit elapsed_us=2 uri=/run/media/peet/Data-500GB/Work-FB/FB-2025-Plet-Langdown/20250515_075221.jpg
PIC_THUMBNAIL cache_lookup result=hit elapsed_us=2 uri=/run/media/peet/Data-500GB/Work-FB/FB-2025-Plet-Langdown/20250515_075206.jpg
PIC_THUMBNAIL cache_lookup result=hit elapsed_us=3 uri=/run/media/peet/Data-500GB/Work-FB/FB-2025-Plet-Boardwalk Estate/20250515_073045.jpg
PIC_THUMBNAIL cache_lookup result=hit elapsed_us=3 uri=/run/media/peet/Data-500GB/Work-FB/FB-2025-Plet-Boardwalk Estate/20250515_071217.jpg
PIC_THUMBNAIL cache_lookup result=hit elapsed_us=3 uri=/run/media/peet/Data-500GB/Meerkat Site Pictures/Meerkat Site Pics - Cellphone/Meerkat 200km Fence/20250512_155339.jpg
PIC_THUMBNAIL cache_lookup result=hit elapsed_us=2 uri=/run/media/peet/Data-500GB/Meerkat Site Pictures/Meerkat Site Pics - Cellphone/Meerkat 200km Fence/20250511_161941.jpg
PIC_THUMBNAIL cache_lookup result=hit elapsed_us=2 uri=/run/media/peet/Data-500GB/Meerkat Site Pictures/Meerkat Site Pics - Cellphone/Meerkat 200km Fence/IMG-20250509-WA0097.jpg
PIC_THUMBNAIL cache_lookup result=hit elapsed_us=2 uri=/run/media/peet/Data-500GB/Meerkat Site Pictures/Meerkat Site Pics - Cellphone/Meerkat 200km Fence/20250508_181141.jpg
PIC_THUMBNAIL cache_lookup result=hit elapsed_us=3 uri=/run/media/peet/Data-500GB/Meerkat Site Pictures/Meerkat Site Pics - Cellphone/Meerkat 200km Fence/20250508_181138.jpg
PIC_THUMBNAIL cache_lookup result=hit elapsed_us=2 uri=/run/media/peet/Data-500GB/Work-FB/FB-2025-Meerkat Site/20250508_181121.jpg
PIC_THUMBNAIL cache_lookup result=hit elapsed_us=2 uri=/run/media/peet/Data-500GB/Meerkat Site Pictures/Meerkat Site Pics - Cellphone/Meerkat 200km Fence/20250508_181107.jpg
PIC_THUMBNAIL cache_lookup result=hit elapsed_us=2 uri=/run/media/peet/Data-500GB/Work-FB/FB-2025-Somerset-East-Smart Electric fence/Smartfence SMART7612 (30).jpg
PIC_THUMBNAIL cache_lookup result=hit elapsed_us=2 uri=/run/media/peet/Data-500GB/Work-FB/FB-2025-Somerset-East-Smart Electric fence/Smartfence SMART7612 (29).jpg
PIC_THUMBNAIL cache_lookup result=hit elapsed_us=3 uri=/run/media/peet/Data-500GB/Work-FB/FB-2025-Somerset-East-Smart Electric fence/Smartfence SMART7612 (28).jpg
PIC_THUMBNAIL cache_lookup result=hit elapsed_us=3 uri=/run/media/peet/Data-500GB/Work-FB/FB-2025-Somerset-East-Smart Electric fence/Smartfence SMART7612 (27).jpg
PIC_THUMBNAIL cache_lookup result=hit elapsed_us=3 uri=/run/media/peet/Data-500GB/Work-FB/FB-2025-Somerset-East-Smart Electric fence/Smartfence SMART7612 (26).jpg
PIC_THUMBNAIL cache_lookup result=hit elapsed_us=2 uri=/run/media/peet/Data-500GB/Work-FB/FB-2025-Somerset-East-Smart Electric fence/Smartfence SMART7612 (25).jpg
PIC_THUMBNAIL cache_lookup result=hit elapsed_us=2 uri=/run/media/peet/Data-500GB/Work-FB/FB-2025-Somerset-East-Smart Electric fence/Smartfence SMART7612 (24).jpg
PIC_THUMBNAIL cache_lookup result=hit elapsed_us=2 uri=/run/media/peet/Data-500GB/Work-FB/FB-2025-Somerset-East-Smart Electric fence/Smartfence SMART7612 (23).jpg
PIC_THUMBNAIL cache_lookup result=hit elapsed_us=3 uri=/run/media/peet/Data-500GB/Work-FB/FB-2025-Somerset-East-Smart Electric fence/Smartfence SMART7612 (22).jpg
PIC_THUMBNAIL cache_lookup result=hit elapsed_us=3 uri=/run/media/peet/Data-500GB/Work-FB/FB-2025-Somerset-East-Smart Electric fence/Smartfence SMART7612 (21).jpg
PIC_THUMBNAIL cache_lookup result=hit elapsed_us=2 uri=/run/media/peet/Data-500GB/Work-FB/FB-2025-Somerset-East-Smart Electric fence/Smartfence SMART7612 (20).jpg
PIC_THUMBNAIL cache_lookup result=hit elapsed_us=2 uri=/run/media/peet/Data-500GB/Work-FB/FB-2025-Somerset-East-Smart Electric fence/Smartfence SMART7612 (19).jpg
PIC_THUMBNAIL cache_lookup result=hit elapsed_us=2 uri=/run/media/peet/Data-500GB/Work-FB/FB-2025-Somerset-East-Smart Electric fence/Smartfence SMART7612 (18).jpg
PIC_THUMBNAIL cache_lookup result=hit elapsed_us=2 uri=/run/media/peet/Data-500GB/Work-FB/FB-2025-Somerset-East-Smart Electric fence/Smartfence SMART7612 (17).jpg
PIC_THUMBNAIL cache_lookup result=hit elapsed_us=2 uri=/run/media/peet/Data-500GB/Work-FB/FB-2025-Somerset-East-Smart Electric fence/Smartfence SMART7612 (16).jpg
PIC_THUMBNAIL cache_lookup result=hit elapsed_us=2 uri=/run/media/peet/Data-500GB/Work-FB/FB-2025-Somerset-East-Smart Electric fence/Smartfence SMART7612 (15).jpg
PIC_THUMBNAIL cache_lookup result=hit elapsed_us=2 uri=/run/media/peet/Data-500GB/Work-FB/FB-2025-Somerset-East-Smart Electric fence/Smartfence SMART7612 (14).jpg
PIC_THUMBNAIL cache_lookup result=hit elapsed_us=2 uri=/run/media/peet/Data-500GB/Work-FB/FB-2025-Somerset-East-Smart Electric fence/Smartfence SMART7612 (13).jpg
PIC_THUMBNAIL cache_lookup result=hit elapsed_us=3 uri=/run/media/peet/Data-500GB/Work-FB/FB-2025-Somerset-East-Smart Electric fence/Smartfence SMART7612 (12).jpg
PIC_THUMBNAIL cache_lookup result=hit elapsed_us=2 uri=/run/media/peet/Data-500GB/Work-FB/FB-2025-Somerset-East-Smart Electric fence/Smartfence SMART7612 (11).jpg
PIC_THUMBNAIL cache_lookup result=hit elapsed_us=2 uri=/run/media/peet/Data-500GB/Work-FB/FB-2025-Somerset-East-Smart Electric fence/Smartfence SMART7612 (10).jpg
PIC_THUMBNAIL cache_lookup result=hit elapsed_us=2 uri=/run/media/peet/Data-500GB/Work-FB/FB-2025-Somerset-East-Smart Electric fence/Smartfence SMART7612 (9).jpg
PIC_THUMBNAIL cache_lookup result=hit elapsed_us=3 uri=/run/media/peet/Data-500GB/Work-FB/FB-2025-Somerset-East-Smart Electric fence/Smartfence SMART7612 (8).jpg
PIC_THUMBNAIL cache_lookup result=hit elapsed_us=2 uri=/run/media/peet/Data-500GB/Work-FB/FB-2025-Somerset-East-Smart Electric fence/Smartfence SMART7612 (7).jpg
PIC_THUMBNAIL cache_lookup result=hit elapsed_us=2 uri=/run/media/peet/Data-500GB/Work-FB/FB-2025-Somerset-East-Smart Electric fence/Smartfence SMART7612 (6).jpg
PIC_THUMBNAIL cache_lookup result=hit elapsed_us=2 uri=/run/media/peet/Data-500GB/Work-FB/FB-2025-Somerset-East-Smart Electric fence/Smartfence SMART7612 (4).jpg
PIC_THUMBNAIL cache_lookup result=hit elapsed_us=2 uri=/run/media/peet/Data-500GB/Work-FB/FB-2025-Somerset-East-Smart Electric fence/Smartfence SMART7612 (5).jpg
PIC_THUMBNAIL cache_lookup result=hit elapsed_us=2 uri=/run/media/peet/Data-500GB/Work-FB/FB-2025-Somerset-East-Smart Electric fence/Smartfence SMART7612 (3).jpg
PIC_THUMBNAIL cache_lookup result=hit elapsed_us=2 uri=/run/media/peet/Data-500GB/Work-FB/FB-2025-Somerset-East-Smart Electric fence/Smartfence SMART7612 (2).jpg
PIC_THUMBNAIL cache_lookup result=hit elapsed_us=2 uri=/run/media/peet/Data-500GB/Work-FB/FB-2025-Somerset-East-Smart Electric fence/Smartfence SMART7612 (1).jpg
PIC_THUMBNAIL cache_lookup result=hit elapsed_us=2 uri=/run/media/peet/Data-500GB/Meerkat Site Pictures/Meerkat Site Pics - Cellphone/Meerkat 200km Fence/20250508_113110.jpg
PIC_THUMBNAIL cache_lookup result=hit elapsed_us=2 uri=/run/media/peet/Data-500GB/Meerkat Site Pictures/Meerkat Site Pics - Cellphone/Meerkat 200km Fence/20250508_113046.jpg
PIC_THUMBNAIL cache_lookup result=hit elapsed_us=2 uri=/run/media/peet/Data-500GB/Meerkat Site Pictures/Meerkat Site Pics - Cellphone/Meerkat 200km Fence/20250508_112958.jpg
PIC_THUMBNAIL cache_lookup result=hit elapsed_us=2 uri=/run/media/peet/Data-500GB/Meerkat Site Pictures/Meerkat Site Pics - Cellphone/Meerkat 200km Fence/20250507_163928.jpg
PIC_THUMBNAIL cache_lookup result=hit elapsed_us=2 uri=/run/media/peet/Data-500GB/Meerkat Site Pictures/Meerkat Site Pics - Cellphone/Meerkat 200km Fence/20250507_163923.jpg
PIC_THUMBNAIL cache_lookup result=hit elapsed_us=2 uri=/run/media/peet/Data-500GB/Meerkat Site Pictures/Meerkat Site Pics - Cellphone/Meerkat 200km Fence/20250507_163854.jpg
PIC_THUMBNAIL cache_lookup result=hit elapsed_us=2 uri=/run/media/peet/Data-500GB/Meerkat Site Pictures/Meerkat Site Pics - Cellphone/Meerkat 200km Fence/20250507_163853.jpg
PIC_THUMBNAIL cache_lookup result=hit elapsed_us=2 uri=/run/media/peet/Data-500GB/Meerkat Site Pictures/Meerkat Site Pics - Cellphone/Meerkat 200km Fence/20250507_163713.jpg
PIC_THUMBNAIL cache_lookup result=hit elapsed_us=2 uri=/run/media/peet/Data-500GB/Meerkat Site Pictures/Meerkat Site Pics - Cellphone/Meerkat 200km Fence/20250507_163710.jpg
PIC_THUMBNAIL cache_lookup result=hit elapsed_us=3 uri=/run/media/peet/Data-500GB/Meerkat Site Pictures/Meerkat Site Pics - Cellphone/Meerkat 200km Fence/20250507_122954.jpg
PIC_THUMBNAIL cache_lookup result=hit elapsed_us=2 uri=/run/media/peet/Data-500GB/Meerkat Site Pictures/Meerkat Site Pics - Cellphone/Meerkat 200km Fence/20250507_122951.jpg
PIC_THUMBNAIL cache_lookup result=hit elapsed_us=2 uri=/run/media/peet/Data-500GB/Meerkat Site Pictures/Meerkat Site Pics - Cellphone/Meerkat 200km Fence/20250507_122949.jpg
PIC_THUMBNAIL cache_lookup result=hit elapsed_us=2 uri=/run/media/peet/Data-500GB/Meerkat Site Pictures/Meerkat Site Pics - Cellphone/Meerkat 200km Fence/20250507_084531.dng
PIC_THUMBNAIL cache_lookup result=hit elapsed_us=2 uri=/run/media/peet/Data-500GB/Meerkat Site Pictures/Meerkat Site Pics - Cellphone/Meerkat 200km Fence/20250507_084531.jpg
PIC_THUMBNAIL cache_lookup result=hit elapsed_us=2 uri=/run/media/peet/Data-500GB/Meerkat Site Pictures/Meerkat Site Pics - Cellphone/Meerkat 200km Fence/20250507_084526.dng
PIC_THUMBNAIL cache_lookup result=hit elapsed_us=2 uri=/run/media/peet/Data-500GB/Meerkat Site Pictures/Meerkat Site Pics - Cellphone/Meerkat 200km Fence/20250507_084526.jpg
PIC_THUMBNAIL cache_lookup result=hit elapsed_us=2 uri=/run/media/peet/Data-500GB/Meerkat Site Pictures/Meerkat Site Pics - Cellphone/Meerkat 200km Fence/20250507_084523.dng
PIC_THUMBNAIL cache_lookup result=hit elapsed_us=2 uri=/run/media/peet/Data-500GB/Meerkat Site Pictures/Meerkat Site Pics - Cellphone/Meerkat 200km Fence/20250507_084523.jpg
PIC_THUMBNAIL cache_lookup result=hit elapsed_us=2 uri=/run/media/peet/Data-500GB/Meerkat Site Pictures/Meerkat Site Pics - Cellphone/Meerkat 200km Fence/20250507_084520.dng
PIC_THUMBNAIL cache_lookup result=hit elapsed_us=2 uri=/run/media/peet/Data-500GB/Meerkat Site Pictures/Meerkat Site Pics - Cellphone/Meerkat 200km Fence/20250507_084520.jpg
PIC_THUMBNAIL cache_lookup result=hit elapsed_us=2 uri=/run/media/peet/Data-500GB/Meerkat Site Pictures/Meerkat Site Pics - Cellphone/Meerkat 200km Fence/20250507_084510.jpg
PIC_THUMBNAIL cache_lookup result=hit elapsed_us=2 uri=/run/media/peet/Data-500GB/Meerkat Site Pictures/Meerkat Site Pics - Cellphone/Meerkat 200km Fence/20250507_084506.jpg
PIC_THUMBNAIL cache_lookup result=hit elapsed_us=2 uri=/run/media/peet/Data-500GB/Meerkat Site Pictures/Meerkat Site Pics - Cellphone/Meerkat 200km Fence/20250506_165833.dng
PIC_THUMBNAIL cache_lookup result=hit elapsed_us=2 uri=/run/media/peet/Data-500GB/Meerkat Site Pictures/Meerkat Site Pics - Cellphone/Meerkat 200km Fence/20250506_165833.jpg
PIC_THUMBNAIL cache_lookup result=hit elapsed_us=3 uri=/run/media/peet/Data-500GB/Meerkat Site Pictures/Meerkat Site Pics - Cellphone/Meerkat 200km Fence/20250506_165830.dng
PIC_THUMBNAIL cache_lookup result=hit elapsed_us=2 uri=/run/media/peet/Data-500GB/Meerkat Site Pictures/Meerkat Site Pics - Cellphone/Meerkat 200km Fence/20250506_165830.jpg
PIC_THUMBNAIL cache_lookup result=hit elapsed_us=2 uri=/run/media/peet/Data-500GB/Meerkat Site Pictures/Meerkat Site Pics - Cellphone/Meerkat 200km Fence/20250506_165825.dng
PIC_THUMBNAIL cache_lookup result=hit elapsed_us=2 uri=/run/media/peet/Data-500GB/Meerkat Site Pictures/Meerkat Site Pics - Cellphone/Meerkat 200km Fence/20250506_165825.jpg
PIC_THUMBNAIL cache_lookup result=hit elapsed_us=2 uri=/run/media/peet/Data-500GB/Meerkat Site Pictures/Meerkat Site Pics - Cellphone/Meerkat 200km Fence/20250506_165822.dng
PIC_THUMBNAIL cache_lookup result=hit elapsed_us=3 uri=/run/media/peet/Data-500GB/Meerkat Site Pictures/Meerkat Site Pics - Cellphone/Meerkat 200km Fence/20250506_165822.jpg
PIC_THUMBNAIL cache_lookup result=hit elapsed_us=2 uri=/run/media/peet/Data-500GB/Meerkat Site Pictures/Meerkat Site Pics - Cellphone/Meerkat 200km Fence/20250506_165506.dng
PIC_THUMBNAIL cache_lookup result=hit elapsed_us=2 uri=/run/media/peet/Data-500GB/Meerkat Site Pictures/Meerkat Site Pics - Cellphone/Meerkat 200km Fence/20250506_165506.jpg
PIC_THUMBNAIL cache_lookup result=hit elapsed_us=2 uri=/run/media/peet/Data-500GB/Meerkat Site Pictures/Meerkat Site Pics - Cellphone/Meerkat 200km Fence/20250506_165457.dng
PIC_THUMBNAIL cache_lookup result=hit elapsed_us=2 uri=/run/media/peet/Data-500GB/Meerkat Site Pictures/Meerkat Site Pics - Cellphone/Meerkat 200km Fence/20250506_165457.jpg
PIC_THUMBNAIL cache_lookup result=hit elapsed_us=2 uri=/run/media/peet/Data-500GB/Meerkat Site Pictures/Meerkat Site Pics - Cellphone/Meerkat 200km Fence/20250506_165453.dng
PIC_THUMBNAIL cache_lookup result=hit elapsed_us=2 uri=/run/media/peet/Data-500GB/Meerkat Site Pictures/Meerkat Site Pics - Cellphone/Meerkat 200km Fence/20250506_165453.jpg
PIC_THUMBNAIL cache_lookup result=hit elapsed_us=2 uri=/run/media/peet/Data-500GB/Meerkat Site Pictures/Meerkat Site Pics - Cellphone/Meerkat 200km Fence/20250506_165304.dng
PIC_THUMBNAIL cache_lookup result=hit elapsed_us=2 uri=/run/media/peet/Data-500GB/Meerkat Site Pictures/Meerkat Site Pics - Cellphone/Meerkat 200km Fence/20250506_165304.jpg
PIC_THUMBNAIL cache_lookup result=hit elapsed_us=4 uri=/run/media/peet/Data-500GB/Meerkat Site Pictures/Meerkat Site Pics - Cellphone/Meerkat 200km Fence/20250506_165302.dng
PIC_THUMBNAIL cache_lookup result=hit elapsed_us=4 uri=/run/media/peet/Data-500GB/Meerkat Site Pictures/Meerkat Site Pics - Cellphone/Meerkat 200km Fence/20250506_165302.jpg
PIC_THUMBNAIL cache_lookup result=hit elapsed_us=4 uri=/run/media/peet/Data-500GB/Meerkat Site Pictures/Meerkat Site Pics - Cellphone/Meerkat 200km Fence/20250506_165259.dng
PIC_THUMBNAIL cache_lookup result=hit elapsed_us=8 uri=/run/media/peet/Data-500GB/Meerkat Site Pictures/Meerkat Site Pics - Cellphone/Meerkat 200km Fence/20250506_165259.jpg
PIC_THUMBNAIL cache_lookup result=hit elapsed_us=4 uri=/run/media/peet/Data-500GB/Meerkat Site Pictures/Meerkat Site Pics - Cellphone/Meerkat 200km Fence/20250506_165257.dng
PIC_THUMBNAIL cache_lookup result=hit elapsed_us=4 uri=/run/media/peet/Data-500GB/Meerkat Site Pictures/Meerkat Site Pics - Cellphone/Meerkat 200km Fence/20250506_165257.jpg
PIC_THUMBNAIL cache_lookup result=hit elapsed_us=3 uri=/run/media/peet/Data-500GB/Meerkat Site Pictures/Meerkat Site Pics - Cellphone/Meerkat 200km Fence/20250506_165255.dng
PIC_THUMBNAIL cache_lookup result=hit elapsed_us=2 uri=/run/media/peet/Data-500GB/Meerkat Site Pictures/Meerkat Site Pics - Cellphone/Meerkat 200km Fence/20250506_165255.jpg
PIC_THUMBNAIL cache_lookup result=hit elapsed_us=2 uri=/run/media/peet/Data-500GB/Meerkat Site Pictures/Meerkat Site Pics - Cellphone/Meerkat 200km Fence/20250506_165248.dng
PIC_THUMBNAIL cache_lookup result=hit elapsed_us=2 uri=/run/media/peet/Data-500GB/Meerkat Site Pictures/Meerkat Site Pics - Cellphone/Meerkat 200km Fence/20250506_165248.jpg
PIC_THUMBNAIL cache_lookup result=hit elapsed_us=2 uri=/run/media/peet/Data-500GB/Meerkat Site Pictures/Meerkat Site Pics - Cellphone/Meerkat 200km Fence/20250506_165245.dng
PIC_THUMBNAIL cache_lookup result=hit elapsed_us=2 uri=/run/media/peet/Data-500GB/Meerkat Site Pictures/Meerkat Site Pics - Cellphone/Meerkat 200km Fence/20250506_165245.jpg
PIC_THUMBNAIL cache_lookup result=hit elapsed_us=3 uri=/run/media/peet/Data-500GB/Meerkat Site Pictures/Meerkat Site Pics - Cellphone/Meerkat 200km Fence/20250506_165111.dng
PIC_THUMBNAIL cache_lookup result=hit elapsed_us=3 uri=/run/media/peet/Data-500GB/Meerkat Site Pictures/Meerkat Site Pics - Cellphone/Meerkat 200km Fence/20250506_165111.jpg
PIC_THUMBNAIL cache_lookup result=hit elapsed_us=3 uri=/run/media/peet/Data-500GB/Meerkat Site Pictures/Meerkat Site Pics - Cellphone/Meerkat 200km Fence/20250506_165107.dng
PIC_THUMBNAIL cache_lookup result=hit elapsed_us=3 uri=/run/media/peet/Data-500GB/Meerkat Site Pictures/Meerkat Site Pics - Cellphone/Meerkat 200km Fence/20250506_165107.jpg
PIC_THUMBNAIL cache_lookup result=hit elapsed_us=3 uri=/run/media/peet/Data-500GB/Meerkat Site Pictures/Meerkat Site Pics - Cellphone/Meerkat 200km Fence/20250506_165105.dng
PIC_THUMBNAIL cache_lookup result=hit elapsed_us=3 uri=/run/media/peet/Data-500GB/Meerkat Site Pictures/Meerkat Site Pics - Cellphone/Meerkat 200km Fence/20250506_165105.jpg
PIC_THUMBNAIL cache_lookup result=hit elapsed_us=3 uri=/run/media/peet/Data-500GB/Meerkat Site Pictures/Meerkat Site Pics - Cellphone/Meerkat 200km Fence/20250506_165101.dng
PIC_THUMBNAIL cache_lookup result=hit elapsed_us=3 uri=/run/media/peet/Data-500GB/Meerkat Site Pictures/Meerkat Site Pics - Cellphone/Meerkat 200km Fence/20250506_165101.jpg
PIC_THUMBNAIL cache_lookup result=hit elapsed_us=3 uri=/run/media/peet/Data-500GB/Meerkat Site Pictures/Meerkat Site Pics - Cellphone/Meerkat 200km Fence/20250506_165057.dng
PIC_THUMBNAIL cache_lookup result=hit elapsed_us=2 uri=/run/media/peet/Data-500GB/Meerkat Site Pictures/Meerkat Site Pics - Cellphone/Meerkat 200km Fence/20250506_165057.jpg
PIC_THUMBNAIL cache_lookup result=hit elapsed_us=2 uri=/run/media/peet/Data-500GB/Meerkat Site Pictures/Meerkat Site Pics - Cellphone/Meerkat 200km Fence/20250506_165053.dng
PIC_THUMBNAIL cache_lookup result=hit elapsed_us=2 uri=/run/media/peet/Data-500GB/Meerkat Site Pictures/Meerkat Site Pics - Cellphone/Meerkat 200km Fence/20250506_165053.jpg
PIC_THUMBNAIL cache_lookup result=hit elapsed_us=2 uri=/run/media/peet/Data-500GB/Meerkat Site Pictures/Meerkat Site Pics - Cellphone/Meerkat 200km Fence/20250506_162707.dng
PIC_THUMBNAIL cache_lookup result=hit elapsed_us=2 uri=/run/media/peet/Data-500GB/Meerkat Site Pictures/Meerkat Site Pics - Cellphone/Meerkat 200km Fence/20250506_162707.jpg
PIC_THUMBNAIL cache_lookup result=hit elapsed_us=2 uri=/run/media/peet/Data-500GB/Meerkat Site Pictures/Meerkat Site Pics - Cellphone/Meerkat 200km Fence/20250506_162704.dng
PIC_THUMBNAIL cache_lookup result=hit elapsed_us=2 uri=/run/media/peet/Data-500GB/Meerkat Site Pictures/Meerkat Site Pics - Cellphone/Meerkat 200km Fence/20250506_162704.jpg
PIC_THUMBNAIL cache_lookup result=hit elapsed_us=3 uri=/run/media/peet/Data-500GB/Meerkat Site Pictures/Meerkat Site Pics - Cellphone/Meerkat 200km Fence/20250506_162654.jpg
PIC_THUMBNAIL cache_lookup result=hit elapsed_us=3 uri=/run/media/peet/Data-500GB/Meerkat Site Pictures/Meerkat Site Pics - Cellphone/Meerkat 200km Fence/20250506_162651.jpg
PIC_THUMBNAIL cache_lookup result=hit elapsed_us=3 uri=/run/media/peet/Data-500GB/Meerkat Site Pictures/Meerkat Site Pics - Cellphone/Meerkat 200km Fence/20250506_162041.jpg
PIC_THUMBNAIL cache_lookup result=hit elapsed_us=2 uri=/run/media/peet/Data-500GB/Meerkat Site Pictures/Meerkat Site Pics - Cellphone/Meerkat 200km Fence/20250506_162038.jpg
PIC_THUMBNAIL cache_lookup result=hit elapsed_us=2 uri=/run/media/peet/Data-500GB/Meerkat Site Pictures/Meerkat Site Pics - Cellphone/Meerkat 200km Fence/20250506_162025.jpg
PIC_THUMBNAIL cache_lookup result=hit elapsed_us=2 uri=/run/media/peet/Data-500GB/Meerkat Site Pictures/Meerkat Site Pics - Cellphone/Meerkat 200km Fence/20250506_162022.jpg
PIC_THUMBNAIL cache_lookup result=hit elapsed_us=2 uri=/run/media/peet/Data-500GB/Meerkat Site Pictures/Meerkat Site Pics - Cellphone/Meerkat 200km Fence/20250506_161251.dng
PIC_THUMBNAIL cache_lookup result=hit elapsed_us=2 uri=/run/media/peet/Data-500GB/Meerkat Site Pictures/Meerkat Site Pics - Cellphone/Meerkat 200km Fence/20250506_161251.jpg
PIC_THUMBNAIL cache_lookup result=hit elapsed_us=2 uri=/run/media/peet/Data-500GB/Meerkat Site Pictures/Meerkat Site Pics - Cellphone/Meerkat 200km Fence/20250506_161248.dng
PIC_THUMBNAIL cache_lookup result=hit elapsed_us=2 uri=/run/media/peet/Data-500GB/Meerkat Site Pictures/Meerkat Site Pics - Cellphone/Meerkat 200km Fence/20250506_161248.jpg
PIC_THUMBNAIL cache_lookup result=hit elapsed_us=2 uri=/run/media/peet/Data-500GB/Meerkat Site Pictures/Meerkat Site Pics - Cellphone/Meerkat 200km Fence/20250506_161242.dng
PIC_THUMBNAIL cache_lookup result=hit elapsed_us=3 uri=/run/media/peet/Data-500GB/Meerkat Site Pictures/Meerkat Site Pics - Cellphone/Meerkat 200km Fence/20250506_161242.jpg
PIC_THUMBNAIL cache_lookup result=hit elapsed_us=2 uri=/run/media/peet/Data-500GB/Meerkat Site Pictures/Meerkat Site Pics - Cellphone/Meerkat 200km Fence/20250506_161201.dng
PIC_THUMBNAIL cache_lookup result=hit elapsed_us=2 uri=/run/media/peet/Data-500GB/Meerkat Site Pictures/Meerkat Site Pics - Cellphone/Meerkat 200km Fence/20250506_161201.jpg
PIC_THUMBNAIL cache_lookup result=hit elapsed_us=2 uri=/run/media/peet/Data-500GB/Meerkat Site Pictures/Meerkat Site Pics - Cellphone/Meerkat 200km Fence/20250506_161154.dng
PIC_THUMBNAIL cache_lookup result=hit elapsed_us=2 uri=/run/media/peet/Data-500GB/Meerkat Site Pictures/Meerkat Site Pics - Cellphone/Meerkat 200km Fence/20250506_161154.jpg
PIC_THUMBNAIL cache_lookup result=hit elapsed_us=2 uri=/run/media/peet/Data-500GB/Meerkat Site Pictures/Meerkat Site Pics - Cellphone/Meerkat 200km Fence/20250506_161136.dng
PIC_THUMBNAIL cache_lookup result=hit elapsed_us=2 uri=/run/media/peet/Data-500GB/Meerkat Site Pictures/Meerkat Site Pics - Cellphone/Meerkat 200km Fence/20250506_161136.jpg
PIC_THUMBNAIL cache_lookup result=hit elapsed_us=2 uri=/run/media/peet/Data-500GB/Meerkat Site Pictures/Meerkat Site Pics - Cellphone/Meerkat 200km Fence/20250506_161134.dng
PIC_THUMBNAIL cache_lookup result=hit elapsed_us=2 uri=/run/media/peet/Data-500GB/Meerkat Site Pictures/Meerkat Site Pics - Cellphone/Meerkat 200km Fence/20250506_161134.jpg
PIC_THUMBNAIL cache_lookup result=hit elapsed_us=3 uri=/run/media/peet/Data-500GB/Meerkat Site Pictures/Meerkat Site Pics - Cellphone/Meerkat 200km Fence/20250506_161131.dng
PIC_THUMBNAIL cache_lookup result=hit elapsed_us=3 uri=/run/media/peet/Data-500GB/Meerkat Site Pictures/Meerkat Site Pics - Cellphone/Meerkat 200km Fence/20250506_161131.jpg
PIC_THUMBNAIL cache_lookup result=hit elapsed_us=3 uri=/run/media/peet/Data-500GB/Meerkat Site Pictures/Meerkat Site Pics - Cellphone/Meerkat 200km Fence/20250506_161115.dng
PIC_THUMBNAIL cache_lookup result=hit elapsed_us=2 uri=/run/media/peet/Data-500GB/Meerkat Site Pictures/Meerkat Site Pics - Cellphone/Meerkat 200km Fence/20250506_161115.jpg
PIC_THUMBNAIL cache_lookup result=hit elapsed_us=3 uri=/run/media/peet/Data-500GB/Meerkat Site Pictures/Meerkat Site Pics - Cellphone/Meerkat 200km Fence/20250506_161049.dng
PIC_THUMBNAIL cache_lookup result=hit elapsed_us=3 uri=/run/media/peet/Data-500GB/Meerkat Site Pictures/Meerkat Site Pics - Cellphone/Meerkat 200km Fence/20250506_161049.jpg
PIC_THUMBNAIL cache_lookup result=hit elapsed_us=3 uri=/run/media/peet/Data-500GB/Meerkat Site Pictures/Meerkat Site Pics - Cellphone/Meerkat 200km Fence/20250506_161036.dng
PIC_THUMBNAIL cache_lookup result=hit elapsed_us=2 uri=/run/media/peet/Data-500GB/Meerkat Site Pictures/Meerkat Site Pics - Cellphone/Meerkat 200km Fence/20250506_161036.jpg
PIC_THUMBNAIL cache_lookup result=hit elapsed_us=2 uri=/run/media/peet/Data-500GB/Meerkat Site Pictures/Meerkat Site Pics - Cellphone/Meerkat 200km Fence/20250506_161034.dng
PIC_THUMBNAIL cache_lookup result=hit elapsed_us=3 uri=/run/media/peet/Data-500GB/Meerkat Site Pictures/Meerkat Site Pics - Cellphone/Meerkat 200km Fence/20250506_161034.jpg
PIC_THUMBNAIL cache_lookup result=hit elapsed_us=3 uri=/run/media/peet/Data-500GB/Meerkat Site Pictures/Meerkat Site Pics - Cellphone/Meerkat 200km Fence/20250506_161027.dng
PIC_THUMBNAIL cache_lookup result=hit elapsed_us=3 uri=/run/media/peet/Data-500GB/Meerkat Site Pictures/Meerkat Site Pics - Cellphone/Meerkat 200km Fence/20250506_161027.jpg
PIC_THUMBNAIL cache_lookup result=hit elapsed_us=2 uri=/run/media/peet/Data-500GB/Meerkat Site Pictures/Meerkat Site Pics - Cellphone/Meerkat 200km Fence/20250506_161017.dng
PIC_THUMBNAIL cache_lookup result=hit elapsed_us=3 uri=/run/media/peet/Data-500GB/Meerkat Site Pictures/Meerkat Site Pics - Cellphone/Meerkat 200km Fence/20250506_161017.jpg
PIC_THUMBNAIL cache_lookup result=hit elapsed_us=2 uri=/run/media/peet/Data-500GB/Meerkat Site Pictures/Meerkat Site Pics - Cellphone/Meerkat 200km Fence/20250506_132556.jpg
PIC_THUMBNAIL cache_lookup result=hit elapsed_us=2 uri=/run/media/peet/Data-500GB/Meerkat Site Pictures/Meerkat Site Pics - Cellphone/Meerkat 200km Fence/20250506_132550.jpg
PIC_THUMBNAIL cache_lookup result=hit elapsed_us=2 uri=/run/media/peet/Data-500GB/Meerkat Site Pictures/Meerkat Site Pics - Cellphone/Meerkat 200km Fence/20250506_094954.jpg
PIC_THUMBNAIL cache_lookup result=hit elapsed_us=2 uri=/run/media/peet/Data-500GB/Meerkat Site Pictures/Meerkat Site Pics - Cellphone/Meerkat 200km Fence/20250506_094952.jpg
PIC_THUMBNAIL cache_lookup result=hit elapsed_us=3 uri=/run/media/peet/Data-500GB/Meerkat Site Pictures/Meerkat Site Pics - Cellphone/Meerkat 200km Fence/20250505_150805.dng
PIC_THUMBNAIL cache_lookup result=hit elapsed_us=2 uri=/run/media/peet/Data-500GB/Meerkat Site Pictures/Meerkat Site Pics - Cellphone/Meerkat 200km Fence/20250505_150805.jpg
PIC_THUMBNAIL cache_lookup result=hit elapsed_us=2 uri=/run/media/peet/Data-500GB/Meerkat Site Pictures/Meerkat Site Pics - Cellphone/Meerkat 200km Fence/20250505_150802.dng
PIC_THUMBNAIL cache_lookup result=hit elapsed_us=2 uri=/run/media/peet/Data-500GB/Meerkat Site Pictures/Meerkat Site Pics - Cellphone/Meerkat 200km Fence/20250505_150802.jpg
PIC_THUMBNAIL cache_lookup result=hit elapsed_us=2 uri=/run/media/peet/Data-500GB/Meerkat Site Pictures/Meerkat Site Pics - Cellphone/Meerkat 200km Fence/20250505_150759.dng
PIC_THUMBNAIL cache_lookup result=hit elapsed_us=3 uri=/run/media/peet/Data-500GB/Meerkat Site Pictures/Meerkat Site Pics - Cellphone/Meerkat 200km Fence/20250505_150759.jpg
PIC_THUMBNAIL cache_lookup result=hit elapsed_us=2 uri=/run/media/peet/Data-500GB/Meerkat Site Pictures/Meerkat Site Pics - Cellphone/Meerkat 200km Fence/20250505_150732.dng
PIC_THUMBNAIL cache_lookup result=hit elapsed_us=2 uri=/run/media/peet/Data-500GB/Meerkat Site Pictures/Meerkat Site Pics - Cellphone/Meerkat 200km Fence/20250505_150732.jpg
PIC_THUMBNAIL cache_lookup result=hit elapsed_us=2 uri=/run/media/peet/Data-500GB/Meerkat Site Pictures/Meerkat Site Pics - Cellphone/Meerkat 200km Fence/20250505_150730.dng
PIC_THUMBNAIL cache_lookup result=hit elapsed_us=2 uri=/run/media/peet/Data-500GB/Meerkat Site Pictures/Meerkat Site Pics - Cellphone/Meerkat 200km Fence/20250505_150730.jpg
PIC_THUMBNAIL cache_lookup result=hit elapsed_us=3 uri=/run/media/peet/Data-500GB/Meerkat Site Pictures/Meerkat Site Pics - Cellphone/Meerkat 200km Fence/20250505_150728.dng
PIC_THUMBNAIL cache_lookup result=hit elapsed_us=2 uri=/run/media/peet/Data-500GB/Meerkat Site Pictures/Meerkat Site Pics - Cellphone/Meerkat 200km Fence/20250505_150728.jpg
PIC_THUMBNAIL cache_lookup result=hit elapsed_us=2 uri=/run/media/peet/Data-500GB/Meerkat Site Pictures/Meerkat Site Pics - Cellphone/Meerkat 200km Fence/20250505_150716.dng
PIC_THUMBNAIL cache_lookup result=hit elapsed_us=2 uri=/run/media/peet/Data-500GB/Meerkat Site Pictures/Meerkat Site Pics - Cellphone/Meerkat 200km Fence/20250505_150716.jpg
PIC_THUMBNAIL cache_lookup result=hit elapsed_us=2 uri=/run/media/peet/Data-500GB/Meerkat Site Pictures/Meerkat Site Pics - Cellphone/Meerkat 200km Fence/20250505_150710.dng
PIC_THUMBNAIL cache_lookup result=hit elapsed_us=2 uri=/run/media/peet/Data-500GB/Meerkat Site Pictures/Meerkat Site Pics - Cellphone/Meerkat 200km Fence/20250505_150710.jpg
PIC_THUMBNAIL cache_lookup result=hit elapsed_us=2 uri=/run/media/peet/Data-500GB/Meerkat Site Pictures/Meerkat Site Pics - Cellphone/Meerkat 200km Fence/20250505_150704.dng
PIC_THUMBNAIL cache_lookup result=hit elapsed_us=2 uri=/run/media/peet/Data-500GB/Meerkat Site Pictures/Meerkat Site Pics - Cellphone/Meerkat 200km Fence/20250505_150704.jpg
PIC_THUMBNAIL cache_lookup result=hit elapsed_us=2 uri=/run/media/peet/Data-500GB/Meerkat Site Pictures/Meerkat Site Pics - Cellphone/Meerkat 200km Fence/20250505_150701.dng
PIC_THUMBNAIL cache_lookup result=hit elapsed_us=2 uri=/run/media/peet/Data-500GB/Meerkat Site Pictures/Meerkat Site Pics - Cellphone/Meerkat 200km Fence/20250505_150701.jpg
PIC_THUMBNAIL cache_lookup result=hit elapsed_us=2 uri=/run/media/peet/Data-500GB/Meerkat Site Pictures/Meerkat Site Pics - Cellphone/Meerkat 200km Fence/20250505_144115.dng
PIC_THUMBNAIL cache_lookup result=hit elapsed_us=2 uri=/run/media/peet/Data-500GB/Meerkat Site Pictures/Meerkat Site Pics - Cellphone/Meerkat 200km Fence/20250505_144115.jpg
PIC_THUMBNAIL cache_lookup result=hit elapsed_us=2 uri=/run/media/peet/Data-500GB/Meerkat Site Pictures/Meerkat Site Pics - Cellphone/Meerkat 200km Fence/20250505_144112.dng
PIC_THUMBNAIL cache_lookup result=hit elapsed_us=2 uri=/run/media/peet/Data-500GB/Meerkat Site Pictures/Meerkat Site Pics - Cellphone/Meerkat 200km Fence/20250505_144112.jpg
PIC_THUMBNAIL cache_lookup result=hit elapsed_us=3 uri=/run/media/peet/Data-500GB/Meerkat Site Pictures/Meerkat Site Pics - Cellphone/Meerkat 200km Fence/20250505_144105.dng
PIC_THUMBNAIL cache_lookup result=hit elapsed_us=2 uri=/run/media/peet/Data-500GB/Meerkat Site Pictures/Meerkat Site Pics - Cellphone/Meerkat 200km Fence/20250505_144105.jpg
PIC_THUMBNAIL cache_lookup result=hit elapsed_us=2 uri=/run/media/peet/Data-500GB/Meerkat Site Pictures/Meerkat Site Pics - Cellphone/Meerkat 200km Fence/20250505_144101.dng
PIC_THUMBNAIL cache_lookup result=hit elapsed_us=2 uri=/run/media/peet/Data-500GB/Meerkat Site Pictures/Meerkat Site Pics - Cellphone/Meerkat 200km Fence/20250505_144101.jpg
PIC_THUMBNAIL cache_lookup result=hit elapsed_us=2 uri=/run/media/peet/Data-500GB/Meerkat Site Pictures/Meerkat Site Pics - Cellphone/Meerkat 200km Fence/20250505_144052.dng
PIC_THUMBNAIL cache_lookup result=hit elapsed_us=2 uri=/run/media/peet/Data-500GB/Meerkat Site Pictures/Meerkat Site Pics - Cellphone/Meerkat 200km Fence/20250505_144052.jpg
PIC_THUMBNAIL cache_lookup result=hit elapsed_us=2 uri=/run/media/peet/Data-500GB/Meerkat Site Pictures/Meerkat Site Pics - Cellphone/Meerkat 200km Fence/20250505_144048.dng
PIC_THUMBNAIL cache_lookup result=hit elapsed_us=2 uri=/run/media/peet/Data-500GB/Meerkat Site Pictures/Meerkat Site Pics - Cellphone/Meerkat 200km Fence/20250505_144048.jpg
PIC_THUMBNAIL cache_lookup result=hit elapsed_us=2 uri=/run/media/peet/Data-500GB/Meerkat Site Pictures/Meerkat Site Pics - Cellphone/Meerkat 200km Fence/20250505_142153.dng
PIC_THUMBNAIL cache_lookup result=hit elapsed_us=2 uri=/run/media/peet/Data-500GB/Meerkat Site Pictures/Meerkat Site Pics - Cellphone/Meerkat 200km Fence/20250505_142153.jpg
PIC_THUMBNAIL cache_lookup result=hit elapsed_us=2 uri=/run/media/peet/Data-500GB/Meerkat Site Pictures/Meerkat Site Pics - Cellphone/Meerkat 200km Fence/20250505_142140.dng
PIC_THUMBNAIL cache_lookup result=hit elapsed_us=2 uri=/run/media/peet/Data-500GB/Meerkat Site Pictures/Meerkat Site Pics - Cellphone/Meerkat 200km Fence/20250505_142140.jpg
PIC_THUMBNAIL cache_lookup result=hit elapsed_us=2 uri=/run/media/peet/Data-500GB/Meerkat Site Pictures/Meerkat Site Pics - Cellphone/Meerkat 200km Fence/20250505_142137.dng
PIC_THUMBNAIL cache_lookup result=hit elapsed_us=2 uri=/run/media/peet/Data-500GB/Meerkat Site Pictures/Meerkat Site Pics - Cellphone/Meerkat 200km Fence/20250505_142137.jpg
PIC_THUMBNAIL cache_lookup result=hit elapsed_us=2 uri=/run/media/peet/Data-500GB/Meerkat Site Pictures/Meerkat Site Pics - Cellphone/Meerkat 200km Fence/20250505_142133.dng
PIC_THUMBNAIL cache_lookup result=hit elapsed_us=3 uri=/run/media/peet/Data-500GB/Meerkat Site Pictures/Meerkat Site Pics - Cellphone/Meerkat 200km Fence/20250505_142133.jpg
PIC_THUMBNAIL cache_lookup result=hit elapsed_us=2 uri=/run/media/peet/Data-500GB/Meerkat Site Pictures/Meerkat Site Pics - Cellphone/Meerkat 200km Fence/20250505_142128.dng
PIC_THUMBNAIL cache_lookup result=hit elapsed_us=2 uri=/run/media/peet/Data-500GB/Meerkat Site Pictures/Meerkat Site Pics - Cellphone/Meerkat 200km Fence/20250505_142128.jpg
PIC_THUMBNAIL cache_lookup result=hit elapsed_us=2 uri=/run/media/peet/Data-500GB/Meerkat Site Pictures/Meerkat Site Pics - Cellphone/Meerkat 200km Fence/20250505_142127.dng
PIC_THUMBNAIL cache_lookup result=hit elapsed_us=3 uri=/run/media/peet/Data-500GB/Meerkat Site Pictures/Meerkat Site Pics - Cellphone/Meerkat 200km Fence/20250505_142127.jpg
PIC_THUMBNAIL cache_lookup result=hit elapsed_us=3 uri=/run/media/peet/Data-500GB/Meerkat Site Pictures/Meerkat Site Pics - Cellphone/Meerkat 200km Fence/20250505_142119.dng
PIC_THUMBNAIL cache_lookup result=hit elapsed_us=2 uri=/run/media/peet/Data-500GB/Meerkat Site Pictures/Meerkat Site Pics - Cellphone/Meerkat 200km Fence/20250505_142119.jpg
PIC_THUMBNAIL cache_lookup result=hit elapsed_us=2 uri=/run/media/peet/Data-500GB/Meerkat Site Pictures/Meerkat Site Pics - Cellphone/Meerkat 200km Fence/20250505_142118.dng
PIC_THUMBNAIL cache_lookup result=hit elapsed_us=2 uri=/run/media/peet/Data-500GB/Meerkat Site Pictures/Meerkat Site Pics - Cellphone/Meerkat 200km Fence/20250505_142118.jpg
PIC_THUMBNAIL cache_lookup result=hit elapsed_us=2 uri=/run/media/peet/Data-500GB/Meerkat Site Pictures/Meerkat Site Pics - Cellphone/Meerkat 200km Fence/20250505_142117.dng
PIC_THUMBNAIL cache_lookup result=hit elapsed_us=2 uri=/run/media/peet/Data-500GB/Meerkat Site Pictures/Meerkat Site Pics - Cellphone/Meerkat 200km Fence/20250505_142117.jpg
PIC_THUMBNAIL cache_lookup result=hit elapsed_us=3 uri=/run/media/peet/Data-500GB/Meerkat Site Pictures/Meerkat Site Pics - Cellphone/Meerkat 200km Fence/20250505_142108.dng
PIC_THUMBNAIL cache_lookup result=hit elapsed_us=2 uri=/run/media/peet/Data-500GB/Meerkat Site Pictures/Meerkat Site Pics - Cellphone/Meerkat 200km Fence/20250505_142108.jpg
PIC_THUMBNAIL cache_lookup result=hit elapsed_us=2 uri=/run/media/peet/Data-500GB/Meerkat Site Pictures/Meerkat Site Pics - Cellphone/Meerkat 200km Fence/20250505_142100.dng
PIC_THUMBNAIL cache_lookup result=hit elapsed_us=2 uri=/run/media/peet/Data-500GB/Meerkat Site Pictures/Meerkat Site Pics - Cellphone/Meerkat 200km Fence/20250505_142100.jpg
PIC_THUMBNAIL cache_lookup result=hit elapsed_us=2 uri=/run/media/peet/Data-500GB/Meerkat Site Pictures/Meerkat Site Pics - Cellphone/Meerkat 200km Fence/20250505_142057.dng
PIC_THUMBNAIL cache_lookup result=hit elapsed_us=2 uri=/run/media/peet/Data-500GB/Meerkat Site Pictures/Meerkat Site Pics - Cellphone/Meerkat 200km Fence/20250505_142057.jpg
PIC_THUMBNAIL cache_lookup result=hit elapsed_us=2 uri=/run/media/peet/Data-500GB/Meerkat Site Pictures/Meerkat Site Pics - Cellphone/Meerkat 200km Fence/20250505_142056.dng
PIC_THUMBNAIL cache_lookup result=hit elapsed_us=2 uri=/run/media/peet/Data-500GB/Meerkat Site Pictures/Meerkat Site Pics - Cellphone/Meerkat 200km Fence/20250505_142056.jpg
PIC_THUMBNAIL cache_lookup result=hit elapsed_us=2 uri=/run/media/peet/Data-500GB/Meerkat Site Pictures/Meerkat Site Pics - Cellphone/Meerkat 200km Fence/20250505_142055.dng
PIC_THUMBNAIL cache_lookup result=hit elapsed_us=2 uri=/run/media/peet/Data-500GB/Meerkat Site Pictures/Meerkat Site Pics - Cellphone/Meerkat 200km Fence/20250505_142055.jpg
PIC_THUMBNAIL cache_lookup result=hit elapsed_us=3 uri=/run/media/peet/Data-500GB/Meerkat Site Pictures/Meerkat Site Pics - Cellphone/Meerkat 200km Fence/20250505_142047.dng
PIC_THUMBNAIL cache_lookup result=hit elapsed_us=2 uri=/run/media/peet/Data-500GB/Meerkat Site Pictures/Meerkat Site Pics - Cellphone/Meerkat 200km Fence/20250505_142047.jpg
PIC_THUMBNAIL cache_lookup result=hit elapsed_us=4 uri=/run/media/peet/Data-500GB/Meerkat Site Pictures/Meerkat Site Pics - Cellphone/Meerkat 200km Fence/20250505_142044.dng
PIC_THUMBNAIL cache_lookup result=hit elapsed_us=3 uri=/run/media/peet/Data-500GB/Meerkat Site Pictures/Meerkat Site Pics - Cellphone/Meerkat 200km Fence/20250505_142044.jpg
PIC_THUMBNAIL cache_lookup result=hit elapsed_us=3 uri=/run/media/peet/Data-500GB/Meerkat Site Pictures/Meerkat Site Pics - Cellphone/Meerkat 200km Fence/20250505_142043.dng
PIC_THUMBNAIL cache_lookup result=hit elapsed_us=4 uri=/run/media/peet/Data-500GB/Meerkat Site Pictures/Meerkat Site Pics - Cellphone/Meerkat 200km Fence/20250505_142043.jpg
PIC_THUMBNAIL cache_lookup result=hit elapsed_us=3 uri=/run/media/peet/Data-500GB/Meerkat Site Pictures/Meerkat Site Pics - Cellphone/Meerkat 200km Fence/20250505_141650.jpg
PIC_THUMBNAIL cache_lookup result=hit elapsed_us=3 uri=/run/media/peet/Data-500GB/Meerkat Site Pictures/Meerkat Site Pics - Cellphone/Meerkat 200km Fence/20250505_095455.jpg
PIC_THUMBNAIL cache_lookup result=hit elapsed_us=2 uri=/run/media/peet/Data-500GB/Meerkat Site Pictures/Meerkat Site Pics - Cellphone/Meerkat 200km Fence/20250504_225459.jpg
PIC_THUMBNAIL cache_lookup result=hit elapsed_us=2 uri=/run/media/peet/Data-500GB/Meerkat Site Pictures/Meerkat Site Pics - Cellphone/Meerkat 200km Fence/20250504_225450.jpg
PIC_THUMBNAIL cache_lookup result=hit elapsed_us=2 uri=/run/media/peet/Data-500GB/Work-FB/FB-2025-Plet-Boardwalk Estate/20250430_150958.jpg
PIC_THUMBNAIL cache_lookup result=hit elapsed_us=3 uri=/run/media/peet/Data-500GB/Work-FB/FB-2025-Plet-Boardwalk Estate/20250430_150944.jpg
PIC_THUMBNAIL cache_lookup result=hit elapsed_us=4 uri=/run/media/peet/Data-500GB/Work-FB/FB-2025-Plet-Boardwalk Estate/20250430_150939.jpg
PIC_THUMBNAIL cache_lookup result=hit elapsed_us=4 uri=/run/media/peet/Data-500GB/Work-FB/FB-2025-Plet-Boardwalk Estate/20250430_150911.jpg
PIC_THUMBNAIL cache_lookup result=hit elapsed_us=4 uri=/run/media/peet/Data-500GB/Work-FB/FB-2025-Plet-Boardwalk Estate/20250430_150902.jpg
PIC_THUMBNAIL cache_lookup result=hit elapsed_us=4 uri=/run/media/peet/Data-500GB/Work-FB/FB-2025-Plet-Boardwalk Estate/20250430_150831.jpg
PIC_THUMBNAIL cache_lookup result=hit elapsed_us=3 uri=/run/media/peet/Data-500GB/Work-FB/FB-2025-Plet-Boardwalk Estate/20250430_150534.jpg
PIC_THUMBNAIL cache_lookup result=hit elapsed_us=4 uri=/run/media/peet/Data-500GB/Work-FB/FB-2025-Plet-Boardwalk Estate/20250430_150531.jpg
PIC_THUMBNAIL cache_lookup result=hit elapsed_us=3 uri=/run/media/peet/Data-500GB/Work-FB/FB-2025-Plet-Boardwalk Estate/20250430_150520.jpg
PIC_THUMBNAIL cache_lookup result=hit elapsed_us=4 uri=/run/media/peet/Data-500GB/Work-FB/FB-2025-Plet-Boardwalk Estate/20250430_150515.jpg
PIC_THUMBNAIL cache_lookup result=hit elapsed_us=4 uri=/run/media/peet/Data-500GB/Work-FB/FB-2025-Plet-Boardwalk Estate/20250430_150504.jpg
PIC_THUMBNAIL cache_lookup result=hit elapsed_us=4 uri=/run/media/peet/Data-500GB/Work-FB/FB-2025-Plet-Boardwalk Estate/20250430_150444.jpg
PIC_THUMBNAIL cache_lookup result=hit elapsed_us=4 uri=/run/media/peet/Data-500GB/Work-FB/FB-2025-Plet-Boardwalk Estate/20250430_150339.jpg
PIC_THUMBNAIL cache_lookup result=hit elapsed_us=3 uri=/run/media/peet/Data-500GB/Work-FB/FB-2025-Plet-Boardwalk Estate/20250430_150301.jpg
PIC_THUMBNAIL cache_lookup result=hit elapsed_us=4 uri=/run/media/peet/Data-500GB/Work-FB/FB-2025-Plet-Boardwalk Estate/20250430_150254.jpg
PIC_THUMBNAIL cache_lookup result=hit elapsed_us=4 uri=/run/media/peet/Data-500GB/Work-FB/FB-2025-Plet-Boardwalk Estate/20250430_150231.jpg
PIC_THUMBNAIL cache_lookup result=hit elapsed_us=4 uri=/run/media/peet/Data-500GB/Work-FB/FB-2025-Plet-Boardwalk Estate/20250430_150142.jpg
PIC_THUMBNAIL cache_lookup result=hit elapsed_us=4 uri=/run/media/peet/Data-500GB/Work-FB/FB-2025-Plet-Boardwalk Estate/20250430_150122.jpg
PIC_THUMBNAIL cache_lookup result=hit elapsed_us=4 uri=/run/media/peet/Data-500GB/Work-FB/FB-2025-Plet-Boardwalk Estate/20250430_150117.jpg
PIC_THUMBNAIL cache_lookup result=hit elapsed_us=4 uri=/run/media/peet/Data-500GB/Work-FB/FB-2025-Plet-Boardwalk Estate/20250430_150102.jpg
PIC_THUMBNAIL cache_lookup result=hit elapsed_us=3 uri=/run/media/peet/Data-500GB/Work-FB/FB-2025-Plet-Boardwalk Estate/20250430_145908.jpg
PIC_THUMBNAIL cache_lookup result=hit elapsed_us=3 uri=/run/media/peet/Data-500GB/Work-FB/FB-2025-Plet-Boardwalk Estate/20250430_145843.jpg
PIC_THUMBNAIL cache_lookup result=hit elapsed_us=4 uri=/run/media/peet/Data-500GB/Work-FB/FB-2025-Plet-Boardwalk Estate/20250430_145823.jpg
PIC_THUMBNAIL cache_lookup result=hit elapsed_us=4 uri=/run/media/peet/Data-500GB/Work-FB/FB-2025-Plet-Boardwalk Estate/20250430_145756.jpg
PIC_THUMBNAIL cache_lookup result=hit elapsed_us=4 uri=/run/media/peet/Data-500GB/Work-FB/FB-2025-Matercars/20250430_141137.jpg
PIC_THUMBNAIL cache_lookup result=hit elapsed_us=3 uri=/run/media/peet/Data-500GB/Work-FB/FB-2025-Matercars/20250430_141123.jpg
PIC_THUMBNAIL cache_lookup result=hit elapsed_us=3 uri=/run/media/peet/Data-500GB/Work-FB/FB-2025-Food Lovers-Knysna/20250430_141009.jpg
PIC_THUMBNAIL cache_lookup result=hit elapsed_us=2 uri=/run/media/peet/Data-500GB/Work-FB/FB-2025-Food Lovers-Knysna/20250430_141004.jpg
PIC_THUMBNAIL cache_lookup result=hit elapsed_us=2 uri=/run/media/peet/Data-500GB/Work-FB/FB-2025-Food Lovers-Knysna/20250430_140949.jpg
PIC_THUMBNAIL cache_lookup result=hit elapsed_us=4 uri=/run/media/peet/Data-500GB/Work-FB/FB-2025-Food Lovers-Knysna/20250430_140839.jpg
PIC_THUMBNAIL cache_lookup result=hit elapsed_us=3 uri=/run/media/peet/Data-500GB/Work-FB/FB-2025-Food Lovers-Knysna/20250430_140835.jpg
PIC_THUMBNAIL cache_lookup result=hit elapsed_us=4 uri=/run/media/peet/Data-500GB/Work-FB/FB-2025-Food Lovers-Knysna/20250430_140814.jpg
PIC_THUMBNAIL cache_lookup result=hit elapsed_us=4 uri=/run/media/peet/Data-500GB/Work-FB/FB-2025-Food Lovers-Knysna/20250430_140802.jpg
PIC_THUMBNAIL cache_lookup result=hit elapsed_us=4 uri=/run/media/peet/Data-500GB/Work-FB/FB-2025-Food Lovers-Knysna/20250430_140733.jpg
PIC_THUMBNAIL cache_lookup result=hit elapsed_us=4 uri=/run/media/peet/Data-500GB/Work-FB/FB-2025-Food Lovers-Knysna/20250430_140718.jpg
PIC_THUMBNAIL cache_lookup result=hit elapsed_us=2 uri=/run/media/peet/Data-500GB/Work-FB/FB-2025-Meerkat Site/20250415_174415.jpg
PIC_THUMBNAIL cache_lookup result=hit elapsed_us=3 uri=/run/media/peet/Data-500GB/Work-FB/FB-2025-Meerkat Site/20250415_174408.jpg
PIC_THUMBNAIL cache_lookup result=hit elapsed_us=2 uri=/run/media/peet/Data-500GB/Work-FB/FB-2025-Meerkat Site/20250415_174402.jpg
PIC_THUMBNAIL cache_lookup result=hit elapsed_us=3 uri=/run/media/peet/Data-500GB/Work-FB/FB-2025-Meerkat Site/20250415_174359.jpg
PIC_THUMBNAIL cache_lookup result=hit elapsed_us=2 uri=/run/media/peet/Data-500GB/Work-FB/FB-2025-Meerkat Site/20250415_174354.jpg
PIC_THUMBNAIL cache_lookup result=hit elapsed_us=2 uri=/run/media/peet/Data-500GB/Work-FB/FB-2025-Meerkat Site/20250415_174137.jpg
PIC_THUMBNAIL cache_lookup result=hit elapsed_us=4 uri=/run/media/peet/Data-500GB/Work-FB/FB-2025-Meerkat Site/20250415_174117.jpg
PIC_THUMBNAIL cache_lookup result=hit elapsed_us=4 uri=/run/media/peet/Data-500GB/Work-FB/FB-2025-Meerkat Site/20250415_174051.jpg
PIC_THUMBNAIL cache_lookup result=hit elapsed_us=3 uri=/run/media/peet/Data-500GB/Work-FB/FB-2025-Meerkat Site/20250415_174036.jpg
PIC_THUMBNAIL cache_lookup result=hit elapsed_us=4 uri=/run/media/peet/Data-500GB/Meerkat Site Pictures/Meerkat Site Pics - Cellphone/Meerkat 200km Fence/20250415_174026.jpg
PIC_THUMBNAIL cache_lookup result=hit elapsed_us=4 uri=/run/media/peet/Data-500GB/Meerkat Site Pictures/Meerkat Site Pics - Cellphone/Meerkat 200km Fence/20250415_174007.jpg
PIC_THUMBNAIL cache_lookup result=hit elapsed_us=4 uri=/run/media/peet/Data-500GB/Work-FB/FB-2025-Meerkat Site/20250415_173810.jpg
PIC_THUMBNAIL cache_lookup result=hit elapsed_us=4 uri=/run/media/peet/Data-500GB/Work-FB/FB-2025-Meerkat Site/20250415_173738.jpg
PIC_THUMBNAIL cache_lookup result=hit elapsed_us=4 uri=/run/media/peet/Data-500GB/Work-FB/FB-2025-Meerkat Site/20250415_173723.jpg
PIC_THUMBNAIL cache_lookup result=hit elapsed_us=4 uri=/run/media/peet/Data-500GB/Work-FB/FB-2025-Meerkat Site/20250415_173721.jpg
PIC_THUMBNAIL cache_lookup result=hit elapsed_us=4 uri=/run/media/peet/Data-500GB/Meerkat Site Pictures/Meerkat Site Pics - Cellphone/Meerkat 200km Fence/20250415_173706.jpg
PIC_THUMBNAIL cache_lookup result=hit elapsed_us=4 uri=/run/media/peet/Data-500GB/Meerkat Site Pictures/Meerkat Site Pics - Cellphone/Meerkat 200km Fence/20250415_173657.jpg
PIC_THUMBNAIL cache_lookup result=hit elapsed_us=4 uri=/run/media/peet/Data-500GB/Meerkat Site Pictures/Meerkat Site Pics - Cellphone/Meerkat 200km Fence/20250415_074242.jpg
PIC_THUMBNAIL cache_lookup result=hit elapsed_us=4 uri=/run/media/peet/Data-500GB/Meerkat Site Pictures/Meerkat Site Pics - Cellphone/Meerkat 200km Fence/20250415_074231.jpg
PIC_THUMBNAIL cache_lookup result=hit elapsed_us=4 uri=/run/media/peet/Data-500GB/Meerkat Site Pictures/Meerkat Site Pics - Cellphone/Meerkat 200km Fence/20250415_074227.jpg
PIC_THUMBNAIL cache_lookup result=hit elapsed_us=2 uri=/run/media/peet/Data-500GB/Meerkat Site Pictures/Meerkat Site Pics - Cellphone/Meerkat 200km Fence/20250415_074113.jpg
PIC_THUMBNAIL cache_lookup result=hit elapsed_us=2 uri=/run/media/peet/Data-500GB/Meerkat Site Pictures/Meerkat Site Pics - Cellphone/Meerkat 200km Fence/20250415_074109.jpg
PIC_THUMBNAIL cache_lookup result=hit elapsed_us=2 uri=/run/media/peet/Data-500GB/Meerkat Site Pictures/Meerkat Site Pics - Cellphone/Meerkat 200km Fence/20250415_074108.jpg
PIC_THUMBNAIL cache_lookup result=hit elapsed_us=3 uri=/run/media/peet/Data-500GB/Meerkat Site Pictures/Meerkat Site Pics - Cellphone/Meerkat 200km Fence/20250415_074104.jpg
PIC_THUMBNAIL cache_lookup result=hit elapsed_us=2 uri=/run/media/peet/Data-500GB/Meerkat Site Pictures/Meerkat Site Pics - Cellphone/Meerkat 200km Fence/20250405_085321.jpg
PIC_THUMBNAIL cache_lookup result=hit elapsed_us=3 uri=/run/media/peet/Data-500GB/Meerkat Site Pictures/Meerkat Site Pics - Cellphone/Meerkat 200km Fence/20250404_182932.jpg
PIC_THUMBNAIL cache_lookup result=hit elapsed_us=3 uri=/run/media/peet/Data-500GB/Meerkat Site Pictures/Meerkat Site Pics - Cellphone/Meerkat 200km Fence/20250404_120535.jpg
PIC_THUMBNAIL cache_lookup result=hit elapsed_us=2 uri=/run/media/peet/Data-500GB/Meerkat Site Pictures/Meerkat Site Pics - Cellphone/Meerkat 200km Fence/20250404_120328.jpg
PIC_THUMBNAIL cache_lookup result=hit elapsed_us=2 uri=/run/media/peet/Data-500GB/Meerkat Site Pictures/Meerkat Site Pics - Cellphone/Meerkat 200km Fence/20250404_095348.jpg
PIC_THUMBNAIL cache_lookup result=hit elapsed_us=2 uri=/run/media/peet/Data-500GB/Meerkat Site Pictures/Meerkat Site Pics - Cellphone/Meerkat 200km Fence/20250404_083247.jpg
PIC_THUMBNAIL cache_lookup result=hit elapsed_us=2 uri=/run/media/peet/Data-500GB/Meerkat Site Pictures/Meerkat Site Pics - Cellphone/Meerkat 200km Fence/20250404_083242.jpg
PIC_THUMBNAIL cache_lookup result=hit elapsed_us=2 uri=/run/media/peet/Data-500GB/Meerkat Site Pictures/Meerkat Site Pics - Cellphone/Meerkat 200km Fence/20250404_083239.jpg
PIC_THUMBNAIL cache_lookup result=hit elapsed_us=2 uri=/run/media/peet/Data-500GB/Meerkat Site Pictures/Meerkat Site Pics - Cellphone/Meerkat 200km Fence/20250404_082236.jpg
PIC_THUMBNAIL cache_lookup result=hit elapsed_us=4 uri=/run/media/peet/Data-500GB/Meerkat Site Pictures/Meerkat Site Pics - Cellphone/Meerkat 200km Fence/20250404_080922.jpg
PIC_THUMBNAIL cache_lookup result=hit elapsed_us=4 uri=/run/media/peet/Data-500GB/Meerkat Site Pictures/Meerkat Site Pics - Cellphone/Meerkat 200km Fence/20250404_080912.jpg
PIC_THUMBNAIL cache_lookup result=hit elapsed_us=4 uri=/run/media/peet/Data-500GB/Meerkat Site Pictures/Meerkat Site Pics - Cellphone/Meerkat 200km Fence/20250404_073805.jpg
PIC_THUMBNAIL cache_lookup result=hit elapsed_us=2 uri=/run/media/peet/Data-500GB/Meerkat Site Pictures/Meerkat Site Pics - Cellphone/Meerkat 200km Fence/20250404_073001.jpg
PIC_THUMBNAIL cache_lookup result=hit elapsed_us=4 uri=/run/media/peet/Data-500GB/Meerkat Site Pictures/Meerkat Site Pics - Cellphone/Meerkat 200km Fence/20250404_072958.jpg
PIC_THUMBNAIL cache_lookup result=hit elapsed_us=2 uri=/run/media/peet/Data-500GB/Meerkat Site Pictures/Meerkat Site Pics - Cellphone/Meerkat 200km Fence/20250404_072955.jpg
PIC_THUMBNAIL cache_lookup result=hit elapsed_us=4 uri=/run/media/peet/Data-500GB/Meerkat Site Pictures/Meerkat Site Pics - Cellphone/Meerkat 200km Fence/20250404_072951.jpg
PIC_THUMBNAIL cache_lookup result=hit elapsed_us=3 uri=/run/media/peet/Data-500GB/Meerkat Site Pictures/Meerkat Site Pics - Cellphone/Meerkat 200km Fence/20250404_072945.jpg
PIC_THUMBNAIL cache_lookup result=hit elapsed_us=4 uri=/run/media/peet/Data-500GB/Meerkat Site Pictures/Meerkat Site Pics - Cellphone/Meerkat 200km Fence/20250404_072942.jpg
PIC_THUMBNAIL cache_lookup result=hit elapsed_us=4 uri=/run/media/peet/Data-500GB/Meerkat Site Pictures/Meerkat Site Pics - Cellphone/Meerkat 200km Fence/20250404_072940.jpg
PIC_THUMBNAIL cache_lookup result=hit elapsed_us=3 uri=/run/media/peet/Data-500GB/Meerkat Site Pictures/Meerkat Site Pics - Cellphone/Meerkat 200km Fence/20250403_173542.jpg
PIC_THUMBNAIL cache_lookup result=hit elapsed_us=2 uri=/run/media/peet/Data-500GB/Meerkat Site Pictures/Meerkat Site Pics - Cellphone/Meerkat 200km Fence/20250403_173526.jpg
PIC_THUMBNAIL cache_lookup result=hit elapsed_us=2 uri=/run/media/peet/Data-500GB/Meerkat Site Pictures/Meerkat Site Pics - Cellphone/Meerkat 200km Fence/20250403_123929.jpg
PIC_THUMBNAIL cache_lookup result=hit elapsed_us=3 uri=/run/media/peet/Data-500GB/Meerkat Site Pictures/Meerkat Site Pics - Cellphone/Meerkat 200km Fence/20250403_123928.jpg
PIC_THUMBNAIL cache_lookup result=hit elapsed_us=2 uri=/run/media/peet/Data-500GB/Meerkat Site Pictures/Meerkat Site Pics - Cellphone/Meerkat 200km Fence/20250403_123925.jpg
PIC_THUMBNAIL cache_lookup result=hit elapsed_us=2 uri=/run/media/peet/Data-500GB/Meerkat Site Pictures/Meerkat Site Pics - Cellphone/Meerkat 200km Fence/20250403_123918.jpg
PIC_THUMBNAIL cache_lookup result=hit elapsed_us=2 uri=/run/media/peet/Data-500GB/Meerkat Site Pictures/Meerkat Site Pics - Cellphone/Meerkat 200km Fence/20250403_123616.jpg
PIC_THUMBNAIL cache_lookup result=hit elapsed_us=2 uri=/run/media/peet/Data-500GB/Meerkat Site Pictures/Meerkat Site Pics - Cellphone/Meerkat 200km Fence/20250403_114947.jpg
PIC_THUMBNAIL cache_lookup result=hit elapsed_us=2 uri=/run/media/peet/Data-500GB/Meerkat Site Pictures/Meerkat Site Pics - Cellphone/Meerkat 200km Fence/20250403_114943.jpg
PIC_THUMBNAIL cache_lookup result=hit elapsed_us=3 uri=/run/media/peet/Data-500GB/Meerkat Site Pictures/Meerkat Site Pics - Cellphone/Meerkat 200km Fence/20250403_114941.jpg
PIC_THUMBNAIL cache_lookup result=hit elapsed_us=3 uri=/run/media/peet/Data-500GB/Meerkat Site Pictures/Meerkat Site Pics - Cellphone/Meerkat 200km Fence/20250403_114939.jpg
PIC_THUMBNAIL cache_lookup result=hit elapsed_us=2 uri=/run/media/peet/Data-500GB/Meerkat Site Pictures/Meerkat Site Pics - Cellphone/Meerkat 200km Fence/20250403_114937.jpg
PIC_THUMBNAIL cache_lookup result=hit elapsed_us=2 uri=/run/media/peet/Data-500GB/Meerkat Site Pictures/Meerkat Site Pics - Cellphone/Meerkat 200km Fence/20250403_114931.jpg
PIC_THUMBNAIL cache_lookup result=hit elapsed_us=3 uri=/run/media/peet/Data-500GB/Meerkat Site Pictures/Meerkat Site Pics - Cellphone/Meerkat 200km Fence/20250403_114852.jpg
PIC_THUMBNAIL cache_lookup result=hit elapsed_us=8 uri=/run/media/peet/Data-500GB/Meerkat Site Pictures/Meerkat Site Pics - Cellphone/Meerkat 200km Fence/20250403_114850.jpg
PIC_THUMBNAIL cache_lookup result=hit elapsed_us=3 uri=/run/media/peet/Data-500GB/Meerkat Site Pictures/Meerkat Site Pics - Cellphone/Meerkat 200km Fence/20250403_114846.jpg
PIC_THUMBNAIL cache_lookup result=hit elapsed_us=3 uri=/run/media/peet/Data-500GB/Meerkat Site Pictures/Meerkat Site Pics - Cellphone/Meerkat 200km Fence/20250403_114723.jpg
PIC_THUMBNAIL cache_lookup result=hit elapsed_us=4 uri=/run/media/peet/Data-500GB/Meerkat Site Pictures/Meerkat Site Pics - Cellphone/Meerkat 200km Fence/20250403_114718.jpg
PIC_THUMBNAIL cache_lookup result=hit elapsed_us=3 uri=/run/media/peet/Data-500GB/Meerkat Site Pictures/Meerkat Site Pics - Cellphone/Meerkat 200km Fence/20250403_114713.jpg
PIC_THUMBNAIL cache_lookup result=hit elapsed_us=2 uri=/run/media/peet/Data-500GB/Meerkat Site Pictures/Meerkat Site Pics - Cellphone/Meerkat 200km Fence/20250403_101815.jpg
PIC_THUMBNAIL cache_lookup result=hit elapsed_us=2 uri=/run/media/peet/Data-500GB/Meerkat Site Pictures/Meerkat Site Pics - Cellphone/Meerkat 200km Fence/20250403_101813.jpg
PIC_THUMBNAIL cache_lookup result=hit elapsed_us=2 uri=/run/media/peet/Data-500GB/Meerkat Site Pictures/Meerkat Site Pics - Cellphone/Meerkat 200km Fence/20250403_101756.jpg
PIC_THUMBNAIL cache_lookup result=hit elapsed_us=2 uri=/run/media/peet/Data-500GB/Meerkat Site Pictures/Meerkat Site Pics - Cellphone/Meerkat 200km Fence/20250403_101752.jpg
PIC_THUMBNAIL cache_lookup result=hit elapsed_us=4 uri=/run/media/peet/Data-500GB/Meerkat Site Pictures/Meerkat Site Pics - Cellphone/Meerkat 200km Fence/20250403_101748.jpg
PIC_THUMBNAIL cache_lookup result=hit elapsed_us=4 uri=/run/media/peet/Data-500GB/Meerkat Site Pictures/Meerkat Site Pics - Cellphone/Meerkat 200km Fence/20250403_101745.jpg
PIC_THUMBNAIL cache_lookup result=hit elapsed_us=4 uri=/run/media/peet/Data-500GB/Meerkat Site Pictures/Meerkat Site Pics - Cellphone/Meerkat 200km Fence/20250403_101524.jpg
PIC_THUMBNAIL cache_lookup result=hit elapsed_us=4 uri=/run/media/peet/Data-500GB/Meerkat Site Pictures/Meerkat Site Pics - Cellphone/Meerkat 200km Fence/20250403_101510.jpg
PIC_THUMBNAIL cache_lookup result=hit elapsed_us=4 uri=/run/media/peet/Data-500GB/Meerkat Site Pictures/Meerkat Site Pics - Cellphone/Meerkat 200km Fence/20250403_101505.jpg
PIC_THUMBNAIL cache_lookup result=hit elapsed_us=4 uri=/run/media/peet/Data-500GB/Meerkat Site Pictures/Meerkat Site Pics - Cellphone/Meerkat 200km Fence/20250403_083656.jpg
PIC_THUMBNAIL cache_lookup result=hit elapsed_us=4 uri=/run/media/peet/Data-500GB/Meerkat Site Pictures/Meerkat Site Pics - Cellphone/Meerkat 200km Fence/20250403_083643.jpg
PIC_THUMBNAIL cache_lookup result=hit elapsed_us=4 uri=/run/media/peet/Data-500GB/Meerkat Site Pictures/Meerkat Site Pics - Cellphone/Meerkat 200km Fence/20250403_083638.jpg
PIC_THUMBNAIL cache_lookup result=hit elapsed_us=3 uri=/run/media/peet/Data-500GB/Meerkat Site Pictures/Meerkat Site Pics - Cellphone/Meerkat 200km Fence/20250402_204746.jpg
PIC_THUMBNAIL cache_lookup result=hit elapsed_us=4 uri=/run/media/peet/Data-500GB/Meerkat Site Pictures/Meerkat Site Pics - Cellphone/Meerkat 200km Fence/20250402_183339.jpg
PIC_THUMBNAIL cache_lookup result=hit elapsed_us=3 uri=/run/media/peet/Data-500GB/Meerkat Site Pictures/Meerkat Site Pics - Cellphone/Meerkat 200km Fence/20250402_162001.jpg
PIC_THUMBNAIL cache_lookup result=hit elapsed_us=3 uri=/run/media/peet/Data-500GB/Meerkat Site Pictures/Meerkat Site Pics - Cellphone/Meerkat 200km Fence/20250402_161958.jpg
PIC_THUMBNAIL cache_lookup result=hit elapsed_us=2 uri=/run/media/peet/Data-500GB/Meerkat Site Pictures/Meerkat Site Pics - Cellphone/Meerkat 200km Fence/20250402_161951.jpg
PIC_THUMBNAIL cache_lookup result=hit elapsed_us=3 uri=/run/media/peet/Data-500GB/Meerkat Site Pictures/Meerkat Site Pics - Cellphone/Meerkat 200km Fence/20250402_161948.jpg
PIC_THUMBNAIL cache_lookup result=hit elapsed_us=3 uri=/run/media/peet/Data-500GB/Meerkat Site Pictures/Meerkat Site Pics - Cellphone/Meerkat 200km Fence/20250402_161935.jpg
PIC_THUMBNAIL cache_lookup result=hit elapsed_us=2 uri=/run/media/peet/Data-500GB/Meerkat Site Pictures/Meerkat Site Pics - Cellphone/Meerkat 200km Fence/20250402_160511.jpg
PIC_THUMBNAIL cache_lookup result=hit elapsed_us=2 uri=/run/media/peet/Data-500GB/Meerkat Site Pictures/Meerkat Site Pics - Cellphone/Meerkat 200km Fence/20250402_134221.jpg
PIC_THUMBNAIL cache_lookup result=hit elapsed_us=2 uri=/run/media/peet/Data-500GB/Meerkat Site Pictures/Meerkat Site Pics - Cellphone/Meerkat 200km Fence/20250402_134216.jpg
PIC_THUMBNAIL cache_lookup result=hit elapsed_us=3 uri=/run/media/peet/Data-500GB/Meerkat Site Pictures/Meerkat Site Pics - Cellphone/Meerkat 200km Fence/20250402_134007.jpg
PIC_THUMBNAIL cache_lookup result=hit elapsed_us=2 uri=/run/media/peet/Data-500GB/Meerkat Site Pictures/Meerkat Site Pics - Cellphone/Meerkat 200km Fence/20250402_134004.jpg
PIC_THUMBNAIL cache_lookup result=hit elapsed_us=2 uri=/run/media/peet/Data-500GB/Meerkat Site Pictures/Meerkat Site Pics - Cellphone/Meerkat 200km Fence/20250402_134002.jpg
PIC_THUMBNAIL cache_lookup result=hit elapsed_us=2 uri=/run/media/peet/Data-500GB/Meerkat Site Pictures/Meerkat Site Pics - Cellphone/Meerkat 200km Fence/20250402_133957.jpg
PIC_THUMBNAIL cache_lookup result=hit elapsed_us=2 uri=/run/media/peet/Data-500GB/Meerkat Site Pictures/Meerkat Site Pics - Cellphone/Meerkat 200km Fence/20250402_133943.jpg
PIC_THUMBNAIL cache_lookup result=hit elapsed_us=2 uri=/run/media/peet/Data-500GB/Meerkat Site Pictures/Meerkat Site Pics - Cellphone/Meerkat 200km Fence/20250402_133942.jpg
PIC_THUMBNAIL cache_lookup result=hit elapsed_us=2 uri=/run/media/peet/Data-500GB/Meerkat Site Pictures/Meerkat Site Pics - Cellphone/Meerkat 200km Fence/20250402_133941.jpg
PIC_THUMBNAIL cache_lookup result=hit elapsed_us=3 uri=/run/media/peet/Data-500GB/Meerkat Site Pictures/Meerkat Site Pics - Cellphone/Meerkat 200km Fence/20250402_133703.jpg
PIC_THUMBNAIL cache_lookup result=hit elapsed_us=2 uri=/run/media/peet/Data-500GB/Meerkat Site Pictures/Meerkat Site Pics - Cellphone/Meerkat 200km Fence/20250402_133700.jpg
PIC_THUMBNAIL cache_lookup result=hit elapsed_us=2 uri=/run/media/peet/Data-500GB/Meerkat Site Pictures/Meerkat Site Pics - Cellphone/Meerkat 200km Fence/20250402_133648.jpg
PIC_THUMBNAIL cache_lookup result=hit elapsed_us=2 uri=/run/media/peet/Data-500GB/Meerkat Site Pictures/Meerkat Site Pics - Cellphone/Meerkat 200km Fence/20250402_133642.jpg
PIC_THUMBNAIL cache_lookup result=hit elapsed_us=3 uri=/run/media/peet/Data-500GB/Meerkat Site Pictures/Meerkat Site Pics - Cellphone/Meerkat 200km Fence/20250402_133543.jpg
PIC_THUMBNAIL cache_lookup result=hit elapsed_us=3 uri=/run/media/peet/Data-500GB/Meerkat Site Pictures/Meerkat Site Pics - Cellphone/Meerkat 200km Fence/20250402_133541.jpg
PIC_THUMBNAIL cache_lookup result=hit elapsed_us=2 uri=/run/media/peet/Data-500GB/Meerkat Site Pictures/Meerkat Site Pics - Cellphone/Meerkat 200km Fence/20250402_133539.jpg
PIC_THUMBNAIL cache_lookup result=hit elapsed_us=4 uri=/run/media/peet/Data-500GB/Meerkat Site Pictures/Meerkat Site Pics - Cellphone/Meerkat 200km Fence/20250402_133520.jpg
PIC_THUMBNAIL cache_lookup result=hit elapsed_us=4 uri=/run/media/peet/Data-500GB/Meerkat Site Pictures/Meerkat Site Pics - Cellphone/Meerkat 200km Fence/20250402_133519.jpg
PIC_THUMBNAIL cache_lookup result=hit elapsed_us=4 uri=/run/media/peet/Data-500GB/Meerkat Site Pictures/Meerkat Site Pics - Cellphone/Meerkat 200km Fence/20250402_133515.jpg
PIC_THUMBNAIL cache_lookup result=hit elapsed_us=4 uri=/run/media/peet/Data-500GB/Meerkat Site Pictures/Meerkat Site Pics - Cellphone/Meerkat 200km Fence/20250402_133509.jpg
PIC_THUMBNAIL cache_lookup result=hit elapsed_us=4 uri=/run/media/peet/Data-500GB/Meerkat Site Pictures/Meerkat Site Pics - Cellphone/Meerkat 200km Fence/20250402_133501.jpg
PIC_THUMBNAIL cache_lookup result=hit elapsed_us=3 uri=/run/media/peet/Data-500GB/Meerkat Site Pictures/Meerkat Site Pics - Cellphone/Meerkat 200km Fence/20250402_133454.jpg
PIC_THUMBNAIL cache_lookup result=hit elapsed_us=3 uri=/run/media/peet/Data-500GB/Meerkat Site Pictures/Meerkat Site Pics - Cellphone/Meerkat 200km Fence/20250402_133442.jpg
PIC_THUMBNAIL cache_lookup result=hit elapsed_us=3 uri=/run/media/peet/Data-500GB/Meerkat Site Pictures/Meerkat Site Pics - Cellphone/Meerkat 200km Fence/20250402_133440.jpg
PIC_THUMBNAIL cache_lookup result=hit elapsed_us=4 uri=/run/media/peet/Data-500GB/Meerkat Site Pictures/Meerkat Site Pics - Cellphone/Meerkat 200km Fence/20250402_133436.jpg
PIC_THUMBNAIL cache_lookup result=hit elapsed_us=2 uri=/run/media/peet/Data-500GB/Meerkat Site Pictures/Meerkat Site Pics - Cellphone/Meerkat 200km Fence/20250402_133435.jpg
PIC_THUMBNAIL cache_lookup result=hit elapsed_us=2 uri=/run/media/peet/Data-500GB/Meerkat Site Pictures/Meerkat Site Pics - Cellphone/Meerkat 200km Fence/20250402_133434.jpg
PIC_THUMBNAIL cache_lookup result=hit elapsed_us=2 uri=/run/media/peet/Data-500GB/Meerkat Site Pictures/Meerkat Site Pics - Cellphone/Meerkat 200km Fence/20250402_133426.jpg
PIC_THUMBNAIL cache_lookup result=hit elapsed_us=2 uri=/run/media/peet/Data-500GB/Meerkat Site Pictures/Meerkat Site Pics - Cellphone/Meerkat 200km Fence/20250402_133423.jpg
PIC_THUMBNAIL cache_lookup result=hit elapsed_us=3 uri=/run/media/peet/Data-500GB/Meerkat Site Pictures/Meerkat Site Pics - Cellphone/Meerkat 200km Fence/20250402_133338.jpg
PIC_THUMBNAIL cache_lookup result=hit elapsed_us=3 uri=/run/media/peet/Data-500GB/Meerkat Site Pictures/Meerkat Site Pics - Cellphone/Meerkat 200km Fence/20250402_133337.jpg
PIC_THUMBNAIL cache_lookup result=hit elapsed_us=4 uri=/run/media/peet/Data-500GB/Meerkat Site Pictures/Meerkat Site Pics - Cellphone/Meerkat 200km Fence/20250402_133336.jpg
PIC_THUMBNAIL cache_lookup result=hit elapsed_us=3 uri=/run/media/peet/Data-500GB/Meerkat Site Pictures/Meerkat Site Pics - Cellphone/Meerkat 200km Fence/20250402_133334.jpg
PIC_THUMBNAIL cache_lookup result=hit elapsed_us=2 uri=/run/media/peet/Data-500GB/Meerkat Site Pictures/Meerkat Site Pics - Cellphone/Meerkat 200km Fence/20250402_133146.jpg
PIC_THUMBNAIL cache_lookup result=hit elapsed_us=2 uri=/run/media/peet/Data-500GB/Meerkat Site Pictures/Meerkat Site Pics - Cellphone/Meerkat 200km Fence/20250402_133145.jpg
PIC_THUMBNAIL cache_lookup result=hit elapsed_us=3 uri=/run/media/peet/Data-500GB/Meerkat Site Pictures/Meerkat Site Pics - Cellphone/Meerkat 200km Fence/20250402_132822.jpg
PIC_THUMBNAIL cache_lookup result=hit elapsed_us=4 uri=/run/media/peet/Data-500GB/Meerkat Site Pictures/Meerkat Site Pics - Cellphone/Meerkat 200km Fence/20250402_132820.jpg
PIC_THUMBNAIL cache_lookup result=hit elapsed_us=4 uri=/run/media/peet/Data-500GB/Meerkat Site Pictures/Meerkat Site Pics - Cellphone/Meerkat 200km Fence/20250402_132809.jpg
PIC_THUMBNAIL cache_lookup result=hit elapsed_us=4 uri=/run/media/peet/Data-500GB/Meerkat Site Pictures/Meerkat Site Pics - Cellphone/Meerkat 200km Fence/20250402_132802.jpg
PIC_THUMBNAIL cache_lookup result=hit elapsed_us=4 uri=/run/media/peet/Data-500GB/Meerkat Site Pictures/Meerkat Site Pics - Cellphone/Meerkat 200km Fence/20250402_132747.jpg
PIC_THUMBNAIL cache_lookup result=hit elapsed_us=4 uri=/run/media/peet/Data-500GB/Meerkat Site Pictures/Meerkat Site Pics - Cellphone/Meerkat 200km Fence/20250402_132746.jpg
PIC_THUMBNAIL cache_lookup result=hit elapsed_us=4 uri=/run/media/peet/Data-500GB/Meerkat Site Pictures/Meerkat Site Pics - Cellphone/Meerkat 200km Fence/20250402_091659.jpg
PIC_THUMBNAIL cache_lookup result=hit elapsed_us=4 uri=/run/media/peet/Data-500GB/Meerkat Site Pictures/Meerkat Site Pics - Cellphone/Meerkat 200km Fence/20250402_091643.jpg
PIC_THUMBNAIL cache_lookup result=hit elapsed_us=4 uri=/run/media/peet/Data-500GB/Meerkat Site Pictures/Meerkat Site Pics - Cellphone/Meerkat 200km Fence/20250402_090500.jpg
PIC_THUMBNAIL cache_lookup result=hit elapsed_us=4 uri=/run/media/peet/Data-500GB/Meerkat Site Pictures/Meerkat Site Pics - Cellphone/Meerkat 200km Fence/20250401_164357.jpg
PIC_THUMBNAIL cache_lookup result=hit elapsed_us=3 uri=/run/media/peet/Data-500GB/Meerkat Site Pictures/Meerkat Site Pics - Cellphone/Meerkat 200km Fence/IMG-20250401-WA0049.jpeg
PIC_THUMBNAIL cache_lookup result=hit elapsed_us=2 uri=/run/media/peet/Data-500GB/Meerkat Site Pictures/Meerkat Site Pics - Cellphone/Meerkat 200km Fence/20250401_140459.jpg
PIC_THUMBNAIL cache_lookup result=hit elapsed_us=2 uri=/run/media/peet/Data-500GB/Meerkat Site Pictures/Meerkat Site Pics - Cellphone/Meerkat 200km Fence/20250401_140458.jpg
PIC_THUMBNAIL cache_lookup result=hit elapsed_us=4 uri=/run/media/peet/Data-500GB/Meerkat Site Pictures/Meerkat Site Pics - Cellphone/Meerkat 200km Fence/20250401_140457.jpg
PIC_THUMBNAIL cache_lookup result=hit elapsed_us=4 uri=/run/media/peet/Data-500GB/Meerkat Site Pictures/Meerkat Site Pics - Cellphone/Meerkat 200km Fence/20250401_140447.jpg
PIC_THUMBNAIL cache_lookup result=hit elapsed_us=4 uri=/run/media/peet/Data-500GB/Meerkat Site Pictures/Meerkat Site Pics - Cellphone/Meerkat 200km Fence/20250401_140436.jpg
PIC_THUMBNAIL cache_lookup result=hit elapsed_us=3 uri=/run/media/peet/Data-500GB/Meerkat Site Pictures/Meerkat Site Pics - Cellphone/Meerkat 200km Fence/20250401_140434.jpg
PIC_THUMBNAIL cache_lookup result=hit elapsed_us=4 uri=/run/media/peet/Data-500GB/Meerkat Site Pictures/Meerkat Site Pics - Cellphone/Meerkat 200km Fence/20250401_135212.jpg
PIC_THUMBNAIL cache_lookup result=hit elapsed_us=4 uri=/run/media/peet/Data-500GB/Meerkat Site Pictures/Meerkat Site Pics - Cellphone/Meerkat 200km Fence/20250401_130520.jpg
PIC_THUMBNAIL cache_lookup result=hit elapsed_us=4 uri=/run/media/peet/Data-500GB/Meerkat Site Pictures/Meerkat Site Pics - Cellphone/Meerkat 200km Fence/20250401_130502.jpg
PIC_THUMBNAIL cache_lookup result=hit elapsed_us=4 uri=/run/media/peet/Data-500GB/Meerkat Site Pictures/Meerkat Site Pics - Cellphone/Meerkat 200km Fence/20250401_130452.jpg
PIC_THUMBNAIL cache_lookup result=hit elapsed_us=4 uri=/run/media/peet/Data-500GB/Meerkat Site Pictures/Meerkat Site Pics - Cellphone/Meerkat 200km Fence/20250328_124310.jpg
PIC_THUMBNAIL cache_lookup result=hit elapsed_us=3 uri=/run/media/peet/Data-500GB/Meerkat Site Pictures/Meerkat Site Pics - Cellphone/Meerkat 200km Fence/20250328_124239.jpg
PIC_THUMBNAIL cache_lookup result=hit elapsed_us=4 uri=/run/media/peet/Data-500GB/Meerkat Site Pictures/Meerkat Site Pics - Cellphone/Meerkat 200km Fence/20250328_104409.jpg
PIC_THUMBNAIL cache_lookup result=hit elapsed_us=4 uri=/run/media/peet/Data-500GB/Meerkat Site Pictures/Meerkat Site Pics - Cellphone/Meerkat 200km Fence/20250328_104305.jpg
PIC_THUMBNAIL cache_lookup result=hit elapsed_us=5 uri=/run/media/peet/Data-500GB/Meerkat Site Pictures/Meerkat Site Pics - Cellphone/Meerkat 200km Fence/20250327_204436.jpg
PIC_THUMBNAIL cache_lookup result=hit elapsed_us=3 uri=/run/media/peet/Data-500GB/Meerkat Site Pictures/Meerkat Site Pics - Cellphone/Meerkat 200km Fence/20250327_184015.jpg
PIC_THUMBNAIL cache_lookup result=hit elapsed_us=2 uri=/run/media/peet/Data-500GB/Meerkat Site Pictures/Meerkat Site Pics - Cellphone/Meerkat 200km Fence/20250327_184006.jpg
PIC_THUMBNAIL cache_lookup result=hit elapsed_us=3 uri=/run/media/peet/Data-500GB/Meerkat Site Pictures/Meerkat Site Pics - Cellphone/Meerkat 200km Fence/20250327_183911.jpg
PIC_THUMBNAIL cache_lookup result=hit elapsed_us=2 uri=/run/media/peet/Data-500GB/Meerkat Site Pictures/Meerkat Site Pics - Cellphone/Meerkat 200km Fence/20250327_183909.jpg
PIC_THUMBNAIL cache_lookup result=hit elapsed_us=4 uri=/run/media/peet/Data-500GB/Meerkat Site Pictures/Meerkat Site Pics - Cellphone/Meerkat 200km Fence/20250327_183906.jpg
PIC_THUMBNAIL cache_lookup result=hit elapsed_us=4 uri=/run/media/peet/Data-500GB/Meerkat Site Pictures/Meerkat Site Pics - Cellphone/Meerkat 200km Fence/20250327_183858.jpg
PIC_THUMBNAIL cache_lookup result=hit elapsed_us=4 uri=/run/media/peet/Data-500GB/Meerkat Site Pictures/Meerkat Site Pics - Cellphone/Meerkat 200km Fence/20250327_183847.jpg
PIC_THUMBNAIL cache_lookup result=hit elapsed_us=3 uri=/run/media/peet/Data-500GB/Meerkat Site Pictures/Meerkat Site Pics - Cellphone/Meerkat 200km Fence/20250327_183516.jpg
PIC_THUMBNAIL cache_lookup result=hit elapsed_us=2 uri=/run/media/peet/Data-500GB/Meerkat Site Pictures/Meerkat Site Pics - Cellphone/Meerkat 200km Fence/20250327_183508.jpg
PIC_THUMBNAIL cache_lookup result=hit elapsed_us=4 uri=/run/media/peet/Data-500GB/Meerkat Site Pictures/Meerkat Site Pics - Cellphone/Meerkat 200km Fence/20250327_183501.jpg
PIC_THUMBNAIL cache_lookup result=hit elapsed_us=4 uri=/run/media/peet/Data-500GB/Meerkat Site Pictures/Meerkat Site Pics - Cellphone/Meerkat 200km Fence/20250327_183327.jpg
PIC_THUMBNAIL cache_lookup result=hit elapsed_us=4 uri=/run/media/peet/Data-500GB/Meerkat Site Pictures/Meerkat Site Pics - Cellphone/Meerkat 200km Fence/20250327_183308.jpg
PIC_THUMBNAIL cache_lookup result=hit elapsed_us=4 uri=/run/media/peet/Data-500GB/Meerkat Site Pictures/Meerkat Site Pics - Cellphone/Meerkat 200km Fence/20250327_183307.jpg
PIC_THUMBNAIL cache_lookup result=hit elapsed_us=4 uri=/run/media/peet/Data-500GB/Meerkat Site Pictures/Meerkat Site Pics - Cellphone/Meerkat 200km Fence/20250327_183305.jpg
PIC_THUMBNAIL cache_lookup result=hit elapsed_us=4 uri=/run/media/peet/Data-500GB/Meerkat Site Pictures/Meerkat Site Pics - Cellphone/Meerkat 200km Fence/20250327_183303.jpg
PIC_THUMBNAIL cache_lookup result=hit elapsed_us=3 uri=/run/media/peet/Data-500GB/Meerkat Site Pictures/Meerkat Site Pics - Cellphone/Meerkat 200km Fence/20250327_183134.jpg
PIC_THUMBNAIL cache_lookup result=hit elapsed_us=7 uri=/run/media/peet/Data-500GB/Meerkat Site Pictures/Meerkat Site Pics - Cellphone/Meerkat 200km Fence/20250327_183126.jpg
PIC_THUMBNAIL cache_lookup result=hit elapsed_us=3 uri=/run/media/peet/Data-500GB/Meerkat Site Pictures/Meerkat Site Pics - Cellphone/Meerkat 200km Fence/20250327_183106.jpg
PIC_THUMBNAIL cache_lookup result=hit elapsed_us=3 uri=/run/media/peet/Data-500GB/Meerkat Site Pictures/Meerkat Site Pics - Cellphone/Meerkat 200km Fence/20250327_183036.jpg
PIC_THUMBNAIL cache_lookup result=hit elapsed_us=3 uri=/run/media/peet/Data-500GB/Meerkat Site Pictures/Meerkat Site Pics - Cellphone/Meerkat 200km Fence/20250327_183030.jpg
PIC_THUMBNAIL cache_lookup result=hit elapsed_us=3 uri=/run/media/peet/Data-500GB/Meerkat Site Pictures/Meerkat Site Pics - Cellphone/Meerkat 200km Fence/20250327_182737.jpg
PIC_THUMBNAIL cache_lookup result=hit elapsed_us=3 uri=/run/media/peet/Data-500GB/Meerkat Site Pictures/Meerkat Site Pics - Cellphone/Meerkat 200km Fence/20250327_182735.jpg
PIC_THUMBNAIL cache_lookup result=hit elapsed_us=4 uri=/run/media/peet/Data-500GB/Meerkat Site Pictures/Meerkat Site Pics - Cellphone/Meerkat 200km Fence/20250327_182727.jpg
PIC_THUMBNAIL cache_lookup result=hit elapsed_us=4 uri=/run/media/peet/Data-500GB/Meerkat Site Pictures/Meerkat Site Pics - Cellphone/Meerkat 200km Fence/20250327_181231.jpg
PIC_THUMBNAIL cache_lookup result=hit elapsed_us=4 uri=/run/media/peet/Data-500GB/Meerkat Site Pictures/Meerkat Site Pics - Cellphone/Meerkat 200km Fence/20250327_181223.jpg
PIC_THUMBNAIL cache_lookup result=hit elapsed_us=4 uri=/run/media/peet/Data-500GB/Meerkat Site Pictures/Meerkat Site Pics - Cellphone/Meerkat 200km Fence/20250327_181218.jpg
PIC_THUMBNAIL cache_lookup result=hit elapsed_us=4 uri=/run/media/peet/Data-500GB/Meerkat Site Pictures/Meerkat Site Pics - Cellphone/Meerkat 200km Fence/20250327_181214.jpg
PIC_THUMBNAIL cache_lookup result=hit elapsed_us=4 uri=/run/media/peet/Data-500GB/Meerkat Site Pictures/Meerkat Site Pics - Cellphone/Meerkat 200km Fence/20250327_173054.jpg
PIC_THUMBNAIL cache_lookup result=hit elapsed_us=3 uri=/run/media/peet/Data-500GB/Meerkat Site Pictures/Meerkat Site Pics - Cellphone/Meerkat 200km Fence/20250327_162436.jpg
PIC_THUMBNAIL cache_lookup result=hit elapsed_us=4 uri=/run/media/peet/Data-500GB/Meerkat Site Pictures/Meerkat Site Pics - Cellphone/Meerkat 200km Fence/20250327_135410.jpg
PIC_THUMBNAIL cache_lookup result=hit elapsed_us=4 uri=/run/media/peet/Data-500GB/Meerkat Site Pictures/Meerkat Site Pics - Cellphone/Meerkat 200km Fence/20250327_135406.jpg
PIC_THUMBNAIL cache_lookup result=hit elapsed_us=3 uri=/run/media/peet/Data-500GB/Meerkat Site Pictures/Meerkat Site Pics - Cellphone/Meerkat 200km Fence/20250327_135403.jpg
PIC_THUMBNAIL cache_lookup result=hit elapsed_us=3 uri=/run/media/peet/Data-500GB/Meerkat Site Pictures/Meerkat Site Pics - Cellphone/Meerkat 200km Fence/20250327_085917.jpg
PIC_THUMBNAIL cache_lookup result=hit elapsed_us=4 uri=/run/media/peet/Data-500GB/Meerkat Site Pictures/Meerkat Site Pics - Cellphone/Meerkat 200km Fence/20250327_085914.jpg
PIC_THUMBNAIL cache_lookup result=hit elapsed_us=4 uri=/run/media/peet/Data-500GB/Meerkat Site Pictures/Meerkat Site Pics - Cellphone/Meerkat 200km Fence/20250326_193459.jpg
PIC_THUMBNAIL cache_lookup result=hit elapsed_us=4 uri=/run/media/peet/Data-500GB/Meerkat Site Pictures/Meerkat Site Pics - Cellphone/Meerkat 200km Fence/20250326_193447.jpg
PIC_THUMBNAIL cache_lookup result=hit elapsed_us=4 uri=/run/media/peet/Data-500GB/Meerkat Site Pictures/Meerkat Site Pics - Cellphone/Meerkat 200km Fence/20250326_115653.jpg
PIC_THUMBNAIL cache_lookup result=hit elapsed_us=3 uri=/run/media/peet/Data-500GB/Meerkat Site Pictures/Meerkat Site Pics - Cellphone/Meerkat 200km Fence/20250326_115650.jpg
PIC_THUMBNAIL cache_lookup result=hit elapsed_us=3 uri=/run/media/peet/Data-500GB/Meerkat Site Pictures/Meerkat Site Pics - Cellphone/Meerkat 200km Fence/20250326_115641.jpg
PIC_THUMBNAIL cache_lookup result=hit elapsed_us=4 uri=/run/media/peet/Data-500GB/Meerkat Site Pictures/Meerkat Site Pics - Cellphone/Meerkat 200km Fence/20250326_115630.jpg
PIC_THUMBNAIL cache_lookup result=hit elapsed_us=4 uri=/run/media/peet/Data-500GB/Meerkat Site Pictures/Meerkat Site Pics - Cellphone/Meerkat 200km Fence/20250326_104039.jpg
PIC_THUMBNAIL cache_lookup result=hit elapsed_us=4 uri=/run/media/peet/Data-500GB/Meerkat Site Pictures/Meerkat Site Pics - Cellphone/Meerkat 200km Fence/20250326_104020.jpg
PIC_THUMBNAIL cache_lookup result=hit elapsed_us=4 uri=/run/media/peet/Data-500GB/Meerkat Site Pictures/Meerkat Site Pics - Cellphone/Meerkat 200km Fence/20250326_085314.jpg
PIC_THUMBNAIL cache_lookup result=hit elapsed_us=4 uri=/run/media/peet/Data-500GB/Meerkat Site Pictures/Meerkat Site Pics - Cellphone/Meerkat 200km Fence/20250325_232209.jpg
PIC_THUMBNAIL cache_lookup result=hit elapsed_us=4 uri=/run/media/peet/Data-500GB/Meerkat Site Pictures/Meerkat Site Pics - Cellphone/Meerkat 200km Fence/20250325_232148.jpg
PIC_THUMBNAIL cache_lookup result=hit elapsed_us=4 uri=/run/media/peet/Data-500GB/Meerkat Site Pictures/Meerkat Site Pics - Cellphone/Meerkat 200km Fence/20250325_232140.jpg
PIC_THUMBNAIL cache_lookup result=hit elapsed_us=3 uri=/run/media/peet/Data-500GB/Meerkat Site Pictures/Meerkat Site Pics - Cellphone/Meerkat 200km Fence/20250325_221647.jpg
PIC_THUMBNAIL cache_lookup result=hit elapsed_us=4 uri=/run/media/peet/Data-500GB/Meerkat Site Pictures/Meerkat Site Pics - Cellphone/Meerkat 200km Fence/20250325_221644.jpg
PIC_THUMBNAIL cache_lookup result=hit elapsed_us=4 uri=/run/media/peet/Data-500GB/Meerkat Site Pictures/Meerkat Site Pics - Cellphone/Meerkat 200km Fence/20250325_221641.jpg
PIC_THUMBNAIL cache_lookup result=hit elapsed_us=3 uri=/run/media/peet/Data-500GB/Meerkat Site Pictures/Meerkat Site Pics - Cellphone/Meerkat 200km Fence/20250325_221637.jpg
PIC_THUMBNAIL cache_lookup result=hit elapsed_us=4 uri=/run/media/peet/Data-500GB/Meerkat Site Pictures/Meerkat Site Pics - Cellphone/Meerkat 200km Fence/20250325_221636.jpg
PIC_THUMBNAIL cache_lookup result=hit elapsed_us=4 uri=/run/media/peet/Data-500GB/Meerkat Site Pictures/Meerkat Site Pics - Cellphone/Meerkat 200km Fence/20250325_095104.jpg
PIC_THUMBNAIL cache_lookup result=hit elapsed_us=3 uri=/run/media/peet/Data-500GB/Meerkat Site Pictures/Meerkat Site Pics - Cellphone/Meerkat 200km Fence/20250325_095055.jpg
PIC_THUMBNAIL cache_lookup result=hit elapsed_us=3 uri=/run/media/peet/Data-500GB/Meerkat Site Pictures/Meerkat Site Pics - Cellphone/Meerkat 200km Fence/20250325_095051.jpg
PIC_THUMBNAIL cache_lookup result=hit elapsed_us=2 uri=/run/media/peet/Data-500GB/Meerkat Site Pictures/Meerkat Site Pics - Cellphone/Meerkat 200km Fence/20250325_060747.jpg
PIC_THUMBNAIL cache_lookup result=hit elapsed_us=3 uri=/run/media/peet/Data-500GB/Meerkat Site Pictures/Meerkat Site Pics - Cellphone/Meerkat 200km Fence/20250324_212044.jpg
PIC_THUMBNAIL cache_lookup result=hit elapsed_us=3 uri=/run/media/peet/Data-500GB/Meerkat Site Pictures/Meerkat Site Pics - Cellphone/Meerkat 200km Fence/20250324_212014.jpg
PIC_THUMBNAIL cache_lookup result=hit elapsed_us=3 uri=/run/media/peet/Data-500GB/Meerkat Site Pictures/Meerkat Site Pics - Cellphone/Meerkat 200km Fence/20250324_140334.jpg
PIC_THUMBNAIL cache_lookup result=hit elapsed_us=4 uri=/run/media/peet/Data-500GB/Meerkat Site Pictures/Meerkat Site Pics - Cellphone/Meerkat 200km Fence/20250324_140113.jpg
PIC_THUMBNAIL cache_lookup result=hit elapsed_us=3 uri=/run/media/peet/Data-500GB/Meerkat Site Pictures/Meerkat Site Pics - Cellphone/Meerkat 200km Fence/20250324_082430.jpg
PIC_THUMBNAIL cache_lookup result=hit elapsed_us=2 uri=/run/media/peet/Data-500GB/Meerkat Site Pictures/Meerkat Site Pics - Cellphone/Meerkat 200km Fence/20250324_082424.jpg
PIC_THUMBNAIL cache_lookup result=hit elapsed_us=2 uri=/run/media/peet/Data-500GB/Meerkat Site Pictures/Meerkat Site Pics - Cellphone/Meerkat 200km Fence/20250324_082417.jpg
PIC_THUMBNAIL cache_lookup result=hit elapsed_us=3 uri=/run/media/peet/Data-500GB/Meerkat Site Pictures/Meerkat Site Pics - Cellphone/Meerkat 200km Fence/20250324_082416.jpg
PIC_THUMBNAIL cache_lookup result=hit elapsed_us=4 uri=/run/media/peet/Data-500GB/Meerkat Site Pictures/Meerkat Site Pics - Cellphone/Meerkat 200km Fence/20250324_082415.jpg
PIC_THUMBNAIL cache_lookup result=hit elapsed_us=4 uri=/run/media/peet/Data-500GB/Meerkat Site Pictures/Meerkat Site Pics - Cellphone/Meerkat 200km Fence/20250324_082413.jpg
PIC_THUMBNAIL cache_lookup result=hit elapsed_us=2 uri=/run/media/peet/Data-500GB/Meerkat Site Pictures/Meerkat Site Pics - Cellphone/Meerkat 200km Fence/20250324_082412.jpg
PIC_THUMBNAIL cache_lookup result=hit elapsed_us=3 uri=/run/media/peet/Data-500GB/Meerkat Site Pictures/Meerkat Site Pics - Cellphone/Meerkat 200km Fence/20250323_214303.jpg
PIC_THUMBNAIL cache_lookup result=hit elapsed_us=2 uri=/run/media/peet/Data-500GB/Meerkat Site Pictures/Meerkat Site Pics - Cellphone/Meerkat 200km Fence/20250323_180100.jpg
PIC_THUMBNAIL cache_lookup result=hit elapsed_us=2 uri=/run/media/peet/Data-500GB/Meerkat Site Pictures/Meerkat Site Pics - Cellphone/Meerkat 200km Fence/20250323_160651.jpg
PIC_THUMBNAIL cache_lookup result=hit elapsed_us=3 uri=/run/media/peet/Data-500GB/Meerkat Site Pictures/Meerkat Site Pics - Cellphone/Meerkat 200km Fence/20250323_115251.jpg
PIC_THUMBNAIL cache_lookup result=hit elapsed_us=3 uri=/run/media/peet/Data-500GB/Meerkat Site Pictures/Meerkat Site Pics - Cellphone/Meerkat 200km Fence/20250323_104610.jpg
PIC_THUMBNAIL cache_lookup result=hit elapsed_us=2 uri=/run/media/peet/Data-500GB/Meerkat Site Pictures/Meerkat Site Pics - Cellphone/Meerkat 200km Fence/20250323_101345.jpg
PIC_THUMBNAIL cache_lookup result=hit elapsed_us=2 uri=/run/media/peet/Data-500GB/Meerkat Site Pictures/Meerkat Site Pics - Cellphone/Meerkat 200km Fence/20250322_170248.jpg
PIC_THUMBNAIL cache_lookup result=hit elapsed_us=4 uri=/run/media/peet/Data-500GB/Meerkat Site Pictures/Meerkat Site Pics - Cellphone/Meerkat 200km Fence/20250321_192904.jpg
PIC_THUMBNAIL cache_lookup result=hit elapsed_us=4 uri=/run/media/peet/Data-500GB/Meerkat Site Pictures/Meerkat Site Pics - Cellphone/Meerkat 200km Fence/20250321_192848.jpg
PIC_THUMBNAIL cache_lookup result=hit elapsed_us=2 uri=/run/media/peet/Data-500GB/Meerkat Site Pictures/Meerkat Site Pics - Cellphone/Meerkat 200km Fence/20250321_192845.jpg
PIC_THUMBNAIL cache_lookup result=hit elapsed_us=3 uri=/run/media/peet/Data-500GB/Meerkat Site Pictures/Meerkat Site Pics - Cellphone/Meerkat 200km Fence/20250321_140649.jpg
PIC_THUMBNAIL cache_lookup result=hit elapsed_us=2 uri=/run/media/peet/Data-500GB/Meerkat Site Pictures/Meerkat Site Pics - Cellphone/Meerkat 200km Fence/20250321_114139.jpg
PIC_THUMBNAIL cache_lookup result=hit elapsed_us=2 uri=/run/media/peet/Data-500GB/Meerkat Site Pictures/Meerkat Site Pics - Cellphone/Meerkat 200km Fence/20250321_114137.jpg
PIC_THUMBNAIL cache_lookup result=hit elapsed_us=2 uri=/run/media/peet/Data-500GB/Meerkat Site Pictures/Meerkat Site Pics - Cellphone/Meerkat 200km Fence/20250321_114132.jpg
PIC_THUMBNAIL cache_lookup result=hit elapsed_us=3 uri=/run/media/peet/Data-500GB/Meerkat Site Pictures/Meerkat Site Pics - Cellphone/Meerkat 200km Fence/20250321_114129.jpg
PIC_THUMBNAIL cache_lookup result=hit elapsed_us=2 uri=/run/media/peet/Data-500GB/Meerkat Site Pictures/Meerkat Site Pics - Cellphone/Meerkat 200km Fence/20250321_114126.jpg
PIC_THUMBNAIL cache_lookup result=hit elapsed_us=3 uri=/run/media/peet/Data-500GB/Meerkat Site Pictures/Meerkat Site Pics - Cellphone/Meerkat 200km Fence/20250321_114125.jpg
PIC_THUMBNAIL cache_lookup result=hit elapsed_us=2 uri=/run/media/peet/Data-500GB/Meerkat Site Pictures/Meerkat Site Pics - Cellphone/Meerkat 200km Fence/20250321_114122.jpg
PIC_THUMBNAIL cache_lookup result=hit elapsed_us=3 uri=/run/media/peet/Data-500GB/Meerkat Site Pictures/Meerkat Site Pics - Cellphone/Meerkat 200km Fence/20250321_114118.jpg
PIC_THUMBNAIL cache_lookup result=hit elapsed_us=2 uri=/run/media/peet/Data-500GB/Meerkat Site Pictures/Meerkat Site Pics - Cellphone/Meerkat 200km Fence/20250321_114113.jpg
PIC_THUMBNAIL cache_lookup result=hit elapsed_us=2 uri=/run/media/peet/Data-500GB/Meerkat Site Pictures/Meerkat Site Pics - Cellphone/Meerkat 200km Fence/20250321_114111.jpg
PIC_THUMBNAIL cache_lookup result=hit elapsed_us=2 uri=/run/media/peet/Data-500GB/Meerkat Site Pictures/Meerkat Site Pics - Cellphone/Meerkat 200km Fence/20250321_114109.jpg
PIC_THUMBNAIL cache_lookup result=hit elapsed_us=2 uri=/run/media/peet/Data-500GB/Meerkat Site Pictures/Meerkat Site Pics - Cellphone/Meerkat 200km Fence/20250321_114058.jpg
PIC_THUMBNAIL cache_lookup result=hit elapsed_us=3 uri=/run/media/peet/Data-500GB/Meerkat Site Pictures/Meerkat Site Pics - Cellphone/Meerkat 200km Fence/20250321_100031.jpg
PIC_THUMBNAIL cache_lookup result=hit elapsed_us=2 uri=/run/media/peet/Data-500GB/Meerkat Site Pictures/Meerkat Site Pics - Cellphone/Meerkat 200km Fence/20250321_100029.jpg
PIC_THUMBNAIL cache_lookup result=hit elapsed_us=2 uri=/run/media/peet/Data-500GB/Meerkat Site Pictures/Meerkat Site Pics - Cellphone/Meerkat 200km Fence/20250321_100026.jpg
PIC_THUMBNAIL cache_lookup result=hit elapsed_us=3 uri=/run/media/peet/Data-500GB/Meerkat Site Pictures/Meerkat Site Pics - Cellphone/Meerkat 200km Fence/20250321_100023.jpg
PIC_THUMBNAIL cache_lookup result=hit elapsed_us=4 uri=/run/media/peet/Data-500GB/Meerkat Site Pictures/Meerkat Site Pics - Cellphone/Meerkat 200km Fence/20250321_100021.jpg
PIC_THUMBNAIL cache_lookup result=hit elapsed_us=3 uri=/run/media/peet/Data-500GB/Meerkat Site Pictures/Meerkat Site Pics - Cellphone/Meerkat 200km Fence/20250321_100019.jpg
PIC_THUMBNAIL cache_lookup result=hit elapsed_us=4 uri=/run/media/peet/Data-500GB/Meerkat Site Pictures/Meerkat Site Pics - Cellphone/Meerkat 200km Fence/20250321_100018.jpg
PIC_THUMBNAIL cache_lookup result=hit elapsed_us=4 uri=/run/media/peet/Data-500GB/Meerkat Site Pictures/Meerkat Site Pics - Cellphone/Meerkat 200km Fence/20250321_100005.jpg
PIC_THUMBNAIL cache_lookup result=hit elapsed_us=4 uri=/run/media/peet/Data-500GB/Meerkat Site Pictures/Meerkat Site Pics - Cellphone/Meerkat 200km Fence/20250321_095959.jpg
PIC_THUMBNAIL cache_lookup result=hit elapsed_us=4 uri=/run/media/peet/Data-500GB/Meerkat Site Pictures/Meerkat Site Pics - Cellphone/Meerkat 200km Fence/20250321_095957.jpg
PIC_THUMBNAIL cache_lookup result=hit elapsed_us=3 uri=/run/media/peet/Data-500GB/Meerkat Site Pictures/Meerkat Site Pics - Cellphone/Meerkat 200km Fence/20250321_095952.jpg
PIC_THUMBNAIL cache_lookup result=hit elapsed_us=4 uri=/run/media/peet/Data-500GB/Meerkat Site Pictures/Meerkat Site Pics - Cellphone/Meerkat 200km Fence/20250321_095939.jpg
PIC_THUMBNAIL cache_lookup result=hit elapsed_us=4 uri=/run/media/peet/Data-500GB/Meerkat Site Pictures/Meerkat Site Pics - Cellphone/Meerkat 200km Fence/20250321_092258(0).jpg
PIC_THUMBNAIL cache_lookup result=hit elapsed_us=4 uri=/run/media/peet/Data-500GB/Meerkat Site Pictures/Meerkat Site Pics - Cellphone/Meerkat 200km Fence/20250321_092258.jpg
PIC_THUMBNAIL cache_lookup result=hit elapsed_us=4 uri=/run/media/peet/Data-500GB/Meerkat Site Pictures/Meerkat Site Pics - Cellphone/Meerkat 200km Fence/20250321_092257.jpg
PIC_THUMBNAIL cache_lookup result=hit elapsed_us=3 uri=/run/media/peet/Data-500GB/Meerkat Site Pictures/Meerkat Site Pics - Cellphone/Meerkat 200km Fence/20250321_092254.jpg
PIC_THUMBNAIL cache_lookup result=hit elapsed_us=3 uri=/run/media/peet/Data-500GB/Meerkat Site Pictures/Meerkat Site Pics - Cellphone/Meerkat 200km Fence/20250321_075550.jpg
PIC_THUMBNAIL cache_lookup result=hit elapsed_us=3 uri=/run/media/peet/Data-500GB/Meerkat Site Pictures/Meerkat Site Pics - Cellphone/Meerkat 200km Fence/20250321_074909.jpg
PIC_THUMBNAIL cache_lookup result=hit elapsed_us=3 uri=/run/media/peet/Data-500GB/Meerkat Site Pictures/Meerkat Site Pics - Cellphone/Meerkat 200km Fence/20250321_074854.jpg
PIC_THUMBNAIL cache_lookup result=hit elapsed_us=2 uri=/run/media/peet/Data-500GB/Meerkat Site Pictures/Meerkat Site Pics - Cellphone/Meerkat 200km Fence/20250321_072655.jpg
PIC_THUMBNAIL cache_lookup result=hit elapsed_us=3 uri=/run/media/peet/Data-500GB/Meerkat Site Pictures/Meerkat Site Pics - Cellphone/Meerkat 200km Fence/20250321_072641.jpg
PIC_THUMBNAIL cache_lookup result=hit elapsed_us=3 uri=/run/media/peet/Data-500GB/Meerkat Site Pictures/Meerkat Site Pics - Cellphone/Meerkat 200km Fence/20250320_191937.jpg
PIC_THUMBNAIL cache_lookup result=hit elapsed_us=2 uri=/run/media/peet/Data-500GB/Meerkat Site Pictures/Meerkat Site Pics - Cellphone/Meerkat 200km Fence/20250320_141119.jpg
PIC_THUMBNAIL cache_lookup result=hit elapsed_us=2 uri=/run/media/peet/Data-500GB/Meerkat Site Pictures/Meerkat Site Pics - Cellphone/Meerkat 200km Fence/20250320_141103.jpg
PIC_THUMBNAIL cache_lookup result=hit elapsed_us=3 uri=/run/media/peet/Data-500GB/Meerkat Site Pictures/Meerkat Site Pics - Cellphone/Meerkat 200km Fence/20250320_141048.jpg
PIC_THUMBNAIL cache_lookup result=hit elapsed_us=2 uri=/run/media/peet/Data-500GB/Meerkat Site Pictures/Meerkat Site Pics - Cellphone/Meerkat 200km Fence/20250320_141039.jpg
PIC_THUMBNAIL cache_lookup result=hit elapsed_us=2 uri=/run/media/peet/Data-500GB/Meerkat Site Pictures/Meerkat Site Pics - Cellphone/Meerkat 200km Fence/20250320_141004.jpg
PIC_THUMBNAIL cache_lookup result=hit elapsed_us=3 uri=/run/media/peet/Data-500GB/Meerkat Site Pictures/Meerkat Site Pics - Cellphone/Meerkat 200km Fence/20250320_140957.jpg
PIC_THUMBNAIL cache_lookup result=hit elapsed_us=4 uri=/run/media/peet/Data-500GB/Meerkat Site Pictures/Meerkat Site Pics - Cellphone/Meerkat 200km Fence/20250320_064017.jpg
PIC_THUMBNAIL cache_lookup result=hit elapsed_us=4 uri=/run/media/peet/Data-500GB/Meerkat Site Pictures/Meerkat Site Pics - Cellphone/Meerkat 200km Fence/20250320_063855.jpg
PIC_THUMBNAIL cache_lookup result=hit elapsed_us=4 uri=/run/media/peet/Data-500GB/Meerkat Site Pictures/Meerkat Site Pics - Cellphone/Meerkat 200km Fence/20250319_223313.jpg
PIC_THUMBNAIL cache_lookup result=hit elapsed_us=5 uri=/run/media/peet/Data-500GB/Meerkat Site Pictures/Meerkat Site Pics - Cellphone/Meerkat 200km Fence/20250319_220153.jpg
PIC_THUMBNAIL cache_lookup result=hit elapsed_us=4 uri=/run/media/peet/Data-500GB/Meerkat Site Pictures/Meerkat Site Pics - Cellphone/Meerkat 200km Fence/20250319_192940.jpg
PIC_THUMBNAIL cache_lookup result=hit elapsed_us=5 uri=/run/media/peet/Data-500GB/Meerkat Site Pictures/Meerkat Site Pics - Cellphone/Meerkat 200km Fence/20250319_185801.jpg
PIC_THUMBNAIL cache_lookup result=hit elapsed_us=5 uri=/run/media/peet/Data-500GB/Meerkat Site Pictures/Meerkat Site Pics - Cellphone/Meerkat 200km Fence/20250319_185748.jpg
PIC_THUMBNAIL cache_lookup result=hit elapsed_us=2 uri=/run/media/peet/Data-500GB/Meerkat Site Pictures/Meerkat Site Pics - Cellphone/Meerkat 200km Fence/20250319_184917.jpg
PIC_THUMBNAIL cache_lookup result=hit elapsed_us=2 uri=/run/media/peet/Data-500GB/Meerkat Site Pictures/Meerkat Site Pics - Cellphone/Meerkat 200km Fence/20250319_183120.jpg
PIC_THUMBNAIL cache_lookup result=hit elapsed_us=3 uri=/run/media/peet/Data-500GB/Meerkat Site Pictures/Meerkat Site Pics - Cellphone/Meerkat 200km Fence/20250319_171302.jpg
PIC_THUMBNAIL cache_lookup result=hit elapsed_us=2 uri=/run/media/peet/Data-500GB/Meerkat Site Pictures/Meerkat Site Pics - Cellphone/Meerkat 200km Fence/20250319_171251.jpg
PIC_THUMBNAIL cache_lookup result=hit elapsed_us=3 uri=/run/media/peet/Data-500GB/Meerkat Site Pictures/Meerkat Site Pics - Cellphone/Meerkat 200km Fence/20250319_160839.jpg
PIC_THUMBNAIL cache_lookup result=hit elapsed_us=3 uri=/run/media/peet/Data-500GB/Meerkat Site Pictures/Meerkat Site Pics - Cellphone/Meerkat 200km Fence/20250319_102943.jpg
PIC_THUMBNAIL cache_lookup result=hit elapsed_us=2 uri=/run/media/peet/Data-500GB/Meerkat Site Pictures/Meerkat Site Pics - Cellphone/Meerkat 200km Fence/20250319_102937.jpg
PIC_THUMBNAIL cache_lookup result=hit elapsed_us=3 uri=/run/media/peet/Data-500GB/Meerkat Site Pictures/Meerkat Site Pics - Cellphone/Meerkat 200km Fence/20250319_102934.jpg
PIC_THUMBNAIL cache_lookup result=hit elapsed_us=3 uri=/run/media/peet/Data-500GB/Meerkat Site Pictures/Meerkat Site Pics - Cellphone/Meerkat 200km Fence/20250319_075327.jpg
PIC_THUMBNAIL cache_lookup result=hit elapsed_us=3 uri=/run/media/peet/Data-500GB/Meerkat Site Pictures/Meerkat Site Pics - Cellphone/Meerkat 200km Fence/20250319_074459.jpg
PIC_THUMBNAIL cache_lookup result=hit elapsed_us=3 uri=/run/media/peet/Data-500GB/Meerkat Site Pictures/Meerkat Site Pics - Cellphone/Meerkat 200km Fence/20250319_063520.jpg
PIC_THUMBNAIL cache_lookup result=hit elapsed_us=3 uri=/run/media/peet/Data-500GB/Meerkat Site Pictures/Meerkat Site Pics - Cellphone/Meerkat 200km Fence/20250319_063306.jpg
PIC_THUMBNAIL cache_lookup result=hit elapsed_us=2 uri=/run/media/peet/Data-500GB/Meerkat Site Pictures/Meerkat Site Pics - Cellphone/Meerkat 200km Fence/20250318_203451.jpg
PIC_THUMBNAIL cache_lookup result=hit elapsed_us=2 uri=/run/media/peet/Data-500GB/Meerkat Site Pictures/Meerkat Site Pics - Cellphone/Meerkat 200km Fence/20250318_192748.jpg
PIC_THUMBNAIL cache_lookup result=hit elapsed_us=2 uri=/run/media/peet/Data-500GB/Meerkat Site Pictures/Meerkat Site Pics - Cellphone/Meerkat 200km Fence/20250318_190604.jpg
PIC_THUMBNAIL cache_lookup result=hit elapsed_us=2 uri=/run/media/peet/Data-500GB/Meerkat Site Pictures/Meerkat Site Pics - Cellphone/Meerkat 200km Fence/20250318_185336.jpg
PIC_THUMBNAIL cache_lookup result=hit elapsed_us=3 uri=/run/media/peet/Data-500GB/Meerkat Site Pictures/Meerkat Site Pics - Cellphone/Meerkat 200km Fence/20250318_161336.jpg
PIC_THUMBNAIL cache_lookup result=hit elapsed_us=2 uri=/run/media/peet/Data-500GB/Meerkat Site Pictures/Meerkat Site Pics - Cellphone/Meerkat 200km Fence/20250318_161332.jpg
PIC_THUMBNAIL cache_lookup result=hit elapsed_us=3 uri=/run/media/peet/Data-500GB/Meerkat Site Pictures/Meerkat Site Pics - Cellphone/Meerkat 200km Fence/20250318_161329.jpg
PIC_THUMBNAIL cache_lookup result=hit elapsed_us=2 uri=/run/media/peet/Data-500GB/Meerkat Site Pictures/Meerkat Site Pics - Cellphone/Meerkat 200km Fence/20250318_161141.jpg
PIC_THUMBNAIL cache_lookup result=hit elapsed_us=4 uri=/run/media/peet/Data-500GB/Meerkat Site Pictures/Meerkat Site Pics - Cellphone/Meerkat 200km Fence/20250318_161137.jpg
PIC_THUMBNAIL cache_lookup result=hit elapsed_us=7 uri=/run/media/peet/Data-500GB/Meerkat Site Pictures/Meerkat Site Pics - Cellphone/Meerkat 200km Fence/20250318_161136.jpg
PIC_THUMBNAIL cache_lookup result=hit elapsed_us=4 uri=/run/media/peet/Data-500GB/Meerkat Site Pictures/Meerkat Site Pics - Cellphone/Meerkat 200km Fence/20250318_161129.jpg
PIC_THUMBNAIL cache_lookup result=hit elapsed_us=3 uri=/run/media/peet/Data-500GB/Meerkat Site Pictures/Meerkat Site Pics - Cellphone/Meerkat 200km Fence/20250318_161126.jpg
PIC_THUMBNAIL cache_lookup result=hit elapsed_us=4 uri=/run/media/peet/Data-500GB/Meerkat Site Pictures/Meerkat Site Pics - Cellphone/Meerkat 200km Fence/20250318_150446.jpg
PIC_THUMBNAIL cache_lookup result=hit elapsed_us=3 uri=/run/media/peet/Data-500GB/Meerkat Site Pictures/Meerkat Site Pics - Cellphone/Meerkat 200km Fence/20250318_150443.jpg
PIC_THUMBNAIL cache_lookup result=hit elapsed_us=3 uri=/run/media/peet/Data-500GB/Meerkat Site Pictures/Meerkat Site Pics - Cellphone/Meerkat 200km Fence/20250318_150441.jpg
PIC_THUMBNAIL cache_lookup result=hit elapsed_us=3 uri=/run/media/peet/Data-500GB/Meerkat Site Pictures/Meerkat Site Pics - Cellphone/Meerkat 200km Fence/20250318_150434.jpg
PIC_THUMBNAIL cache_lookup result=hit elapsed_us=3 uri=/run/media/peet/Data-500GB/Meerkat Site Pictures/Meerkat Site Pics - Cellphone/Meerkat 200km Fence/20250318_150433.jpg
PIC_THUMBNAIL cache_lookup result=hit elapsed_us=3 uri=/run/media/peet/Data-500GB/Meerkat Site Pictures/Meerkat Site Pics - Cellphone/Meerkat 200km Fence/20250318_150425.jpg
PIC_THUMBNAIL cache_lookup result=hit elapsed_us=3 uri=/run/media/peet/Data-500GB/Meerkat Site Pictures/Meerkat Site Pics - Cellphone/Meerkat 200km Fence/20250318_150422.jpg
PIC_THUMBNAIL cache_lookup result=hit elapsed_us=3 uri=/run/media/peet/Data-500GB/Meerkat Site Pictures/Meerkat Site Pics - Cellphone/Meerkat 200km Fence/20250318_150153.jpg
PIC_THUMBNAIL cache_lookup result=hit elapsed_us=3 uri=/run/media/peet/Data-500GB/Meerkat Site Pictures/Meerkat Site Pics - Cellphone/Meerkat 200km Fence/20250318_150144.jpg
PIC_THUMBNAIL cache_lookup result=hit elapsed_us=3 uri=/run/media/peet/Data-500GB/Meerkat Site Pictures/Meerkat Site Pics - Cellphone/Meerkat 200km Fence/20250318_150136.jpg
PIC_THUMBNAIL cache_lookup result=hit elapsed_us=4 uri=/run/media/peet/Data-500GB/Meerkat Site Pictures/Meerkat Site Pics - Cellphone/Meerkat 200km Fence/20250318_150112.jpg
PIC_THUMBNAIL cache_lookup result=hit elapsed_us=3 uri=/run/media/peet/Data-500GB/Meerkat Site Pictures/Meerkat Site Pics - Cellphone/Meerkat 200km Fence/20250318_150106.jpg
PIC_THUMBNAIL cache_lookup result=hit elapsed_us=3 uri=/run/media/peet/Data-500GB/Meerkat Site Pictures/Meerkat Site Pics - Cellphone/Meerkat 200km Fence/20250318_150053.jpg
PIC_THUMBNAIL cache_lookup result=hit elapsed_us=3 uri=/run/media/peet/Data-500GB/Meerkat Site Pictures/Meerkat Site Pics - Cellphone/Meerkat 200km Fence/20250318_145154.jpg
PIC_THUMBNAIL cache_lookup result=hit elapsed_us=3 uri=/run/media/peet/Data-500GB/Meerkat Site Pictures/Meerkat Site Pics - Cellphone/Meerkat 200km Fence/20250318_145152.jpg
PIC_THUMBNAIL cache_lookup result=hit elapsed_us=3 uri=/run/media/peet/Data-500GB/Meerkat Site Pictures/Meerkat Site Pics - Cellphone/Meerkat 200km Fence/20250318_145144.jpg
PIC_THUMBNAIL cache_lookup result=hit elapsed_us=3 uri=/run/media/peet/Data-500GB/Meerkat Site Pictures/Meerkat Site Pics - Cellphone/Meerkat 200km Fence/20250318_145143.jpg
PIC_THUMBNAIL cache_lookup result=hit elapsed_us=3 uri=/run/media/peet/Data-500GB/Meerkat Site Pictures/Meerkat Site Pics - Cellphone/Meerkat 200km Fence/20250318_145109.jpg
PIC_THUMBNAIL cache_lookup result=hit elapsed_us=3 uri=/run/media/peet/Data-500GB/Meerkat Site Pictures/Meerkat Site Pics - Cellphone/Meerkat 200km Fence/20250318_145105.jpg
PIC_THUMBNAIL cache_lookup result=hit elapsed_us=3 uri=/run/media/peet/Data-500GB/Meerkat Site Pictures/Meerkat Site Pics - Cellphone/Meerkat 200km Fence/20250318_145059.jpg
PIC_THUMBNAIL cache_lookup result=hit elapsed_us=3 uri=/run/media/peet/Data-500GB/Meerkat Site Pictures/Meerkat Site Pics - Cellphone/Meerkat 200km Fence/20250318_145047.jpg
PIC_THUMBNAIL cache_lookup result=hit elapsed_us=3 uri=/run/media/peet/Data-500GB/Meerkat Site Pictures/Meerkat Site Pics - Cellphone/Meerkat 200km Fence/20250318_145040.jpg
PIC_THUMBNAIL cache_lookup result=hit elapsed_us=3 uri=/run/media/peet/Data-500GB/Meerkat Site Pictures/Meerkat Site Pics - Cellphone/Meerkat 200km Fence/20250318_145028.jpg
PIC_THUMBNAIL cache_lookup result=hit elapsed_us=3 uri=/run/media/peet/Data-500GB/Meerkat Site Pictures/Meerkat Site Pics - Cellphone/Meerkat 200km Fence/20250318_145026.jpg
PIC_THUMBNAIL cache_lookup result=hit elapsed_us=3 uri=/run/media/peet/Data-500GB/Meerkat Site Pictures/Meerkat Site Pics - Cellphone/Meerkat 200km Fence/20250318_144954.jpg
PIC_THUMBNAIL cache_lookup result=hit elapsed_us=3 uri=/run/media/peet/Data-500GB/Meerkat Site Pictures/Meerkat Site Pics - Cellphone/Meerkat 200km Fence/20250318_144952.jpg
PIC_THUMBNAIL cache_lookup result=hit elapsed_us=4 uri=/run/media/peet/Data-500GB/Meerkat Site Pictures/Meerkat Site Pics - Cellphone/Meerkat 200km Fence/20250318_144935.jpg
PIC_THUMBNAIL cache_lookup result=hit elapsed_us=3 uri=/run/media/peet/Data-500GB/Meerkat Site Pictures/Meerkat Site Pics - Cellphone/Meerkat 200km Fence/20250318_144928.jpg
PIC_THUMBNAIL cache_lookup result=hit elapsed_us=3 uri=/run/media/peet/Data-500GB/Meerkat Site Pictures/Meerkat Site Pics - Cellphone/Meerkat 200km Fence/20250318_143234.jpg
PIC_THUMBNAIL cache_lookup result=hit elapsed_us=3 uri=/run/media/peet/Data-500GB/Meerkat Site Pictures/Meerkat Site Pics - Cellphone/Meerkat 200km Fence/20250318_143205.jpg
PIC_THUMBNAIL cache_lookup result=hit elapsed_us=4 uri=/run/media/peet/Data-500GB/Meerkat Site Pictures/Meerkat Site Pics - Cellphone/Meerkat 200km Fence/20250318_143147.jpg
PIC_THUMBNAIL cache_lookup result=hit elapsed_us=3 uri=/run/media/peet/Data-500GB/Meerkat Site Pictures/Meerkat Site Pics - Cellphone/Meerkat 200km Fence/20250318_134430.jpg
PIC_THUMBNAIL cache_lookup result=hit elapsed_us=3 uri=/run/media/peet/Data-500GB/Meerkat Site Pictures/Meerkat Site Pics - Cellphone/Meerkat 200km Fence/20250318_060127.jpg
PIC_THUMBNAIL cache_lookup result=hit elapsed_us=3 uri=/run/media/peet/Data-500GB/Meerkat Site Pictures/Meerkat Site Pics - Cellphone/Meerkat 200km Fence/20250318_060124.jpg
PIC_THUMBNAIL cache_lookup result=hit elapsed_us=3 uri=/run/media/peet/Data-500GB/Meerkat Site Pictures/Meerkat Site Pics - Cellphone/Meerkat 200km Fence/20250318_060110.jpg
PIC_THUMBNAIL cache_lookup result=hit elapsed_us=3 uri=/run/media/peet/Data-500GB/Meerkat Site Pictures/Meerkat Site Pics - Cellphone/Meerkat 200km Fence/20250317_215312.jpg
PIC_THUMBNAIL cache_lookup result=hit elapsed_us=3 uri=/run/media/peet/Data-500GB/Meerkat Site Pictures/Meerkat Site Pics - Cellphone/Meerkat 200km Fence/20250317_195100.jpg
PIC_THUMBNAIL cache_lookup result=hit elapsed_us=3 uri=/run/media/peet/Data-500GB/Meerkat Site Pictures/Meerkat Site Pics - Cellphone/Meerkat 200km Fence/20250317_195057.jpg
PIC_THUMBNAIL cache_lookup result=hit elapsed_us=3 uri=/run/media/peet/Data-500GB/Meerkat Site Pictures/Meerkat Site Pics - Cellphone/Meerkat 200km Fence/20250317_195051.jpg
PIC_THUMBNAIL cache_lookup result=hit elapsed_us=3 uri=/run/media/peet/Data-500GB/Meerkat Site Pictures/Meerkat Site Pics - Cellphone/Meerkat 200km Fence/20250317_195049.jpg
PIC_THUMBNAIL cache_lookup result=hit elapsed_us=3 uri=/run/media/peet/Data-500GB/Meerkat Site Pictures/Meerkat Site Pics - Cellphone/Meerkat 200km Fence/20250317_195039.jpg
PIC_THUMBNAIL cache_lookup result=hit elapsed_us=3 uri=/run/media/peet/Data-500GB/Meerkat Site Pictures/Meerkat Site Pics - Cellphone/Meerkat 200km Fence/20250317_193845.jpg
PIC_THUMBNAIL cache_lookup result=hit elapsed_us=3 uri=/run/media/peet/Data-500GB/Meerkat Site Pictures/Meerkat Site Pics - Cellphone/Meerkat 200km Fence/20250317_185701.jpg
PIC_THUMBNAIL cache_lookup result=hit elapsed_us=3 uri=/run/media/peet/Data-500GB/Meerkat Site Pictures/Meerkat Site Pics - Cellphone/Meerkat 200km Fence/20250317_185657.jpg
PIC_THUMBNAIL cache_lookup result=hit elapsed_us=3 uri=/run/media/peet/Data-500GB/Meerkat Site Pictures/Meerkat Site Pics - Cellphone/Meerkat 200km Fence/20250317_185650.jpg
PIC_THUMBNAIL cache_lookup result=hit elapsed_us=3 uri=/run/media/peet/Data-500GB/Meerkat Site Pictures/Meerkat Site Pics - Cellphone/Meerkat 200km Fence/20250317_185648.jpg
PIC_THUMBNAIL cache_lookup result=hit elapsed_us=3 uri=/run/media/peet/Data-500GB/Meerkat Site Pictures/Meerkat Site Pics - Cellphone/Meerkat 200km Fence/20250317_185055.jpg
PIC_THUMBNAIL cache_lookup result=hit elapsed_us=3 uri=/run/media/peet/Data-500GB/Meerkat Site Pictures/Meerkat Site Pics - Cellphone/Meerkat 200km Fence/20250317_160654.jpg
PIC_THUMBNAIL cache_lookup result=hit elapsed_us=3 uri=/run/media/peet/Data-500GB/Meerkat Site Pictures/Meerkat Site Pics - Cellphone/Meerkat 200km Fence/20250317_155754.jpg
PIC_THUMBNAIL cache_lookup result=hit elapsed_us=3 uri=/run/media/peet/Data-500GB/Meerkat Site Pictures/Meerkat Site Pics - Cellphone/Meerkat 200km Fence/20250317_155342.jpg
PIC_THUMBNAIL cache_lookup result=hit elapsed_us=3 uri=/run/media/peet/Data-500GB/Meerkat Site Pictures/Meerkat Site Pics - Cellphone/Meerkat 200km Fence/20250317_155031.jpg
PIC_THUMBNAIL cache_lookup result=hit elapsed_us=23 uri=/run/media/peet/Data-500GB/Meerkat Site Pictures/Meerkat Site Pics - Cellphone/Meerkat 200km Fence/20250317_155025.jpg
PIC_THUMBNAIL cache_lookup result=hit elapsed_us=3 uri=/run/media/peet/Data-500GB/Meerkat Site Pictures/Meerkat Site Pics - Cellphone/Meerkat 200km Fence/20250317_144343.jpg
PIC_THUMBNAIL cache_lookup result=hit elapsed_us=3 uri=/run/media/peet/Data-500GB/Meerkat Site Pictures/Meerkat Site Pics - Cellphone/Meerkat 200km Fence/20250317_144321.jpg
PIC_THUMBNAIL cache_lookup result=hit elapsed_us=3 uri=/run/media/peet/Data-500GB/Meerkat Site Pictures/Meerkat Site Pics - Cellphone/Meerkat 200km Fence/20250317_134032.jpg
PIC_THUMBNAIL cache_lookup result=hit elapsed_us=3 uri=/run/media/peet/Data-500GB/Meerkat Site Pictures/Meerkat Site Pics - Cellphone/Meerkat 200km Fence/20250317_120912.jpg
PIC_THUMBNAIL cache_lookup result=hit elapsed_us=3 uri=/run/media/peet/Data-500GB/Meerkat Site Pictures/Meerkat Site Pics - Cellphone/Meerkat 200km Fence/20250317_110131.jpg
PIC_THUMBNAIL cache_lookup result=hit elapsed_us=3 uri=/run/media/peet/Data-500GB/Meerkat Site Pictures/Meerkat Site Pics - Cellphone/Meerkat 200km Fence/20250317_110121.jpg
PIC_THUMBNAIL cache_lookup result=hit elapsed_us=3 uri=/run/media/peet/Data-500GB/Meerkat Site Pictures/Meerkat Site Pics - Cellphone/Meerkat 200km Fence/20250317_110113.jpg
PIC_THUMBNAIL cache_lookup result=hit elapsed_us=3 uri=/run/media/peet/Data-500GB/Meerkat Site Pictures/Meerkat Site Pics - Cellphone/Meerkat 200km Fence/20250316_125649.jpg
PIC_THUMBNAIL cache_lookup result=hit elapsed_us=3 uri=/run/media/peet/Data-500GB/Meerkat Site Pictures/Meerkat Site Pics - Cellphone/Meerkat 200km Fence/20250316_125041.jpg
PIC_THUMBNAIL cache_lookup result=hit elapsed_us=3 uri=/run/media/peet/Data-500GB/Meerkat Site Pictures/Meerkat Site Pics - Cellphone/Meerkat 200km Fence/20250316_094737.jpg
PIC_THUMBNAIL cache_lookup result=hit elapsed_us=3 uri=/run/media/peet/Data-500GB/Meerkat Site Pictures/Meerkat Site Pics - Cellphone/Meerkat 200km Fence/20250316_092614.jpg
PIC_THUMBNAIL cache_lookup result=hit elapsed_us=3 uri=/run/media/peet/Data-500GB/Meerkat Site Pictures/Meerkat Site Pics - Cellphone/Meerkat 200km Fence/20250316_092606.jpg
PIC_THUMBNAIL cache_lookup result=hit elapsed_us=3 uri=/run/media/peet/Data-500GB/Meerkat Site Pictures/Meerkat Site Pics - Cellphone/Meerkat 200km Fence/20250316_092551.jpg
PIC_THUMBNAIL cache_lookup result=hit elapsed_us=3 uri=/run/media/peet/Data-500GB/Meerkat Site Pictures/Meerkat Site Pics - Cellphone/Meerkat 200km Fence/20250316_091358.jpg
PIC_THUMBNAIL cache_lookup result=hit elapsed_us=3 uri=/run/media/peet/Data-500GB/Meerkat Site Pictures/Meerkat Site Pics - Cellphone/Meerkat 200km Fence/20250316_091344.jpg
PIC_THUMBNAIL cache_lookup result=hit elapsed_us=3 uri=/run/media/peet/Data-500GB/Meerkat Site Pictures/Meerkat Site Pics - Cellphone/Meerkat 200km Fence/20250316_083258.jpg
PIC_THUMBNAIL cache_lookup result=hit elapsed_us=3 uri=/run/media/peet/Data-500GB/Meerkat Site Pictures/Meerkat Site Pics - Cellphone/Meerkat 200km Fence/20250316_083123.jpg
PIC_THUMBNAIL cache_lookup result=hit elapsed_us=3 uri=/run/media/peet/Data-500GB/Meerkat Site Pictures/Meerkat Site Pics - Cellphone/Meerkat 200km Fence/20250315_165518.jpg
PIC_THUMBNAIL cache_lookup result=hit elapsed_us=3 uri=/run/media/peet/Data-500GB/Work-FB/FB-2025-Community Service/20250311_120139.jpg
PIC_THUMBNAIL cache_lookup result=hit elapsed_us=3 uri=/run/media/peet/Data-500GB/Work-FB/FB-2025-Community Service/20250311_120132.jpg
PIC_THUMBNAIL cache_lookup result=hit elapsed_us=3 uri=/run/media/peet/Data-500GB/Work-FB/FB-2025-Community Service/20250311_120127.jpg
PIC_THUMBNAIL cache_lookup result=hit elapsed_us=3 uri=/run/media/peet/Data-500GB/Work-FB/FB-2025-Community Service/20250311_120113.jpg
PIC_THUMBNAIL cache_lookup result=hit elapsed_us=3 uri=/run/media/peet/Data-500GB/Work-FB/FB-2025-Sentech/20250310_141056.jpg
PIC_THUMBNAIL cache_lookup result=hit elapsed_us=3 uri=/run/media/peet/Data-500GB/Work-FB/FB-2025-Sentech/20250310_141052.jpg
PIC_THUMBNAIL cache_lookup result=hit elapsed_us=3 uri=/run/media/peet/Data-500GB/Work-FB/FB-2025-Sentech/20250310_141029.jpg
PIC_THUMBNAIL cache_lookup result=hit elapsed_us=3 uri=/run/media/peet/Data-500GB/Work-FB/FB-2025-Sentech/20250310_141021.jpg
PIC_THUMBNAIL cache_lookup result=hit elapsed_us=3 uri=/run/media/peet/Data-500GB/Work-FB/FB-2025-Sentech/20250310_141016.jpg
PIC_THUMBNAIL cache_lookup result=hit elapsed_us=3 uri=/run/media/peet/Data-500GB/Work-FB/FB-2025-Sentech/20250310_141011.jpg
PIC_THUMBNAIL cache_lookup result=hit elapsed_us=3 uri=/run/media/peet/Data-500GB/Work-FB/FB-2025-Sentech/20250310_140949.jpg
PIC_THUMBNAIL cache_lookup result=hit elapsed_us=3 uri=/run/media/peet/Data-500GB/Work-FB/FB-2025-Sentech/20250310_140928.jpg
PIC_THUMBNAIL cache_lookup result=hit elapsed_us=3 uri=/run/media/peet/Data-500GB/Work-FB/FB-2025-Sentech/20250310_140909.jpg
PIC_THUMBNAIL cache_lookup result=hit elapsed_us=3 uri=/run/media/peet/Data-500GB/Work-FB/FB-2025-Sentech/20250310_140904.jpg
PIC_THUMBNAIL cache_lookup result=hit elapsed_us=3 uri=/run/media/peet/Data-500GB/Work-FB/FB-2025-Sentech/20250310_140902.jpg
PIC_THUMBNAIL cache_lookup result=hit elapsed_us=3 uri=/run/media/peet/Data-500GB/Work-FB/FB-2025-Sentech/20250310_140853.jpg
PIC_THUMBNAIL cache_lookup result=hit elapsed_us=3 uri=/run/media/peet/Data-500GB/Work-FB/FB-2025-Sentech/20250310_140836.jpg
PIC_THUMBNAIL cache_lookup result=hit elapsed_us=3 uri=/run/media/peet/Data-500GB/Work-FB/FB-2025-Sentech/20250310_140824.jpg
PIC_THUMBNAIL cache_lookup result=hit elapsed_us=3 uri=/run/media/peet/Data-500GB/Work-FB/FB-2025-Sentech/20250310_140814.jpg
PIC_THUMBNAIL cache_lookup result=hit elapsed_us=3 uri=/run/media/peet/Data-500GB/Work-FB/FB-2025-Sentech/20250310_140811.jpg
PIC_THUMBNAIL cache_lookup result=hit elapsed_us=3 uri=/run/media/peet/Data-500GB/Work-FB/FB-2025-Sentech/20250310_140803.jpg
PIC_THUMBNAIL cache_lookup result=hit elapsed_us=3 uri=/run/media/peet/Data-500GB/Work-FB/FB-2025-Sentech/20250310_140752.jpg
PIC_THUMBNAIL cache_lookup result=hit elapsed_us=3 uri=/run/media/peet/Data-500GB/Work-FB/FB-2025-Sentech/20250310_140750.jpg
PIC_THUMBNAIL cache_lookup result=hit elapsed_us=3 uri=/run/media/peet/Data-500GB/Work-FB/FB-2025-Sentech/20250310_140747.jpg
PIC_THUMBNAIL cache_lookup result=hit elapsed_us=3 uri=/run/media/peet/Data-500GB/Work-FB/FB-2025-Sentech/20250310_140711.jpg
PIC_THUMBNAIL cache_lookup result=hit elapsed_us=3 uri=/run/media/peet/Data-500GB/Meerkat Site Pictures/Meerkat Site Pics - Cellphone/Meerkat 200km Fence/20250225_164200.jpg
PIC_THUMBNAIL cache_lookup result=hit elapsed_us=3 uri=/run/media/peet/Data-500GB/Meerkat Site Pictures/Meerkat Site Pics - Cellphone/Meerkat 200km Fence/20250225_164155.jpg
PIC_THUMBNAIL cache_lookup result=hit elapsed_us=3 uri=/run/media/peet/Data-500GB/Meerkat Site Pictures/Meerkat Site Pics - Cellphone/Meerkat 200km Fence/20250225_164151.jpg
PIC_THUMBNAIL cache_lookup result=hit elapsed_us=3 uri=/run/media/peet/Data-500GB/Meerkat Site Pictures/Meerkat Site Pics - Cellphone/Meerkat 200km Fence/20250225_164150.jpg
PIC_THUMBNAIL cache_lookup result=hit elapsed_us=3 uri=/run/media/peet/Data-500GB/Meerkat Site Pictures/Meerkat Site Pics - Cellphone/Meerkat 200km Fence/20250206_101449.jpg
PIC_THUMBNAIL cache_lookup result=hit elapsed_us=3 uri=/run/media/peet/Data-500GB/Meerkat Site Pictures/Meerkat Site Pics - Cellphone/Meerkat 200km Fence/20250206_101442.jpg
PIC_THUMBNAIL cache_lookup result=hit elapsed_us=3 uri=/run/media/peet/Data-500GB/Meerkat Site Pictures/Meerkat Site Pics - Cellphone/Meerkat 200km Fence/20250206_101438.jpg
PIC_THUMBNAIL cache_lookup result=hit elapsed_us=3 uri=/run/media/peet/Data-500GB/Meerkat Site Pictures/Meerkat Site Pics - Cellphone/Meerkat 200km Fence/20250206_095325.jpg
PIC_THUMBNAIL cache_lookup result=hit elapsed_us=2 uri=/run/media/peet/Data-500GB/Meerkat Site Pictures/Meerkat Site Pics - Cellphone/Meerkat 200km Fence/20250206_094945.jpg
PIC_THUMBNAIL cache_lookup result=hit elapsed_us=2 uri=/run/media/peet/Data-500GB/Meerkat Site Pictures/Meerkat Site Pics - Cellphone/Meerkat 200km Fence/20250206_094938.jpg
PIC_THUMBNAIL cache_lookup result=hit elapsed_us=2 uri=/run/media/peet/Data-500GB/Meerkat Site Pictures/Meerkat Site Pics - Cellphone/Meerkat 200km Fence/20250206_094937.jpg
PIC_THUMBNAIL cache_lookup result=hit elapsed_us=2 uri=/run/media/peet/Data-500GB/Meerkat Site Pictures/Meerkat Site Pics - Cellphone/Meerkat 200km Fence/20250206_094549.jpg
PIC_THUMBNAIL cache_lookup result=hit elapsed_us=3 uri=/run/media/peet/Data-500GB/Meerkat Site Pictures/Meerkat Site Pics - Cellphone/Meerkat 200km Fence/20250206_094546.jpg
PIC_THUMBNAIL cache_lookup result=hit elapsed_us=2 uri=/run/media/peet/Data-500GB/Meerkat Site Pictures/Meerkat Site Pics - Cellphone/Meerkat 200km Fence/20250206_094543.jpg
PIC_THUMBNAIL cache_lookup result=hit elapsed_us=2 uri=/run/media/peet/Data-500GB/Meerkat Site Pictures/Meerkat Site Pics - Cellphone/Meerkat 200km Fence/20250206_094538.jpg
PIC_THUMBNAIL cache_lookup result=hit elapsed_us=2 uri=/run/media/peet/Data-500GB/Meerkat Site Pictures/Meerkat Site Pics - Cellphone/Meerkat 200km Fence/20250206_094536.jpg
PIC_THUMBNAIL cache_lookup result=hit elapsed_us=2 uri=/run/media/peet/Data-500GB/Meerkat Site Pictures/Meerkat Site Pics - Cellphone/Meerkat 200km Fence/20250206_094509.jpg
PIC_THUMBNAIL cache_lookup result=hit elapsed_us=3 uri=/run/media/peet/Data-500GB/Meerkat Site Pictures/Meerkat Site Pics - Cellphone/Meerkat 200km Fence/20250206_094507.jpg
PIC_THUMBNAIL cache_lookup result=hit elapsed_us=2 uri=/run/media/peet/Data-500GB/Meerkat Site Pictures/Meerkat Site Pics - Cellphone/Meerkat 200km Fence/20250206_094454.jpg
PIC_THUMBNAIL cache_lookup result=hit elapsed_us=2 uri=/run/media/peet/Data-500GB/Meerkat Site Pictures/Meerkat Site Pics - Cellphone/Meerkat 200km Fence/20250206_094449.jpg
PIC_THUMBNAIL cache_lookup result=hit elapsed_us=3 uri=/run/media/peet/Data-500GB/Meerkat Site Pictures/Meerkat Site Pics - Cellphone/Meerkat 200km Fence/20250206_094446.jpg
PIC_THUMBNAIL cache_lookup result=hit elapsed_us=2 uri=/run/media/peet/Data-500GB/Meerkat Site Pictures/Meerkat Site Pics - Cellphone/Meerkat 200km Fence/20250206_094321.jpg
PIC_THUMBNAIL cache_lookup result=hit elapsed_us=2 uri=/run/media/peet/Data-500GB/Meerkat Site Pictures/Meerkat Site Pics - Cellphone/Meerkat 200km Fence/20250206_094319.jpg
PIC_THUMBNAIL cache_lookup result=hit elapsed_us=2 uri=/run/media/peet/Data-500GB/Meerkat Site Pictures/Meerkat Site Pics - Cellphone/Meerkat 200km Fence/20250206_094316.jpg
PIC_THUMBNAIL cache_lookup result=hit elapsed_us=2 uri=/run/media/peet/Data-500GB/Meerkat Site Pictures/Meerkat Site Pics - Cellphone/Meerkat 200km Fence/20250206_094254.jpg
PIC_THUMBNAIL cache_lookup result=hit elapsed_us=2 uri=/run/media/peet/Data-500GB/Meerkat Site Pictures/Meerkat Site Pics - Cellphone/Meerkat 200km Fence/20250206_094251.jpg
PIC_THUMBNAIL cache_lookup result=hit elapsed_us=3 uri=/run/media/peet/Data-500GB/Meerkat Site Pictures/Meerkat Site Pics - Cellphone/Meerkat 200km Fence/20250206_094153.jpg
PIC_THUMBNAIL cache_lookup result=hit elapsed_us=2 uri=/run/media/peet/Data-500GB/Meerkat Site Pictures/Meerkat Site Pics - Cellphone/Meerkat 200km Fence/20250206_094146.jpg
PIC_THUMBNAIL cache_lookup result=hit elapsed_us=2 uri=/run/media/peet/Data-500GB/Meerkat Site Pictures/Meerkat Site Pics - Cellphone/Meerkat 200km Fence/20250206_094142.jpg
PIC_THUMBNAIL cache_lookup result=hit elapsed_us=2 uri=/run/media/peet/Data-500GB/Meerkat Site Pictures/Meerkat Site Pics - Cellphone/Meerkat 200km Fence/20250206_094110.jpg
PIC_THUMBNAIL cache_lookup result=hit elapsed_us=3 uri=/run/media/peet/Data-500GB/Meerkat Site Pictures/Meerkat Site Pics - Cellphone/Meerkat 200km Fence/20250206_094057.jpg
PIC_THUMBNAIL cache_lookup result=hit elapsed_us=2 uri=/run/media/peet/Data-500GB/Meerkat Site Pictures/Meerkat Site Pics - Cellphone/Meerkat 200km Fence/20250206_094055.jpg
PIC_THUMBNAIL cache_lookup result=hit elapsed_us=2 uri=/run/media/peet/Data-500GB/Meerkat Site Pictures/Meerkat Site Pics - Cellphone/Meerkat 200km Fence/20250206_094054.jpg
PIC_THUMBNAIL cache_lookup result=hit elapsed_us=2 uri=/run/media/peet/Data-500GB/Meerkat Site Pictures/Meerkat Site Pics - Cellphone/Meerkat 200km Fence/20250206_094052.jpg
PIC_THUMBNAIL cache_lookup result=hit elapsed_us=2 uri=/run/media/peet/Data-500GB/Meerkat Site Pictures/Meerkat Site Pics - Cellphone/Meerkat 200km Fence/20250206_094031.jpg
PIC_THUMBNAIL cache_lookup result=hit elapsed_us=2 uri=/run/media/peet/Data-500GB/Meerkat Site Pictures/Meerkat Site Pics - Cellphone/Meerkat 200km Fence/20250206_093903.jpg
PIC_THUMBNAIL cache_lookup result=hit elapsed_us=2 uri=/run/media/peet/Data-500GB/Meerkat Site Pictures/Meerkat Site Pics - Cellphone/Meerkat 200km Fence/20250206_093857.jpg
PIC_THUMBNAIL cache_lookup result=hit elapsed_us=2 uri=/run/media/peet/Data-500GB/Meerkat Site Pictures/Meerkat Site Pics - Cellphone/Meerkat 200km Fence/20250206_093828.jpg
PIC_THUMBNAIL cache_lookup result=hit elapsed_us=3 uri=/run/media/peet/Data-500GB/Meerkat Site Pictures/Meerkat Site Pics - Cellphone/Meerkat 200km Fence/20250206_093826.jpg
PIC_THUMBNAIL cache_lookup result=hit elapsed_us=2 uri=/run/media/peet/Data-500GB/Meerkat Site Pictures/Meerkat Site Pics - Cellphone/Meerkat 200km Fence/20250206_093804.jpg
PIC_THUMBNAIL cache_lookup result=hit elapsed_us=2 uri=/run/media/peet/Data-500GB/Meerkat Site Pictures/Meerkat Site Pics - Cellphone/Meerkat 200km Fence/20250206_093803.jpg
PIC_THUMBNAIL cache_lookup result=hit elapsed_us=3 uri=/run/media/peet/Data-500GB/Meerkat Site Pictures/Meerkat Site Pics - Cellphone/Meerkat 200km Fence/20250206_093713.jpg
PIC_THUMBNAIL cache_lookup result=hit elapsed_us=2 uri=/run/media/peet/Data-500GB/Meerkat Site Pictures/Meerkat Site Pics - Cellphone/Meerkat 200km Fence/20250206_093712.jpg
PIC_THUMBNAIL cache_lookup result=hit elapsed_us=2 uri=/run/media/peet/Data-500GB/Meerkat Site Pictures/Meerkat Site Pics - Cellphone/Meerkat 200km Fence/20250206_093709.jpg
PIC_THUMBNAIL cache_lookup result=hit elapsed_us=3 uri=/run/media/peet/Data-500GB/Meerkat Site Pictures/Meerkat Site Pics - Cellphone/Meerkat 200km Fence/20250206_093707.jpg
PIC_THUMBNAIL cache_lookup result=hit elapsed_us=3 uri=/run/media/peet/Data-500GB/Meerkat Site Pictures/Meerkat Site Pics - Cellphone/Meerkat 200km Fence/20250206_093658.jpg
PIC_THUMBNAIL cache_lookup result=hit elapsed_us=3 uri=/run/media/peet/Data-500GB/Meerkat Site Pictures/Meerkat Site Pics - Cellphone/Meerkat 200km Fence/20250206_093655.jpg
PIC_THUMBNAIL cache_lookup result=hit elapsed_us=3 uri=/run/media/peet/Data-500GB/Meerkat Site Pictures/Meerkat Site Pics - Cellphone/Meerkat 200km Fence/20250206_093647.jpg
PIC_THUMBNAIL cache_lookup result=hit elapsed_us=3 uri=/run/media/peet/Data-500GB/Meerkat Site Pictures/Meerkat Site Pics - Cellphone/Meerkat 200km Fence/20250206_093646.jpg
PIC_THUMBNAIL cache_lookup result=hit elapsed_us=3 uri=/run/media/peet/Data-500GB/Meerkat Site Pictures/Meerkat Site Pics - Cellphone/Meerkat 200km Fence/20250206_093643.jpg
PIC_THUMBNAIL cache_lookup result=hit elapsed_us=3 uri=/run/media/peet/Data-500GB/Meerkat Site Pictures/Meerkat Site Pics - Cellphone/Meerkat 200km Fence/20250206_093641.jpg
PIC_THUMBNAIL cache_lookup result=hit elapsed_us=3 uri=/run/media/peet/Data-500GB/Meerkat Site Pictures/Meerkat Site Pics - Cellphone/Meerkat 200km Fence/20250206_093640.jpg
PIC_THUMBNAIL cache_lookup result=hit elapsed_us=3 uri=/run/media/peet/Data-500GB/Meerkat Site Pictures/Meerkat Site Pics - Cellphone/Meerkat 200km Fence/20250206_093438.jpg
PIC_THUMBNAIL cache_lookup result=hit elapsed_us=2 uri=/run/media/peet/Data-500GB/Meerkat Site Pictures/Meerkat Site Pics - Cellphone/Meerkat 200km Fence/20250206_093431.jpg
PIC_THUMBNAIL cache_lookup result=hit elapsed_us=3 uri=/run/media/peet/Data-500GB/Meerkat Site Pictures/Meerkat Site Pics - Cellphone/Meerkat 200km Fence/20250206_093427.jpg
PIC_THUMBNAIL cache_lookup result=hit elapsed_us=4 uri=/run/media/peet/Data-500GB/Meerkat Site Pictures/Meerkat Site Pics - Cellphone/Meerkat 200km Fence/20250206_093423.jpg
PIC_THUMBNAIL cache_lookup result=hit elapsed_us=4 uri=/run/media/peet/Data-500GB/Meerkat Site Pictures/Meerkat Site Pics - Cellphone/Meerkat 200km Fence/20250206_093410.jpg
PIC_THUMBNAIL cache_lookup result=hit elapsed_us=4 uri=/run/media/peet/Data-500GB/Meerkat Site Pictures/Meerkat Site Pics - Cellphone/Meerkat 200km Fence/20250206_092901.jpg
PIC_THUMBNAIL cache_lookup result=hit elapsed_us=5 uri=/run/media/peet/Data-500GB/Meerkat Site Pictures/Meerkat Site Pics - Cellphone/Meerkat 200km Fence/20250206_092857.jpg
PIC_THUMBNAIL cache_lookup result=hit elapsed_us=4 uri=/run/media/peet/Data-500GB/Meerkat Site Pictures/Meerkat Site Pics - Cellphone/Meerkat 200km Fence/20250206_092847.jpg
PIC_THUMBNAIL cache_lookup result=hit elapsed_us=3 uri=/run/media/peet/Data-500GB/Meerkat Site Pictures/Meerkat Site Pics - Cellphone/Meerkat 200km Fence/20250206_092811.jpg
PIC_THUMBNAIL cache_lookup result=hit elapsed_us=3 uri=/run/media/peet/Data-500GB/Meerkat Site Pictures/Meerkat Site Pics - Cellphone/Meerkat 200km Fence/20250206_092737.jpg
PIC_THUMBNAIL cache_lookup result=hit elapsed_us=3 uri=/run/media/peet/Data-500GB/Meerkat Site Pictures/Meerkat Site Pics - Cellphone/Meerkat 200km Fence/20250206_092736.jpg
PIC_THUMBNAIL cache_lookup result=hit elapsed_us=3 uri=/run/media/peet/Data-500GB/Meerkat Site Pictures/Meerkat Site Pics - Cellphone/Meerkat 200km Fence/20250206_092734.jpg
PIC_THUMBNAIL cache_lookup result=hit elapsed_us=4 uri=/run/media/peet/Data-500GB/Meerkat Site Pictures/Meerkat Site Pics - Cellphone/Meerkat 200km Fence/20250206_092702.jpg
PIC_THUMBNAIL cache_lookup result=hit elapsed_us=2 uri=/run/media/peet/Data-500GB/Meerkat Site Pictures/Meerkat Site Pics - Cellphone/Meerkat 200km Fence/20250205_193519.jpg
PIC_THUMBNAIL cache_lookup result=hit elapsed_us=3 uri=/run/media/peet/Data-500GB/Meerkat Site Pictures/Meerkat Site Pics - Cellphone/Meerkat 200km Fence/20250205_162741.jpg
PIC_THUMBNAIL cache_lookup result=hit elapsed_us=3 uri=/run/media/peet/Data-500GB/Meerkat Site Pictures/Meerkat Site Pics - Cellphone/Meerkat 200km Fence/20250204_164053.jpg
PIC_THUMBNAIL cache_lookup result=hit elapsed_us=3 uri=/run/media/peet/Data-500GB/Meerkat Site Pictures/Meerkat Site Pics - Cellphone/Meerkat 200km Fence/20250204_094602.jpg
PIC_THUMBNAIL cache_lookup result=hit elapsed_us=3 uri=/run/media/peet/Data-500GB/Meerkat Site Pictures/Meerkat Site Pics - Cellphone/Meerkat 200km Fence/20250131_112759.jpg
PIC_THUMBNAIL cache_lookup result=hit elapsed_us=3 uri=/run/media/peet/Data-500GB/Meerkat Site Pictures/Meerkat Site Pics - Cellphone/Meerkat 200km Fence/20250131_105927.jpg
PIC_THUMBNAIL cache_lookup result=hit elapsed_us=2 uri=/run/media/peet/Data-500GB/Work-FB/FB-2025-Grootbrak/20250131_094117.jpg
PIC_THUMBNAIL cache_lookup result=hit elapsed_us=2 uri=/run/media/peet/Data-500GB/Work-FB/FB-2025-Grootbrak/20250131_094107.jpg
PIC_THUMBNAIL cache_lookup result=hit elapsed_us=2 uri=/run/media/peet/Data-500GB/Work-FB/FB-2025-Grootbrak/20250131_094057.jpg
PIC_THUMBNAIL cache_lookup result=hit elapsed_us=2 uri=/run/media/peet/Data-500GB/Work-FB/FB-2025-Grootbrak/20250131_094054.jpg
PIC_THUMBNAIL cache_lookup result=hit elapsed_us=3 uri=/run/media/peet/Data-500GB/Work-FB/FB-2025-Grootbrak/20250131_094047.jpg
PIC_THUMBNAIL cache_lookup result=hit elapsed_us=2 uri=/run/media/peet/Data-500GB/Work-FB/FB-2025-Grootbrak/20250131_094041.jpg
PIC_THUMBNAIL cache_lookup result=hit elapsed_us=2 uri=/run/media/peet/Data-500GB/Work-FB/FB-2025-Grootbrak/20250131_094009.jpg
PIC_THUMBNAIL cache_lookup result=hit elapsed_us=2 uri=/run/media/peet/Data-500GB/Work-FB/FB-2025-Grootbrak/20250131_094003.jpg
PIC_THUMBNAIL cache_lookup result=hit elapsed_us=2 uri=/run/media/peet/Data-500GB/Meerkat Site Pictures/Meerkat Site Pics - Cellphone/Meerkat 200km Fence/20250130_094834.jpg
PIC_THUMBNAIL cache_lookup result=hit elapsed_us=2 uri=/run/media/peet/Data-500GB/Meerkat Site Pictures/Meerkat Site Pics - Cellphone/Meerkat 200km Fence/20250130_094819.jpg
PIC_THUMBNAIL cache_lookup result=hit elapsed_us=2 uri=/run/media/peet/Data-500GB/Meerkat Site Pictures/Meerkat Site Pics - Cellphone/Meerkat 200km Fence/20250130_094241.jpg
PIC_THUMBNAIL cache_lookup result=hit elapsed_us=3 uri=/run/media/peet/Data-500GB/Meerkat Site Pictures/Meerkat Site Pics - Cellphone/Meerkat 200km Fence/20250130_094234.jpg
PIC_THUMBNAIL cache_lookup result=hit elapsed_us=3 uri=/run/media/peet/Data-500GB/Meerkat Site Pictures/Meerkat Site Pics - Cellphone/Meerkat 200km Fence/20250130_094232.jpg
PIC_THUMBNAIL cache_lookup result=hit elapsed_us=2 uri=/run/media/peet/Data-500GB/Meerkat Site Pictures/Meerkat Site Pics - Cellphone/Meerkat 200km Fence/20250130_094219.jpg
PIC_THUMBNAIL cache_lookup result=hit elapsed_us=3 uri=/run/media/peet/Data-500GB/Meerkat Site Pictures/Meerkat Site Pics - Cellphone/Meerkat 200km Fence/20250130_094216.jpg
PIC_THUMBNAIL cache_lookup result=hit elapsed_us=2 uri=/run/media/peet/Data-500GB/Meerkat Site Pictures/Meerkat Site Pics - Cellphone/Meerkat 200km Fence/20250130_094213.jpg
PIC_THUMBNAIL cache_lookup result=hit elapsed_us=3 uri=/run/media/peet/Data-500GB/Meerkat Site Pictures/Meerkat Site Pics - Cellphone/Meerkat 200km Fence/20250130_094208.jpg
PIC_THUMBNAIL cache_lookup result=hit elapsed_us=3 uri=/run/media/peet/Data-500GB/Meerkat Site Pictures/Meerkat Site Pics - Cellphone/Meerkat 200km Fence/20250130_094203.jpg
PIC_THUMBNAIL cache_lookup result=hit elapsed_us=2 uri=/run/media/peet/Data-500GB/Meerkat Site Pictures/Meerkat Site Pics - Cellphone/Meerkat 200km Fence/20250130_094201.jpg
PIC_THUMBNAIL cache_lookup result=hit elapsed_us=2 uri=/run/media/peet/Data-500GB/Meerkat Site Pictures/Meerkat Site Pics - Cellphone/Meerkat 200km Fence/20250130_094151.jpg
PIC_THUMBNAIL cache_lookup result=hit elapsed_us=2 uri=/run/media/peet/Data-500GB/Meerkat Site Pictures/Meerkat Site Pics - Cellphone/Meerkat 200km Fence/20250130_094145.jpg
PIC_THUMBNAIL cache_lookup result=hit elapsed_us=3 uri=/run/media/peet/Data-500GB/Meerkat Site Pictures/Meerkat Site Pics - Cellphone/Meerkat 200km Fence/20250130_094143.jpg
PIC_THUMBNAIL cache_lookup result=hit elapsed_us=3 uri=/run/media/peet/Data-500GB/Meerkat Site Pictures/Meerkat Site Pics - Cellphone/Meerkat 200km Fence/20250130_094140.jpg
PIC_THUMBNAIL cache_lookup result=hit elapsed_us=2 uri=/run/media/peet/Data-500GB/Meerkat Site Pictures/Meerkat Site Pics - Cellphone/Meerkat 200km Fence/20250130_094135.jpg
PIC_THUMBNAIL cache_lookup result=hit elapsed_us=2 uri=/run/media/peet/Data-500GB/Meerkat Site Pictures/Meerkat Site Pics - Cellphone/Meerkat 200km Fence/20250130_094130.jpg
PIC_THUMBNAIL cache_lookup result=hit elapsed_us=3 uri=/run/media/peet/Data-500GB/Meerkat Site Pictures/Meerkat Site Pics - Cellphone/Meerkat 200km Fence/20250130_094128.jpg
PIC_THUMBNAIL cache_lookup result=hit elapsed_us=3 uri=/run/media/peet/Data-500GB/Meerkat Site Pictures/Meerkat Site Pics - Cellphone/Meerkat 200km Fence/20250130_094125.jpg
PIC_THUMBNAIL cache_lookup result=hit elapsed_us=2 uri=/run/media/peet/Data-500GB/Meerkat Site Pictures/Meerkat Site Pics - Cellphone/Meerkat 200km Fence/20250130_094122.jpg
PIC_THUMBNAIL cache_lookup result=hit elapsed_us=2 uri=/run/media/peet/Data-500GB/Meerkat Site Pictures/Meerkat Site Pics - Cellphone/Meerkat 200km Fence/20250130_090127.jpg
PIC_THUMBNAIL cache_lookup result=hit elapsed_us=2 uri=/run/media/peet/Data-500GB/Meerkat Site Pictures/Meerkat Site Pics - Cellphone/Meerkat 200km Fence/20250130_090122.jpg
PIC_THUMBNAIL cache_lookup result=hit elapsed_us=3 uri=/run/media/peet/Data-500GB/Meerkat Site Pictures/Meerkat Site Pics - Cellphone/Meerkat 200km Fence/20250130_090120.jpg
PIC_THUMBNAIL cache_lookup result=hit elapsed_us=2 uri=/run/media/peet/Data-500GB/Meerkat Site Pictures/Meerkat Site Pics - Cellphone/Meerkat 200km Fence/20250130_090115.jpg
PIC_THUMBNAIL cache_lookup result=hit elapsed_us=3 uri=/run/media/peet/Data-500GB/Meerkat Site Pictures/Meerkat Site Pics - Cellphone/Meerkat 200km Fence/20250130_090111(0).jpg
PIC_THUMBNAIL cache_lookup result=hit elapsed_us=3 uri=/run/media/peet/Data-500GB/Meerkat Site Pictures/Meerkat Site Pics - Cellphone/Meerkat 200km Fence/20250130_090111.jpg
PIC_THUMBNAIL cache_lookup result=hit elapsed_us=3 uri=/run/media/peet/Data-500GB/Meerkat Site Pictures/Meerkat Site Pics - Cellphone/Meerkat 200km Fence/20250130_090102.jpg
PIC_THUMBNAIL cache_lookup result=hit elapsed_us=3 uri=/run/media/peet/Data-500GB/Meerkat Site Pictures/Meerkat Site Pics - Cellphone/Meerkat 200km Fence/20250130_085928.jpg
PIC_THUMBNAIL cache_lookup result=hit elapsed_us=2 uri=/run/media/peet/Data-500GB/Meerkat Site Pictures/Meerkat Site Pics - Cellphone/Meerkat 200km Fence/20250130_085807.jpg
PIC_THUMBNAIL cache_lookup result=hit elapsed_us=2 uri=/run/media/peet/Data-500GB/Meerkat Site Pictures/Meerkat Site Pics - Cellphone/Meerkat 200km Fence/20250130_085544.jpg
PIC_THUMBNAIL cache_lookup result=hit elapsed_us=2 uri=/run/media/peet/Data-500GB/Meerkat Site Pictures/Meerkat Site Pics - Cellphone/Meerkat 200km Fence/20250130_085540.jpg
PIC_THUMBNAIL cache_lookup result=hit elapsed_us=2 uri=/run/media/peet/Data-500GB/Meerkat Site Pictures/Meerkat Site Pics - Cellphone/Meerkat 200km Fence/20250130_085539.jpg
PIC_THUMBNAIL cache_lookup result=hit elapsed_us=2 uri=/run/media/peet/Data-500GB/Meerkat Site Pictures/Meerkat Site Pics - Cellphone/Meerkat 200km Fence/20250129_170427.jpg
PIC_THUMBNAIL cache_lookup result=hit elapsed_us=2 uri=/run/media/peet/Data-500GB/Meerkat Site Pictures/Meerkat Site Pics - Cellphone/Meerkat 200km Fence/20250129_170425.jpg
PIC_THUMBNAIL cache_lookup result=hit elapsed_us=2 uri=/run/media/peet/Data-500GB/Meerkat Site Pictures/Meerkat Site Pics - Cellphone/Meerkat 200km Fence/20250129_164248.jpg
PIC_THUMBNAIL cache_lookup result=hit elapsed_us=2 uri=/run/media/peet/Data-500GB/Meerkat Site Pictures/Meerkat Site Pics - Cellphone/Meerkat 200km Fence/20250129_151655.jpg
PIC_THUMBNAIL cache_lookup result=hit elapsed_us=3 uri=/run/media/peet/Data-500GB/Meerkat Site Pictures/Meerkat Site Pics - Cellphone/Meerkat 200km Fence/20250129_140711.jpg
PIC_THUMBNAIL cache_lookup result=hit elapsed_us=3 uri=/run/media/peet/Data-500GB/Meerkat Site Pictures/Meerkat Site Pics - Cellphone/Meerkat 200km Fence/20250129_133101.jpg
PIC_THUMBNAIL cache_lookup result=hit elapsed_us=2 uri=/run/media/peet/Data-500GB/Work-FB/FB-2025-EL-Cages/WhatsApp Image 2025-01-16 at 12.30.39.jpg
PIC_THUMBNAIL cache_lookup result=hit elapsed_us=2 uri=/run/media/peet/Data-500GB/Work-FB/FB-2025-EL-Cages/20250116_113921.jpg
PIC_THUMBNAIL cache_lookup result=hit elapsed_us=2 uri=/run/media/peet/Data-500GB/Work-FB/FB-2025-EL-Cages/20250116_113909.jpg
PIC_THUMBNAIL cache_lookup result=hit elapsed_us=2 uri=/run/media/peet/Data-500GB/Work-FB/FB-2025-EL-Cages/20250116_113900.jpg
PIC_THUMBNAIL cache_lookup result=hit elapsed_us=2 uri=/run/media/peet/Data-500GB/Work-FB/FB-2025-EL-Cages/20250116_113543.jpg
PIC_THUMBNAIL cache_lookup result=hit elapsed_us=2 uri=/run/media/peet/Data-500GB/Work-FB/FB-2025-EL-Cages/20250116_113538.jpg
PIC_THUMBNAIL cache_lookup result=hit elapsed_us=2 uri=/run/media/peet/Data-500GB/Work-FB/FB-2025-Welfit/20241211_142456.jpg
PIC_THUMBNAIL cache_lookup result=hit elapsed_us=3 uri=/run/media/peet/Data-500GB/Work-FB/FB-2025-Welfit/20241211_142447.jpg
PIC_THUMBNAIL cache_lookup result=hit elapsed_us=2 uri=/run/media/peet/Data-500GB/Work-FB/FB-2025-Welfit/20241211_142438.jpg
PIC_THUMBNAIL cache_lookup result=hit elapsed_us=3 uri=/run/media/peet/Data-500GB/Work-FB/FB-2025-Welfit/20241211_142345.jpg
PIC_THUMBNAIL cache_lookup result=hit elapsed_us=2 uri=/run/media/peet/Data-500GB/Work-FB/FB-2025-Welfit/20241211_142333.jpg
PIC_THUMBNAIL cache_lookup result=hit elapsed_us=3 uri=/run/media/peet/Data-500GB/Work-FB/FB-2025-Welfit/20241211_142254.jpg
PIC_THUMBNAIL cache_lookup result=hit elapsed_us=3 uri=/run/media/peet/Data-500GB/Work-FB/FB-2025-Welfit/20241211_142247.jpg
PIC_THUMBNAIL cache_lookup result=hit elapsed_us=3 uri=/run/media/peet/Data-500GB/Work-FB/FB-2025-Welfit/20241211_142228.jpg
PIC_THUMBNAIL cache_lookup result=hit elapsed_us=3 uri=/run/media/peet/Data-500GB/Work-FB/FB-2025-Grootbrak/20241209_113122.jpg
PIC_THUMBNAIL cache_lookup result=hit elapsed_us=2 uri=/run/media/peet/Data-500GB/Work-FB/FB-2025-Grootbrak/20241209_113050.jpg
PIC_THUMBNAIL cache_lookup result=hit elapsed_us=3 uri=/run/media/peet/Data-500GB/Work-FB/FB-2025-Grootbrak/20241209_112630.jpg
PIC_THUMBNAIL cache_lookup result=hit elapsed_us=3 uri=/run/media/peet/Data-500GB/Work-FB/FB-2025-Grootbrak/20241209_112623.jpg
PIC_THUMBNAIL cache_lookup result=hit elapsed_us=3 uri=/run/media/peet/Data-500GB/Work-FB/FB-2025-Grootbrak/20241209_112405.jpg
PIC_THUMBNAIL cache_lookup result=hit elapsed_us=3 uri=/run/media/peet/Data-500GB/Work-FB/FB-2025-Grootbrak/20241209_112241.jpg
PIC_THUMBNAIL cache_lookup result=hit elapsed_us=2 uri=/run/media/peet/Data-500GB/Work-FB/FB-2025-Grootbrak/20241209_112212.jpg
PIC_THUMBNAIL cache_lookup result=hit elapsed_us=2 uri=/run/media/peet/Data-500GB/Work-FB/FB-2025-Grootbrak/20241209_112157.jpg
PIC_THUMBNAIL cache_lookup result=hit elapsed_us=2 uri=/run/media/peet/Data-500GB/Work-FB/FB-2025-Grootbrak/20241209_112131.jpg
PIC_THUMBNAIL cache_lookup result=hit elapsed_us=2 uri=/run/media/peet/Data-500GB/Work-FB/FB-2025-Grootbrak/20241209_111835.jpg
PIC_THUMBNAIL cache_lookup result=hit elapsed_us=3 uri=/run/media/peet/Data-500GB/Work-FB/FB-2025-Grootbrak/20241209_111832.jpg
PIC_THUMBNAIL cache_lookup result=hit elapsed_us=2 uri=/run/media/peet/Data-500GB/Work-FB/FB-2025-Grootbrak/20241209_111808.jpg
PIC_THUMBNAIL cache_lookup result=hit elapsed_us=3 uri=/run/media/peet/Data-500GB/Work-FB/FB-2025-Electric Fences/20241204_152854.jpg
PIC_THUMBNAIL cache_lookup result=hit elapsed_us=3 uri=/run/media/peet/Data-500GB/Work-FB/FB-2025-Electric Fences/20241204_152850.jpg
PIC_THUMBNAIL cache_lookup result=hit elapsed_us=3 uri=/run/media/peet/Data-500GB/Work-FB/FB-2025-Electric Fences/20241204_152839.jpg
PIC_THUMBNAIL cache_lookup result=hit elapsed_us=2 uri=/run/media/peet/Data-500GB/Work-FB/FB-2025-Electric Fences/20241204_152836.jpg
PIC_THUMBNAIL cache_lookup result=hit elapsed_us=2 uri=/run/media/peet/Data-500GB/Work-FB/FB-2025-Electric Fences/20241204_152829.jpg
PIC_THUMBNAIL cache_lookup result=hit elapsed_us=2 uri=/run/media/peet/Data-500GB/Work-FB/FB-2025-Electric Fences/20241204_152814.jpg
PIC_THUMBNAIL cache_lookup result=hit elapsed_us=3 uri=/run/media/peet/Data-500GB/Work-FB/FB-2025-Pedestrian Hand Railing/20241204_152747.jpg
PIC_THUMBNAIL cache_lookup result=hit elapsed_us=2 uri=/run/media/peet/Data-500GB/Work-FB/FB-2025-Pedestrian Hand Railing/20241204_152739.jpg
PIC_THUMBNAIL cache_lookup result=hit elapsed_us=2 uri=/run/media/peet/Data-500GB/Work-FB/FB-2025-Pedestrian Hand Railing/20241204_152725.jpg
PIC_THUMBNAIL cache_lookup result=hit elapsed_us=3 uri=/run/media/peet/Data-500GB/Work-FB/FB-2025-Pedestrian Hand Railing/20241204_152717.jpg
PIC_THUMBNAIL cache_lookup result=hit elapsed_us=3 uri=/run/media/peet/Data-500GB/Work-FB/FB-2025-Pedestrian Hand Railing/20241204_152710.jpg
PIC_THUMBNAIL cache_lookup result=hit elapsed_us=3 uri=/run/media/peet/Data-500GB/Work-FB/FB-2025-ClearVu Secured Flats/20241128_084516.jpg
PIC_THUMBNAIL cache_lookup result=hit elapsed_us=2 uri=/run/media/peet/Data-500GB/Work-FB/FB-2025-ClearVu Secured Flats/20241128_084511.jpg
PIC_THUMBNAIL cache_lookup result=hit elapsed_us=3 uri=/run/media/peet/Data-500GB/Work-FB/FB-2025-ClearVu Secured Flats/20241128_084455.jpg
PIC_THUMBNAIL cache_lookup result=hit elapsed_us=3 uri=/run/media/peet/Data-500GB/Work-FB/FB-2025-ClearVu Secured Flats/20241128_084450.jpg
PIC_THUMBNAIL cache_lookup result=hit elapsed_us=2 uri=/run/media/peet/Data-500GB/Work-FB/FB-2025-ClearVu Secured Flats/20241128_084441.jpg
PIC_THUMBNAIL cache_lookup result=hit elapsed_us=3 uri=/run/media/peet/Data-500GB/Work-FB/FB-2024-CPT-Uitkyk/_MG_0053.jpg
PIC_THUMBNAIL cache_lookup result=hit elapsed_us=3 uri=/run/media/peet/Data-500GB/Work-FB/FB-2024-CPT-Uitkyk/Farm Project (125).jpg
PIC_THUMBNAIL cache_lookup result=hit elapsed_us=2 uri=/run/media/peet/Data-500GB/Work-FB/FB-2024-CPT-Uitkyk/Farm Project (126).jpg
PIC_THUMBNAIL cache_lookup result=hit elapsed_us=2 uri=/run/media/peet/Data-500GB/Work-FB/FB-2024-CPT-Uitkyk/Farm Project (127).jpg
PIC_THUMBNAIL cache_lookup result=hit elapsed_us=2 uri=/run/media/peet/Data-500GB/Work-FB/FB-2024-CPT-Uitkyk/Farm Project (128).jpg
PIC_THUMBNAIL cache_lookup result=hit elapsed_us=2 uri=/run/media/peet/Data-500GB/Work-FB/FB-2024-CPT-Uitkyk/Farm Project (129).jpg
PIC_THUMBNAIL cache_lookup result=hit elapsed_us=2 uri=/run/media/peet/Data-500GB/Work-FB/FB-2024-CPT-Uitkyk/Farm Project (130).jpg
PIC_THUMBNAIL cache_lookup result=hit elapsed_us=2 uri=/run/media/peet/Data-500GB/Work-FB/FB-2024-CPT-Uitkyk/Farm Project (131).jpg
PIC_THUMBNAIL cache_lookup result=hit elapsed_us=2 uri=/run/media/peet/Data-500GB/Work-FB/FB-2024-CPT-Uitkyk/Farm Project (132).jpg
PIC_THUMBNAIL cache_lookup result=hit elapsed_us=2 uri=/run/media/peet/Data-500GB/Work-FB/FB-2024-CPT-Uitkyk/Farm Project (133).jpg
PIC_THUMBNAIL cache_lookup result=hit elapsed_us=2 uri=/run/media/peet/Data-500GB/Work-FB/FB-2024-CPT-Uitkyk/Farm Project (134).jpg
PIC_THUMBNAIL cache_lookup result=hit elapsed_us=3 uri=/run/media/peet/Data-500GB/Work-FB/FB-2024-CPT-Uitkyk/Farm Project (135).jpg
PIC_THUMBNAIL cache_lookup result=hit elapsed_us=2 uri=/run/media/peet/Data-500GB/Work-FB/FB-2024-CPT-Uitkyk/Farm Project (136).jpg
PIC_THUMBNAIL cache_lookup result=hit elapsed_us=2 uri=/run/media/peet/Data-500GB/Work-FB/FB-2024-CPT-Uitkyk/Farm Project (137).jpg
PIC_THUMBNAIL cache_lookup result=hit elapsed_us=2 uri=/run/media/peet/Data-500GB/Work-FB/FB-2024-CPT-Uitkyk/Farm Project (138).jpg
PIC_THUMBNAIL cache_lookup result=hit elapsed_us=2 uri=/run/media/peet/Data-500GB/Work-FB/FB-2024-CPT-Uitkyk/Farm Project (139).jpg
PIC_THUMBNAIL cache_lookup result=hit elapsed_us=3 uri=/run/media/peet/Data-500GB/Work-FB/FB-2024-CPT-Uitkyk/Farm Project (140).jpg
PIC_THUMBNAIL cache_lookup result=hit elapsed_us=3 uri=/run/media/peet/Data-500GB/Work-FB/FB-2024-CPT-Uitkyk/Farm Project (141).jpg
PIC_THUMBNAIL cache_lookup result=hit elapsed_us=3 uri=/run/media/peet/Data-500GB/Work-FB/FB-2024-CPT-Uitkyk/Farm Project (142).jpg
PIC_THUMBNAIL cache_lookup result=hit elapsed_us=2 uri=/run/media/peet/Data-500GB/Work-FB/FB-2025-Internal Warehouse Fence/20241119_135537.jpg
PIC_THUMBNAIL cache_lookup result=hit elapsed_us=2 uri=/run/media/peet/Data-500GB/Work-FB/FB-2025-Internal Warehouse Fence/20241119_135534.jpg
PIC_THUMBNAIL cache_lookup result=hit elapsed_us=3 uri=/run/media/peet/Data-500GB/Work-FB/FB-2025-Internal Warehouse Fence/20241119_135440.jpg
PIC_THUMBNAIL cache_lookup result=hit elapsed_us=2 uri=/run/media/peet/Data-500GB/Work-FB/FB-2025-Internal Warehouse Fence/20241119_135425.jpg
PIC_THUMBNAIL cache_lookup result=hit elapsed_us=3 uri=/run/media/peet/Data-500GB/Work-FB/FB-2025-Internal Warehouse Fence/20241119_135421.jpg
PIC_THUMBNAIL cache_lookup result=hit elapsed_us=3 uri=/run/media/peet/Data-500GB/Work-FB/FB-2025-Internal Warehouse Fence/20241119_135412.jpg
PIC_THUMBNAIL cache_lookup result=hit elapsed_us=2 uri=/run/media/peet/Data-500GB/Work-FB/FB-2025-Internal Warehouse Fence/20241119_135347.jpg
PIC_THUMBNAIL cache_lookup result=hit elapsed_us=3 uri=/run/media/peet/Data-500GB/Work-FB/FB-2025-Internal Warehouse Fence/20241119_135343.jpg
PIC_THUMBNAIL cache_lookup result=hit elapsed_us=2 uri=/run/media/peet/Data-500GB/Work-FB/FB-2025-Internal Warehouse Fence/20241119_135310.jpg
PIC_THUMBNAIL cache_lookup result=hit elapsed_us=2 uri=/run/media/peet/Data-500GB/Work-FB/FB-2025-Internal Warehouse Fence/20241119_135303.jpg
PIC_THUMBNAIL cache_lookup result=hit elapsed_us=3 uri=/run/media/peet/Data-500GB/Work-FB/FB-2024-CPT-Uitkyk/_MG_0190.jpg
PIC_THUMBNAIL cache_lookup result=hit elapsed_us=2 uri=/run/media/peet/Data-500GB/Work-FB/FB-2024-CPT-Uitkyk/_MG_0186.jpg
PIC_THUMBNAIL cache_lookup result=hit elapsed_us=2 uri=/run/media/peet/Data-500GB/Work-FB/FB-2024-CPT-Uitkyk/_MG_0184.jpg
PIC_THUMBNAIL cache_lookup result=hit elapsed_us=2 uri=/run/media/peet/Data-500GB/Work-FB/FB-2024-CPT-Uitkyk/_MG_0183.jpg
PIC_THUMBNAIL cache_lookup result=hit elapsed_us=3 uri=/run/media/peet/Data-500GB/Work-FB/FB-2024-CPT-Uitkyk/_MG_0170.jpg
PIC_THUMBNAIL cache_lookup result=hit elapsed_us=3 uri=/run/media/peet/Data-500GB/Work-FB/FB-2024-CPT-Uitkyk/_MG_0168.jpg
PIC_THUMBNAIL cache_lookup result=hit elapsed_us=2 uri=/run/media/peet/Data-500GB/Work-FB/FB-2024-CPT-Uitkyk/_MG_0165.jpg
PIC_THUMBNAIL cache_lookup result=hit elapsed_us=3 uri=/run/media/peet/Data-500GB/Work-FB/FB-2024-George-ClearVu/20241108_114604.jpg
PIC_THUMBNAIL cache_lookup result=hit elapsed_us=2 uri=/run/media/peet/Data-500GB/Work-FB/FB-2024-George-ClearVu/20241108_114558.jpg
PIC_THUMBNAIL cache_lookup result=hit elapsed_us=2 uri=/run/media/peet/Data-500GB/Work-FB/FB-2024-CPT-Uitkyk/_MG_0159.jpg
PIC_THUMBNAIL cache_lookup result=hit elapsed_us=2 uri=/run/media/peet/Data-500GB/Work-FB/FB-2024-George-ClearVu/20241108_113252.jpg
PIC_THUMBNAIL cache_lookup result=hit elapsed_us=2 uri=/run/media/peet/Data-500GB/Work-FB/FB-2024-George-ClearVu/20241108_113249.jpg
PIC_THUMBNAIL cache_lookup result=hit elapsed_us=2 uri=/run/media/peet/Data-500GB/Work-FB/FB-2024-CPT-Uitkyk/_MG_0155.jpg
PIC_THUMBNAIL cache_lookup result=hit elapsed_us=2 uri=/run/media/peet/Data-500GB/Work-FB/FB-2024-CPT-Uitkyk/_MG_0154.jpg
PIC_THUMBNAIL cache_lookup result=hit elapsed_us=2 uri=/run/media/peet/Data-500GB/Work-FB/FB-2024-CPT-Uitkyk/_MG_0153.jpg
PIC_THUMBNAIL cache_lookup result=hit elapsed_us=2 uri=/run/media/peet/Data-500GB/Work-FB/FB-2024-George-ClearVu/20241108_113150.jpg
PIC_THUMBNAIL cache_lookup result=hit elapsed_us=2 uri=/run/media/peet/Data-500GB/Work-FB/FB-2024-George-ClearVu/20241108_113116.jpg
PIC_THUMBNAIL cache_lookup result=hit elapsed_us=2 uri=/run/media/peet/Data-500GB/Work-FB/FB-2024-George-ClearVu/20241108_112845.jpg
PIC_THUMBNAIL cache_lookup result=hit elapsed_us=3 uri=/run/media/peet/Data-500GB/Work-FB/FB-2024-George-ClearVu/20241108_112834.jpg
PIC_THUMBNAIL cache_lookup result=hit elapsed_us=2 uri=/run/media/peet/Data-500GB/Work-FB/FB-2024-George-ClearVu/20241108_112826.jpg
PIC_THUMBNAIL cache_lookup result=hit elapsed_us=2 uri=/run/media/peet/Data-500GB/Work-FB/FB-2024-CPT-Uitkyk/_MG_0148.jpg
PIC_THUMBNAIL cache_lookup result=hit elapsed_us=2 uri=/run/media/peet/Data-500GB/Work-FB/FB-2024-CPT-Uitkyk/_MG_0144.jpg
PIC_THUMBNAIL cache_lookup result=hit elapsed_us=2 uri=/run/media/peet/Data-500GB/Work-FB/FB-2024-George-ClearVu/20241108_112612.jpg
PIC_THUMBNAIL cache_lookup result=hit elapsed_us=3 uri=/run/media/peet/Data-500GB/Work-FB/FB-2024-CPT-Uitkyk/_MG_0143.jpg
PIC_THUMBNAIL cache_lookup result=hit elapsed_us=3 uri=/run/media/peet/Data-500GB/Work-FB/FB-2024-George-ClearVu/20241108_112559.jpg
PIC_THUMBNAIL cache_lookup result=hit elapsed_us=2 uri=/run/media/peet/Data-500GB/Work-FB/FB-2024-CPT-Uitkyk/_MG_0141.jpg
PIC_THUMBNAIL cache_lookup result=hit elapsed_us=3 uri=/run/media/peet/Data-500GB/Work-FB/FB-2024-CPT-Uitkyk/_MG_0139.jpg
PIC_THUMBNAIL cache_lookup result=hit elapsed_us=2 uri=/run/media/peet/Data-500GB/Work-FB/FB-2024-CPT-Uitkyk/_MG_0138.jpg
PIC_THUMBNAIL cache_lookup result=hit elapsed_us=3 uri=/run/media/peet/Data-500GB/Work-FB/FB-2024-George-ClearVu/20241108_112413.jpg
PIC_THUMBNAIL cache_lookup result=hit elapsed_us=2 uri=/run/media/peet/Data-500GB/Work-FB/FB-2024-George-ClearVu/20241108_112410.jpg
PIC_THUMBNAIL cache_lookup result=hit elapsed_us=3 uri=/run/media/peet/Data-500GB/Work-FB/FB-2024-George-ClearVu/20241108_112142.jpg
PIC_THUMBNAIL cache_lookup result=hit elapsed_us=3 uri=/run/media/peet/Data-500GB/Work-FB/FB-2024-George-ClearVu/20241108_112135.jpg
PIC_THUMBNAIL cache_lookup result=hit elapsed_us=2 uri=/run/media/peet/Data-500GB/Work-FB/FB-2024-George-ClearVu/20241108_112016.jpg
PIC_THUMBNAIL cache_lookup result=hit elapsed_us=3 uri=/run/media/peet/Data-500GB/Work-FB/FB-2024-George-ClearVu/20241108_111709.jpg
PIC_THUMBNAIL cache_lookup result=hit elapsed_us=3 uri=/run/media/peet/Data-500GB/Work-FB/FB-2024-CPT-Uitkyk/_MG_0092.jpg
PIC_THUMBNAIL cache_lookup result=hit elapsed_us=3 uri=/run/media/peet/Data-500GB/Work-FB/FB-2024-CPT-Uitkyk/_MG_0091.jpg
PIC_THUMBNAIL cache_lookup result=hit elapsed_us=2 uri=/run/media/peet/Data-500GB/Work-FB/FB-2024-CPT-Uitkyk/_MG_0090.jpg
PIC_THUMBNAIL cache_lookup result=hit elapsed_us=3 uri=/run/media/peet/Data-500GB/Work-FB/FB-2024-CPT-Uitkyk/_MG_0088.jpg
PIC_THUMBNAIL cache_lookup result=hit elapsed_us=2 uri=/run/media/peet/Data-500GB/Work-FB/FB-2024-CPT-Uitkyk/_MG_0085.jpg
PIC_THUMBNAIL cache_lookup result=hit elapsed_us=2 uri=/run/media/peet/Data-500GB/Work-FB/FB-2024-CPT-Uitkyk/_MG_0084.jpg
PIC_THUMBNAIL cache_lookup result=hit elapsed_us=2 uri=/run/media/peet/Data-500GB/Work-FB/FB-2024-CPT-Uitkyk/_MG_0082.jpg
PIC_THUMBNAIL cache_lookup result=hit elapsed_us=2 uri=/run/media/peet/Data-500GB/Work-FB/FB-2024-CPT-Uitkyk/_MG_0079.jpg
PIC_THUMBNAIL cache_lookup result=hit elapsed_us=2 uri=/run/media/peet/Data-500GB/Work-FB/FB-2024-CPT-Uitkyk/_MG_0077.jpg
PIC_THUMBNAIL cache_lookup result=hit elapsed_us=2 uri=/run/media/peet/Data-500GB/Work-FB/FB-2024-CPT-Uitkyk/_MG_0071.jpg
PIC_THUMBNAIL cache_lookup result=hit elapsed_us=3 uri=/run/media/peet/Data-500GB/Work-FB/FB-2024-CPT-Uitkyk/_MG_0064.jpg
PIC_THUMBNAIL cache_lookup result=hit elapsed_us=3 uri=/run/media/peet/Data-500GB/Work-FB/FB-2024-CPT-Uitkyk/_MG_0063.jpg
PIC_THUMBNAIL cache_lookup result=hit elapsed_us=3 uri=/run/media/peet/Data-500GB/Work-FB/FB-2024-CPT-Uitkyk/_MG_0059.jpg
PIC_THUMBNAIL cache_lookup result=hit elapsed_us=3 uri=/run/media/peet/Data-500GB/Work-FB/FB-2024-CPT-Uitkyk/_MG_0052.jpg
PIC_THUMBNAIL cache_lookup result=hit elapsed_us=3 uri=/run/media/peet/Data-500GB/Work-FB/FB-2024-CPT-Uitkyk/_MG_0049.jpg
PIC_THUMBNAIL cache_lookup result=hit elapsed_us=3 uri=/run/media/peet/Data-500GB/Work-FB/FB-2024-CPT-Uitkyk/_MG_0048.jpg
PIC_THUMBNAIL cache_lookup result=hit elapsed_us=3 uri=/run/media/peet/Data-500GB/Work-FB/FB-2024-CPT-Uitkyk/_MG_0047.jpg
PIC_THUMBNAIL cache_lookup result=hit elapsed_us=4 uri=/run/media/peet/Data-500GB/Work-FB/FB-2024-CPT-Uitkyk/_MG_0036.jpg
PIC_THUMBNAIL cache_lookup result=hit elapsed_us=4 uri=/run/media/peet/Data-500GB/Work-FB/FB-2024-CPT-Uitkyk/_MG_0027.jpg
PIC_THUMBNAIL cache_lookup result=hit elapsed_us=4 uri=/run/media/peet/Data-500GB/Work-FB/FB-2024-CPT-Uitkyk/_MG_0026.jpg
PIC_THUMBNAIL cache_lookup result=hit elapsed_us=4 uri=/run/media/peet/Data-500GB/Work-FB/FB-2024-CPT-Uitkyk/_MG_0025.jpg
PIC_THUMBNAIL cache_lookup result=hit elapsed_us=4 uri=/run/media/peet/Data-500GB/Work-FB/FB-2024-CPT-Uitkyk/_MG_0024.jpg
PIC_THUMBNAIL cache_lookup result=hit elapsed_us=4 uri=/run/media/peet/Data-500GB/Work-FB/FB-2024-CPT-Uitkyk/_MG_0020.jpg
PIC_THUMBNAIL cache_lookup result=hit elapsed_us=4 uri=/run/media/peet/Data-500GB/Work-FB/FB-2024-CPT-Uitkyk/_MG_0018.jpg
PIC_THUMBNAIL cache_lookup result=hit elapsed_us=3 uri=/run/media/peet/Data-500GB/Work-FB/FB-2024-CPT-Uitkyk/_MG_0016.jpg
PIC_THUMBNAIL cache_lookup result=hit elapsed_us=2 uri=/run/media/peet/Data-500GB/Work-FB/FB-2024-CPT-Uitkyk/_MG_0015.jpg
PIC_THUMBNAIL cache_lookup result=hit elapsed_us=4 uri=/run/media/peet/Data-500GB/Work-FB/FB-2024-CPT-Uitkyk/_MG_0013.jpg
PIC_THUMBNAIL cache_lookup result=hit elapsed_us=4 uri=/run/media/peet/Data-500GB/Work-FB/FB-2024-CPT-Uitkyk/_MG_0004.jpg
PIC_THUMBNAIL cache_lookup result=hit elapsed_us=4 uri=/run/media/peet/Data-500GB/Work-FB/FB-2024-Quarantine Area/20241106_135940.jpg
PIC_THUMBNAIL cache_lookup result=hit elapsed_us=4 uri=/run/media/peet/Data-500GB/Work-FB/FB-2024-Quarantine Area/20241106_135933.jpg
PIC_THUMBNAIL cache_lookup result=hit elapsed_us=3 uri=/run/media/peet/Data-500GB/Work-FB/FB-2024-Quarantine Area/20241106_135925.jpg
PIC_THUMBNAIL cache_lookup result=hit elapsed_us=3 uri=/run/media/peet/Data-500GB/Work-FB/FB-2024-Quarantine Area/20241106_135918.jpg
PIC_THUMBNAIL cache_lookup result=hit elapsed_us=2 uri=/run/media/peet/Data-500GB/Work-FB/FB-2024-Aspen Internal Storage/20241106_135824.jpg
PIC_THUMBNAIL cache_lookup result=hit elapsed_us=3 uri=/run/media/peet/Data-500GB/Work-FB/FB-2024-Aspen Internal Storage/20241106_135800.jpg
PIC_THUMBNAIL cache_lookup result=hit elapsed_us=3 uri=/run/media/peet/Data-500GB/Work-FB/FB-2024-Aspen Internal Storage/20241106_135749.jpg
PIC_THUMBNAIL cache_lookup result=hit elapsed_us=3 uri=/run/media/peet/Data-500GB/Work-FB/FB-2024-Aspen Internal Storage/20241106_135745.jpg
PIC_THUMBNAIL cache_lookup result=hit elapsed_us=3 uri=/run/media/peet/Data-500GB/Work-FB/FB-2024-Aspen Internal Storage/20241106_135736.jpg
PIC_THUMBNAIL cache_lookup result=hit elapsed_us=2 uri=/run/media/peet/Data-500GB/Work-FB/FB-2024-Aspen Internal Storage/20241106_135715.jpg
PIC_THUMBNAIL cache_lookup result=hit elapsed_us=2 uri=/run/media/peet/Data-500GB/Work-FB/FB-2024-Aspen Internal Storage/20241106_135707.jpg
PIC_THUMBNAIL cache_lookup result=hit elapsed_us=2 uri=/run/media/peet/Data-500GB/Work-FB/FB-2024-Aspen Internal Storage/20241106_135647.jpg
PIC_THUMBNAIL cache_lookup result=hit elapsed_us=3 uri=/run/media/peet/Data-500GB/Work-FB/FB-2024-Engen Mossel Bay/20241101_074846.jpg
PIC_THUMBNAIL cache_lookup result=hit elapsed_us=3 uri=/run/media/peet/Data-500GB/Work-FB/FB-2024-Engen Mossel Bay/20241101_074749.jpg
PIC_THUMBNAIL cache_lookup result=hit elapsed_us=2 uri=/run/media/peet/Data-500GB/Work-FB/FB-2024-Engen Mossel Bay/20241101_074741.jpg
PIC_THUMBNAIL cache_lookup result=hit elapsed_us=3 uri=/run/media/peet/Data-500GB/Work-FB/FB-2024-Engen Mossel Bay/20241101_074719.jpg
PIC_THUMBNAIL cache_lookup result=hit elapsed_us=3 uri=/run/media/peet/Data-500GB/Work-FB/FB-2024- Galvanized Security Fence/20241023_141642-2.jpg
PIC_THUMBNAIL cache_lookup result=hit elapsed_us=3 uri=/run/media/peet/Data-500GB/Work-FB/FB-2024- Galvanized Security Fence/20241023_141642.jpg
PIC_THUMBNAIL cache_lookup result=hit elapsed_us=3 uri=/run/media/peet/Data-500GB/Work-FB/FB-2024- Galvanized Security Fence/20241023_141629.jpg
PIC_THUMBNAIL cache_lookup result=hit elapsed_us=2 uri=/run/media/peet/Data-500GB/Work-FB/FB-2024- Galvanized Security Fence/20241023_141619.jpg
PIC_THUMBNAIL cache_lookup result=hit elapsed_us=3 uri=/run/media/peet/Data-500GB/Work-FB/FB-2024- Galvanized Security Fence/20241023_141411.jpg
PIC_THUMBNAIL cache_lookup result=hit elapsed_us=2 uri=/run/media/peet/Data-500GB/Work-FB/FB-2024- Galvanized Security Fence/20241023_135144.jpg
PIC_THUMBNAIL cache_lookup result=hit elapsed_us=3 uri=/run/media/peet/Data-500GB/Work-FB/FB-2024-Silver Fence/20241022_170702.jpg
PIC_THUMBNAIL cache_lookup result=hit elapsed_us=3 uri=/run/media/peet/Data-500GB/Work-FB/FB-2024-Silver Fence/20241022_170643.jpg
PIC_THUMBNAIL cache_lookup result=hit elapsed_us=2 uri=/run/media/peet/Data-500GB/Work-FB/FB-2024-Silver Fence/20241022_170635.jpg
PIC_THUMBNAIL cache_lookup result=hit elapsed_us=3 uri=/run/media/peet/Data-500GB/Work-FB/FB-2024-Silver Fence/20241022_170628.jpg
PIC_THUMBNAIL cache_lookup result=hit elapsed_us=3 uri=/run/media/peet/Data-500GB/Work-FB/FB-2024-Silver Fence/20241022_170608.jpg
PIC_THUMBNAIL cache_lookup result=hit elapsed_us=3 uri=/run/media/peet/Data-500GB/Work-FB/FB-2024-Silver Fence/20241022_170603.jpg
PIC_THUMBNAIL cache_lookup result=hit elapsed_us=2 uri=/run/media/peet/Data-500GB/Work-FB/FB-2024-Silver Fence/20241022_170547.jpg
PIC_THUMBNAIL cache_lookup result=hit elapsed_us=3 uri=/run/media/peet/Data-500GB/Work-FB/FB-2024-Silver Fence/20241022_170538.jpg
PIC_THUMBNAIL cache_lookup result=hit elapsed_us=3 uri=/run/media/peet/Data-500GB/Work-FB/FB-2024-Container/20241016_143043.jpg
PIC_THUMBNAIL cache_lookup result=hit elapsed_us=3 uri=/run/media/peet/Data-500GB/Work-FB/FB-2024-Container/20241016_143035.jpg
PIC_THUMBNAIL cache_lookup result=hit elapsed_us=3 uri=/run/media/peet/Data-500GB/Work-FB/FB-2024-Container/20241016_142937-2.jpg
PIC_THUMBNAIL cache_lookup result=hit elapsed_us=2 uri=/run/media/peet/Data-500GB/Work-FB/FB-2024-Container/20241016_142937.jpg
PIC_THUMBNAIL cache_lookup result=hit elapsed_us=2 uri=/run/media/peet/Data-500GB/Work-FB/FB-2024-Container/20241016_142932.jpg
PIC_THUMBNAIL cache_lookup result=hit elapsed_us=3 uri=/run/media/peet/Data-500GB/Work-FB/FB-2024-Container/20241016_142911.jpg
PIC_THUMBNAIL cache_lookup result=hit elapsed_us=3 uri=/run/media/peet/Data-500GB/Work-FB/FB-2024-Container/20241016_142904.jpg
PIC_THUMBNAIL cache_lookup result=hit elapsed_us=3 uri=/run/media/peet/Data-500GB/Work-FB/FB-2024-Container/20241016_142900.jpg
PIC_THUMBNAIL cache_lookup result=hit elapsed_us=3 uri=/run/media/peet/Data-500GB/Work-FB/FB-2024-Container/20241016_142858.jpg
PIC_THUMBNAIL cache_lookup result=hit elapsed_us=3 uri=/run/media/peet/Data-500GB/Work-FB/FB-2024-Container/20241016_142851.jpg
PIC_THUMBNAIL cache_lookup result=hit elapsed_us=3 uri=/run/media/peet/Data-500GB/Work-FB/FB-2024-Container/20241016_142842.jpg
PIC_THUMBNAIL cache_lookup result=hit elapsed_us=3 uri=/run/media/peet/Data-500GB/Work-FB/FB-2024-Container/20241016_142804.jpg
PIC_THUMBNAIL cache_lookup result=hit elapsed_us=2 uri=/run/media/peet/Data-500GB/Work-FB/FB-2024-Container/20241016_142741.jpg
PIC_THUMBNAIL cache_lookup result=hit elapsed_us=2 uri=/run/media/peet/Data-500GB/Work-FB/FB-2024-Container/20241016_142706.jpg
PIC_THUMBNAIL cache_lookup result=hit elapsed_us=2 uri=/run/media/peet/Data-500GB/Work-FB/FB-2024-Container/20241016_142638.jpg
PIC_THUMBNAIL cache_lookup result=hit elapsed_us=2 uri=/run/media/peet/Data-500GB/Work-FB/FB-2024-Container/20241016_142624.jpg
PIC_THUMBNAIL cache_lookup result=hit elapsed_us=2 uri=/run/media/peet/Data-500GB/Work-FB/FB-2024-Container/20241016_142611.jpg
PIC_THUMBNAIL cache_lookup result=hit elapsed_us=3 uri=/run/media/peet/Data-500GB/Work-FB/FB-2024-1 on York  Lifestyle Development/20241016_082503.jpg
PIC_THUMBNAIL cache_lookup result=hit elapsed_us=3 uri=/run/media/peet/Data-500GB/Work-FB/FB-2024-1 on York  Lifestyle Development/20241016_082437.jpg
PIC_THUMBNAIL cache_lookup result=hit elapsed_us=3 uri=/run/media/peet/Data-500GB/Work-FB/FB-2024-1 on York  Lifestyle Development/20241016_082425.jpg
PIC_THUMBNAIL cache_lookup result=hit elapsed_us=3 uri=/run/media/peet/Data-500GB/Work-FB/FB-2024-1 on York  Lifestyle Development/20241016_082409.jpg
PIC_THUMBNAIL cache_lookup result=hit elapsed_us=3 uri=/run/media/peet/Data-500GB/Work-FB/FB-2024-1 on York  Lifestyle Development/20241016_082358.jpg
PIC_THUMBNAIL cache_lookup result=hit elapsed_us=3 uri=/run/media/peet/Data-500GB/Work-FB/FB-2024-1 on York  Lifestyle Development/20241016_082351.jpg
PIC_THUMBNAIL cache_lookup result=hit elapsed_us=3 uri=/run/media/peet/Data-500GB/Work-FB/FB-2024-1 on York  Lifestyle Development/20241016_082203.jpg
PIC_THUMBNAIL cache_lookup result=hit elapsed_us=2 uri=/run/media/peet/Data-500GB/Work-FB/FB-2024-1 on York  Lifestyle Development/20241016_082149.jpg
PIC_THUMBNAIL cache_lookup result=hit elapsed_us=2 uri=/run/media/peet/Data-500GB/Work-FB/FB-2024-Property Fence-JBAY/20241008_122303.jpg
PIC_THUMBNAIL cache_lookup result=hit elapsed_us=3 uri=/run/media/peet/Data-500GB/Work-FB/FB-2024-Property Fence-JBAY/20241008_122300.jpg
PIC_THUMBNAIL cache_lookup result=hit elapsed_us=2 uri=/run/media/peet/Data-500GB/Work-FB/FB-2024-Property Fence-JBAY/20241008_122253.jpg
PIC_THUMBNAIL cache_lookup result=hit elapsed_us=3 uri=/run/media/peet/Data-500GB/Work-FB/FB-2024-Property Fence-JBAY/20241008_122244.jpg
PIC_THUMBNAIL cache_lookup result=hit elapsed_us=3 uri=/run/media/peet/Data-500GB/Work-FB/FB-2024-Property Fence-JBAY/20241008_122241.jpg
PIC_THUMBNAIL cache_lookup result=hit elapsed_us=2 uri=/run/media/peet/Data-500GB/Work-FB/FB-2024-Property Fence-JBAY/20241008_122236.jpg
PIC_THUMBNAIL cache_lookup result=hit elapsed_us=2 uri=/run/media/peet/Data-500GB/Work-FB/FB-2024-Property Fence-JBAY/20241008_122231.jpg
PIC_THUMBNAIL cache_lookup result=hit elapsed_us=2 uri=/run/media/peet/Data-500GB/Work-FB/FB-2024-Property Fence-JBAY/20241008_122222.jpg
PIC_THUMBNAIL cache_lookup result=hit elapsed_us=3 uri=/run/media/peet/Data-500GB/Work-FB/FB-2024-Property Fence-JBAY/20241008_122204.jpg
PIC_THUMBNAIL cache_lookup result=hit elapsed_us=3 uri=/run/media/peet/Data-500GB/Work-FB/FB-2024-Property Fence-JBAY/20241008_122150.jpg
PIC_THUMBNAIL cache_lookup result=hit elapsed_us=3 uri=/run/media/peet/Data-500GB/Work-FB/FB-Staff-Heritage Day 2024/DSC_8329.jpg
PIC_THUMBNAIL cache_lookup result=hit elapsed_us=2 uri=/run/media/peet/Data-500GB/Work-FB/FB-Staff-Heritage Day 2024/DSC_8324.jpg
PIC_THUMBNAIL cache_lookup result=hit elapsed_us=3 uri=/run/media/peet/Data-500GB/Work-FB/FB-Staff-Heritage Day 2024/DSC_8320.jpg
PIC_THUMBNAIL cache_lookup result=hit elapsed_us=3 uri=/run/media/peet/Data-500GB/Work-FB/FB-Staff-Heritage Day 2024/DSC_8318.jpg
PIC_THUMBNAIL cache_lookup result=hit elapsed_us=3 uri=/run/media/peet/Data-500GB/Work-FB/FB-Staff-Heritage Day 2024/DSC_8313.jpg
PIC_THUMBNAIL cache_lookup result=hit elapsed_us=2 uri=/run/media/peet/Data-500GB/Work-FB/FB-Staff-Heritage Day 2024/DSC_8311.jpg
PIC_THUMBNAIL cache_lookup result=hit elapsed_us=3 uri=/run/media/peet/Data-500GB/Work-FB/FB-Staff-Heritage Day 2024/DSC_8306.jpg
PIC_THUMBNAIL cache_lookup result=hit elapsed_us=3 uri=/run/media/peet/Data-500GB/Work-FB/FB-Staff-Heritage Day 2024/DSC_8304.jpg
PIC_THUMBNAIL cache_lookup result=hit elapsed_us=2 uri=/run/media/peet/Data-500GB/Work-FB/FB-Staff-Heritage Day 2024/DSC_8303.jpg
PIC_THUMBNAIL cache_lookup result=hit elapsed_us=3 uri=/run/media/peet/Data-500GB/Work-FB/FB-Staff-Heritage Day 2024/DSC_8297.jpg
PIC_THUMBNAIL cache_lookup result=hit elapsed_us=2 uri=/run/media/peet/Data-500GB/Work-FB/FB-Staff-Heritage Day 2024/DSC_8294.jpg
PIC_THUMBNAIL cache_lookup result=hit elapsed_us=2 uri=/run/media/peet/Data-500GB/Work-FB/FB-Staff-Heritage Day 2024/DSC_8290.jpg
PIC_THUMBNAIL cache_lookup result=hit elapsed_us=3 uri=/run/media/peet/Data-500GB/Work-FB/FB-Staff-Heritage Day 2024/DSC_8288.jpg
PIC_THUMBNAIL cache_lookup result=hit elapsed_us=2 uri=/run/media/peet/Data-500GB/Work-FB/FB-Staff-Heritage Day 2024/DSC_8287.jpg
PIC_THUMBNAIL cache_lookup result=hit elapsed_us=3 uri=/run/media/peet/Data-500GB/Work-FB/FB-Staff-Heritage Day 2024/DSC_8282.jpg
PIC_THUMBNAIL cache_lookup result=hit elapsed_us=2 uri=/run/media/peet/Data-500GB/Work-FB/FB-Staff-Heritage Day 2024/DSC_8278.jpg
PIC_THUMBNAIL cache_lookup result=hit elapsed_us=3 uri=/run/media/peet/Data-500GB/Work-FB/FB-Staff-Heritage Day 2024/DSC_8266.jpg
PIC_THUMBNAIL cache_lookup result=hit elapsed_us=3 uri=/run/media/peet/Data-500GB/Work-FB/FB-Staff-Heritage Day 2024/DSC_8256.jpg
PIC_THUMBNAIL cache_lookup result=hit elapsed_us=2 uri=/run/media/peet/Data-500GB/Work-FB/FB-Staff-Heritage Day 2024/DSC_8254.jpg
PIC_THUMBNAIL cache_lookup result=hit elapsed_us=2 uri=/run/media/peet/Data-500GB/Work-FB/FB-Staff-Heritage Day 2024/DSC_8252.jpg
PIC_THUMBNAIL cache_lookup result=hit elapsed_us=2 uri=/run/media/peet/Data-500GB/Work-FB/FB-Staff-Heritage Day 2024/DSC_8247.jpg
PIC_THUMBNAIL cache_lookup result=hit elapsed_us=3 uri=/run/media/peet/Data-500GB/Work-FB/FB-Staff-Heritage Day 2024/DSC_8245.jpg
PIC_THUMBNAIL cache_lookup result=hit elapsed_us=2 uri=/run/media/peet/Data-500GB/Work-FB/FB-Staff-Heritage Day 2024/DSC_8244.jpg
PIC_THUMBNAIL cache_lookup result=hit elapsed_us=2 uri=/run/media/peet/Data-500GB/Work-FB/FB-Staff-Heritage Day 2024/DSC_8242.jpg
PIC_THUMBNAIL cache_lookup result=hit elapsed_us=3 uri=/run/media/peet/Data-500GB/Work-FB/FB-Staff-Heritage Day 2024/DSC_8239.jpg
PIC_THUMBNAIL cache_lookup result=hit elapsed_us=2 uri=/run/media/peet/Data-500GB/Work-FB/FB-Staff-Heritage Day 2024/DSC_8238-2.jpg
PIC_THUMBNAIL cache_lookup result=hit elapsed_us=2 uri=/run/media/peet/Data-500GB/Work-FB/FB-Staff-Heritage Day 2024/DSC_8238.jpg
PIC_THUMBNAIL cache_lookup result=hit elapsed_us=2 uri=/run/media/peet/Data-500GB/Work-FB/FB-Staff-Heritage Day 2024/DSC_8234.jpg
PIC_THUMBNAIL cache_lookup result=hit elapsed_us=2 uri=/run/media/peet/Data-500GB/Work-FB/FB-Staff-Heritage Day 2024/DSC_8227.jpg
PIC_THUMBNAIL cache_lookup result=hit elapsed_us=2 uri=/run/media/peet/Data-500GB/Work-FB/FB-Staff-Heritage Day 2024/DSC_8222.jpg
PIC_THUMBNAIL cache_lookup result=hit elapsed_us=3 uri=/run/media/peet/Data-500GB/Work-FB/FB-Staff-Heritage Day 2024/DSC_8217.jpg
PIC_THUMBNAIL cache_lookup result=hit elapsed_us=2 uri=/run/media/peet/Data-500GB/Work-FB/FB-Staff-Heritage Day 2024/DSC_8202.jpg
PIC_THUMBNAIL cache_lookup result=hit elapsed_us=2 uri=/run/media/peet/Data-500GB/Work-FB/FB-Staff-Heritage Day 2024/DSC_8200.jpg
PIC_THUMBNAIL cache_lookup result=hit elapsed_us=2 uri=/run/media/peet/Data-500GB/Work-FB/FB-Staff-Heritage Day 2024/DSC_8195.jpg
PIC_THUMBNAIL cache_lookup result=hit elapsed_us=2 uri=/run/media/peet/Data-500GB/Work-FB/FB-Staff-Heritage Day 2024/DSC_8189.jpg
PIC_THUMBNAIL cache_lookup result=hit elapsed_us=3 uri=/run/media/peet/Data-500GB/Work-FB/FB-Staff-Heritage Day 2024/DSC_8187.jpg
PIC_THUMBNAIL cache_lookup result=hit elapsed_us=3 uri=/run/media/peet/Data-500GB/Work-FB/FB-Staff-Heritage Day 2024/DSC_8186.jpg
PIC_THUMBNAIL cache_lookup result=hit elapsed_us=3 uri=/run/media/peet/Data-500GB/Work-FB/FB-Staff-Heritage Day 2024/DSC_8184.jpg
PIC_THUMBNAIL cache_lookup result=hit elapsed_us=2 uri=/run/media/peet/Data-500GB/Work-FB/FB-Staff-Heritage Day 2024/DSC_8170.jpg
PIC_THUMBNAIL cache_lookup result=hit elapsed_us=3 uri=/run/media/peet/Data-500GB/Work-FB/FB-Staff-Heritage Day 2024/DSC_8167.jpg
PIC_THUMBNAIL cache_lookup result=hit elapsed_us=3 uri=/run/media/peet/Data-500GB/Work-FB/FB-Staff-Heritage Day 2024/DSC_8165.jpg
PIC_THUMBNAIL cache_lookup result=hit elapsed_us=3 uri=/run/media/peet/Data-500GB/Work-FB/FB-Staff-Heritage Day 2024/DSC_8160.jpg
PIC_THUMBNAIL cache_lookup result=hit elapsed_us=3 uri=/run/media/peet/Data-500GB/Work-FB/FB-Staff-Heritage Day 2024/DSC_8155.jpg
PIC_THUMBNAIL cache_lookup result=hit elapsed_us=2 uri=/run/media/peet/Data-500GB/Work-FB/FB-Staff-Heritage Day 2024/DSC_8151.jpg
PIC_THUMBNAIL cache_lookup result=hit elapsed_us=3 uri=/run/media/peet/Data-500GB/Work-FB/FB-Staff-Heritage Day 2024/DSC_8147.jpg
PIC_THUMBNAIL cache_lookup result=hit elapsed_us=3 uri=/run/media/peet/Data-500GB/Work-FB/FB-Staff-Heritage Day 2024/DSC_8145.jpg
PIC_THUMBNAIL cache_lookup result=hit elapsed_us=3 uri=/run/media/peet/Data-500GB/Work-FB/FB-Staff-Heritage Day 2024/DSC_8141.jpg
PIC_THUMBNAIL cache_lookup result=hit elapsed_us=3 uri=/run/media/peet/Data-500GB/Work-FB/FB-Staff-Heritage Day 2024/DSC_8132.jpg
PIC_THUMBNAIL cache_lookup result=hit elapsed_us=2 uri=/run/media/peet/Data-500GB/Work-FB/FB-Staff-Heritage Day 2024/DSC_8122.jpg
PIC_THUMBNAIL cache_lookup result=hit elapsed_us=2 uri=/run/media/peet/Data-500GB/Work-FB/FB-Staff-Heritage Day 2024/DSC_8118.jpg
PIC_THUMBNAIL cache_lookup result=hit elapsed_us=2 uri=/run/media/peet/Data-500GB/Work-FB/FB-Staff-Heritage Day 2024/DSC_8094.jpg
PIC_THUMBNAIL cache_lookup result=hit elapsed_us=2 uri=/run/media/peet/Data-500GB/Work-FB/FB-Staff-Heritage Day 2024/DSC_8070.jpg
PIC_THUMBNAIL cache_lookup result=hit elapsed_us=3 uri=/run/media/peet/Data-500GB/Work-FB/FB-2024-Mossel Cove/20240919_104318.jpg
PIC_THUMBNAIL cache_lookup result=hit elapsed_us=2 uri=/run/media/peet/Data-500GB/Work-FB/FB-2024-Mossel Cove/20240919_104216.jpg
PIC_THUMBNAIL cache_lookup result=hit elapsed_us=3 uri=/run/media/peet/Data-500GB/Work-FB/FB-2024-Mossel Cove/20240919_104213.jpg
PIC_THUMBNAIL cache_lookup result=hit elapsed_us=2 uri=/run/media/peet/Data-500GB/Work-FB/FB-2024-Mossel Cove/20240919_104154.jpg
PIC_THUMBNAIL cache_lookup result=hit elapsed_us=2 uri=/run/media/peet/Data-500GB/Work-FB/FB-2024-Mossel Cove/20240919_104148.jpg
PIC_THUMBNAIL cache_lookup result=hit elapsed_us=3 uri=/run/media/peet/Data-500GB/Work-FB/FB-2024-Mossel Cove/20240919_104144.jpg
PIC_THUMBNAIL cache_lookup result=hit elapsed_us=2 uri=/run/media/peet/Data-500GB/Work-FB/FB-2024-Mossel Cove/20240919_104139.jpg
PIC_THUMBNAIL cache_lookup result=hit elapsed_us=2 uri=/run/media/peet/Data-500GB/Work-FB/FB-2024-Mossel Cove/20240919_104128.jpg
PIC_THUMBNAIL cache_lookup result=hit elapsed_us=2 uri=/run/media/peet/Data-500GB/Work-FB/FB-2024-Mossel Cove/20240919_104123.jpg
PIC_THUMBNAIL cache_lookup result=hit elapsed_us=2 uri=/run/media/peet/Data-500GB/Work-FB/FB-2024-Mossel Cove/20240919_104113.jpg
PIC_THUMBNAIL cache_lookup result=hit elapsed_us=3 uri=/run/media/peet/Data-500GB/Work-FB/FB-2024-Mossel Cove/20240919_104109.jpg
PIC_THUMBNAIL cache_lookup result=hit elapsed_us=4 uri=/run/media/peet/Data-500GB/Work-FB/FB-2024-Mossel Cove/20240919_104102.jpg
PIC_THUMBNAIL cache_lookup result=hit elapsed_us=4 uri=/run/media/peet/Data-500GB/Work-FB/FB-2024-Mossel Cove/20240919_104057.jpg
PIC_THUMBNAIL cache_lookup result=hit elapsed_us=4 uri=/run/media/peet/Data-500GB/Work-FB/FB-2024-Mossel Cove/20240919_104055.jpg
PIC_THUMBNAIL cache_lookup result=hit elapsed_us=3 uri=/run/media/peet/Data-500GB/Work-FB/FB-2024-Mossel Cove/20240919_104050.jpg
PIC_THUMBNAIL cache_lookup result=hit elapsed_us=4 uri=/run/media/peet/Data-500GB/Work-FB/FB-2024-Mossel Cove/20240919_104045.jpg
PIC_THUMBNAIL cache_lookup result=hit elapsed_us=4 uri=/run/media/peet/Data-500GB/Work-FB/FB-2024-Mossel Cove/20240919_104036.jpg
PIC_THUMBNAIL cache_lookup result=hit elapsed_us=4 uri=/run/media/peet/Data-500GB/Work-FB/FB-2024-Mossel Cove/20240919_104024.jpg
PIC_THUMBNAIL cache_lookup result=hit elapsed_us=4 uri=/run/media/peet/Data-500GB/Work-FB/FB-2024-Mossel Cove/20240919_104014.jpg
PIC_THUMBNAIL cache_lookup result=hit elapsed_us=4 uri=/run/media/peet/Data-500GB/Work-FB/FB-2024-Mossel Cove/20240919_104006.jpg
PIC_THUMBNAIL cache_lookup result=hit elapsed_us=4 uri=/run/media/peet/Data-500GB/Work-FB/FB-2024-Mossel Cove/20240919_104001.jpg
PIC_THUMBNAIL cache_lookup result=hit elapsed_us=4 uri=/run/media/peet/Data-500GB/Work-FB/FB-2024-Mossel Cove/20240919_103954.jpg
PIC_THUMBNAIL cache_lookup result=hit elapsed_us=4 uri=/run/media/peet/Data-500GB/Work-FB/FB-2024-Mossel Cove/20240919_103949.jpg
PIC_THUMBNAIL cache_lookup result=hit elapsed_us=4 uri=/run/media/peet/Data-500GB/Work-FB/FB-2024-Mossel Cove/20240919_103938.jpg
PIC_THUMBNAIL cache_lookup result=hit elapsed_us=4 uri=/run/media/peet/Data-500GB/Work-FB/FB-2024-Mossel Cove/20240919_103933.jpg
PIC_THUMBNAIL cache_lookup result=hit elapsed_us=4 uri=/run/media/peet/Data-500GB/Work-FB/FB-2024-Mossel Cove/20240919_103926.jpg
PIC_THUMBNAIL cache_lookup result=hit elapsed_us=4 uri=/run/media/peet/Data-500GB/Work-FB/FB-2024-Mossel Cove/20240919_103921.jpg
PIC_THUMBNAIL cache_lookup result=hit elapsed_us=4 uri=/run/media/peet/Data-500GB/Work-FB/FB-2024-Mossel Cove/20240919_103918.jpg
PIC_THUMBNAIL cache_lookup result=hit elapsed_us=4 uri=/run/media/peet/Data-500GB/Work-FB/FB-2024-Mossel Cove/20240919_103910.jpg
PIC_THUMBNAIL cache_lookup result=hit elapsed_us=4 uri=/run/media/peet/Data-500GB/Work-FB/FB-2024-Mossel Cove/20240919_103901.jpg
PIC_THUMBNAIL cache_lookup result=hit elapsed_us=4 uri=/run/media/peet/Data-500GB/Work-FB/FB-2024-Mossel Cove/20240919_103846.jpg
PIC_THUMBNAIL cache_lookup result=hit elapsed_us=4 uri=/run/media/peet/Data-500GB/Work-FB/FB-2024-Mossel Cove/20240919_103842.jpg
PIC_THUMBNAIL cache_lookup result=hit elapsed_us=4 uri=/run/media/peet/Data-500GB/Work-FB/FB-2024-Mossel Cove/20240919_103838.jpg
PIC_THUMBNAIL cache_lookup result=hit elapsed_us=4 uri=/run/media/peet/Data-500GB/Work-FB/FB-2024-Mossel Cove/20240919_103627.jpg
PIC_THUMBNAIL cache_lookup result=hit elapsed_us=4 uri=/run/media/peet/Data-500GB/Work-FB/FB-2024-Mossel Cove/20240919_103614.jpg
PIC_THUMBNAIL cache_lookup result=hit elapsed_us=5 uri=/run/media/peet/Data-500GB/Work-FB/FB-2024-Mossel Cove/20240919_103606.jpg
PIC_THUMBNAIL cache_lookup result=hit elapsed_us=6 uri=/run/media/peet/Data-500GB/Work-FB/FB-2024-Mossel Cove/20240919_103602.jpg
PIC_THUMBNAIL cache_lookup result=hit elapsed_us=6 uri=/run/media/peet/Data-500GB/Work-FB/FB-2024-Mossel Cove/20240919_103556.jpg
PIC_THUMBNAIL cache_lookup result=hit elapsed_us=4 uri=/run/media/peet/Data-500GB/Work-FB/FB-2024-Mossel Cove/20240919_103552.jpg
PIC_THUMBNAIL cache_lookup result=hit elapsed_us=4 uri=/run/media/peet/Data-500GB/Work-FB/FB-2024-Mossel Cove/20240919_103542.jpg
PIC_THUMBNAIL cache_lookup result=hit elapsed_us=4 uri=/run/media/peet/Data-500GB/Work-FB/FB-2024-Mossel Cove/20240919_103529.jpg
PIC_THUMBNAIL cache_lookup result=hit elapsed_us=4 uri=/run/media/peet/Data-500GB/Work-FB/FB-2024-Mossel Cove/20240919_103512.jpg
PIC_THUMBNAIL cache_lookup result=hit elapsed_us=4 uri=/run/media/peet/Data-500GB/Work-FB/FB-2024-Mossel Cove/20240919_103507.jpg
PIC_THUMBNAIL cache_lookup result=hit elapsed_us=3 uri=/run/media/peet/Data-500GB/Work-FB/FB-2024-Mossel Cove/20240919_103503.jpg
PIC_THUMBNAIL cache_lookup result=hit elapsed_us=4 uri=/run/media/peet/Data-500GB/Work-FB/FB-2024-Mossel Cove/20240919_103456.jpg
PIC_THUMBNAIL cache_lookup result=hit elapsed_us=4 uri=/run/media/peet/Data-500GB/Work-FB/FB-2024-Mossel Cove/20240919_103452.jpg
PIC_THUMBNAIL cache_lookup result=hit elapsed_us=4 uri=/run/media/peet/Data-500GB/Work-FB/FB-2024-1 on York/20240918_094016.jpg
PIC_THUMBNAIL cache_lookup result=hit elapsed_us=4 uri=/run/media/peet/Data-500GB/Work-FB/FB-2024-1 on York/20240918_094014.jpg
PIC_THUMBNAIL cache_lookup result=hit elapsed_us=4 uri=/run/media/peet/Data-500GB/Work-FB/FB-2024-1 on York/20240918_093953.jpg
PIC_THUMBNAIL cache_lookup result=hit elapsed_us=4 uri=/run/media/peet/Data-500GB/Work-FB/FB-2024-1 on York/20240918_093932.jpg
PIC_THUMBNAIL cache_lookup result=hit elapsed_us=4 uri=/run/media/peet/Data-500GB/Work-FB/FB-2024-1 on York/20240918_093925.jpg
PIC_THUMBNAIL cache_lookup result=hit elapsed_us=4 uri=/run/media/peet/Data-500GB/Work-FB/FB-2024-1 on York/20240918_093646.jpg
PIC_THUMBNAIL cache_lookup result=hit elapsed_us=4 uri=/run/media/peet/Data-500GB/Work-FB/FB-2024-1 on York/20240918_093641.jpg
PIC_THUMBNAIL cache_lookup result=hit elapsed_us=4 uri=/run/media/peet/Data-500GB/Work-FB/FB-2024-1 on York/20240918_093630.jpg
PIC_THUMBNAIL cache_lookup result=hit elapsed_us=4 uri=/run/media/peet/Data-500GB/Work-FB/FB-2024-1 on York/20240918_093626.jpg
PIC_THUMBNAIL cache_lookup result=hit elapsed_us=4 uri=/run/media/peet/Data-500GB/Work-FB/FB-2024-1 on York/20240918_093622.jpg
PIC_THUMBNAIL cache_lookup result=hit elapsed_us=4 uri=/run/media/peet/Data-500GB/Work-FB/FB-2024-1 on York/20240918_093557.jpg
PIC_THUMBNAIL cache_lookup result=hit elapsed_us=5 uri=/run/media/peet/Data-500GB/Work-FB/FB-2024-1 on York/20240918_093529.jpg
PIC_THUMBNAIL cache_lookup result=hit elapsed_us=4 uri=/run/media/peet/Data-500GB/Work-FB/FB-2024-1 on York/20240918_093523.jpg
PIC_THUMBNAIL cache_lookup result=hit elapsed_us=10 uri=/run/media/peet/Data-500GB/Work-FB/FB-2024-1 on York/20240918_093518.jpg
PIC_THUMBNAIL cache_lookup result=hit elapsed_us=4 uri=/run/media/peet/Data-500GB/Work-FB/FB-2024-1 on York/20240918_093502.jpg
PIC_THUMBNAIL cache_lookup result=hit elapsed_us=4 uri=/run/media/peet/Data-500GB/Work-FB/FB-2024-1 on York/20240918_093451.jpg
PIC_THUMBNAIL cache_lookup result=hit elapsed_us=4 uri=/run/media/peet/Data-500GB/Work-FB/FB-2024-1 on York/20240918_093445.jpg
PIC_THUMBNAIL cache_lookup result=hit elapsed_us=4 uri=/run/media/peet/Data-500GB/Work-FB/FB-2024-1 on York/20240918_093433.jpg
PIC_THUMBNAIL cache_lookup result=hit elapsed_us=4 uri=/run/media/peet/Data-500GB/Work-FB/FB-2024-1 on York/20240918_093430.jpg
PIC_THUMBNAIL cache_lookup result=hit elapsed_us=5 uri=/run/media/peet/Data-500GB/Work-FB/FB-2024-1 on York/20240918_093425.jpg
PIC_THUMBNAIL cache_lookup result=hit elapsed_us=3 uri=/run/media/peet/Data-500GB/Work-FB/FB-2024-1 on York/20240918_093419.jpg
PIC_THUMBNAIL cache_lookup result=hit elapsed_us=2 uri=/run/media/peet/Data-500GB/Work-FB/FB-2024-1 on York/20240918_093412.jpg
PIC_THUMBNAIL cache_lookup result=hit elapsed_us=2 uri=/run/media/peet/Data-500GB/Work-FB/FB-2024-1 on York/20240918_093407.jpg
PIC_THUMBNAIL cache_lookup result=hit elapsed_us=3 uri=/run/media/peet/Data-500GB/Work-FB/FB-2024-1 on York/20240918_093404.jpg
PIC_THUMBNAIL cache_lookup result=hit elapsed_us=2 uri=/run/media/peet/Data-500GB/Work-FB/FB-2024-1 on York/20240918_093357.jpg
PIC_THUMBNAIL cache_lookup result=hit elapsed_us=3 uri=/run/media/peet/Data-500GB/Work-FB/FB-2024-1 on York/20240918_093345.jpg
PIC_THUMBNAIL cache_lookup result=hit elapsed_us=2 uri=/run/media/peet/Data-500GB/Work-FB/FB-2024-1 on York/20240918_093339.jpg
PIC_THUMBNAIL cache_lookup result=hit elapsed_us=2 uri=/run/media/peet/Data-500GB/Work-FB/FB-2024-1 on York/20240918_093336.jpg
PIC_THUMBNAIL cache_lookup result=hit elapsed_us=2 uri=/run/media/peet/Data-500GB/Work-FB/FB-2024-1 on York/20240918_093331.jpg
PIC_THUMBNAIL cache_lookup result=hit elapsed_us=2 uri=/run/media/peet/Data-500GB/Work-FB/FB-2024-1 on York/20240918_093324.jpg
PIC_THUMBNAIL cache_lookup result=hit elapsed_us=2 uri=/run/media/peet/Data-500GB/Work-FB/FB-2024-1 on York/20240918_093312.jpg
PIC_THUMBNAIL cache_lookup result=hit elapsed_us=2 uri=/run/media/peet/Data-500GB/Work-FB/FB-2024-1 on York/20240918_092227.jpg
PIC_THUMBNAIL cache_lookup result=hit elapsed_us=2 uri=/run/media/peet/Data-500GB/Work-FB/FB-2024-1 on York/20240918_092220.jpg
PIC_THUMBNAIL cache_lookup result=hit elapsed_us=2 uri=/run/media/peet/Data-500GB/Work-FB/FB-2024-1 on York/20240918_092216.jpg
PIC_THUMBNAIL cache_lookup result=hit elapsed_us=2 uri=/run/media/peet/Data-500GB/Work-FB/FB-2024-1 on York/20240918_092158.jpg
PIC_THUMBNAIL cache_lookup result=hit elapsed_us=2 uri=/run/media/peet/Data-500GB/Work-FB/FB-2024-1 on York/20240918_092154.jpg
PIC_THUMBNAIL cache_lookup result=hit elapsed_us=3 uri=/run/media/peet/Data-500GB/Work-FB/FB-2024-1 on York/20240918_092141.jpg
PIC_THUMBNAIL cache_lookup result=hit elapsed_us=3 uri=/run/media/peet/Data-500GB/Work-FB/FB-2024-1 on York/20240918_092136.jpg
PIC_THUMBNAIL cache_lookup result=hit elapsed_us=2 uri=/run/media/peet/Data-500GB/Work-FB/FB-2024-1 on York/20240918_092124.jpg
PIC_THUMBNAIL cache_lookup result=hit elapsed_us=2 uri=/run/media/peet/Data-500GB/Work-FB/FB-2024-1 on York/20240918_092108.jpg
PIC_THUMBNAIL cache_lookup result=hit elapsed_us=3 uri=/run/media/peet/Data-500GB/Work-FB/FB-2024-1 on York/20240918_092105.jpg
PIC_THUMBNAIL cache_lookup result=hit elapsed_us=2 uri=/run/media/peet/Data-500GB/Work-FB/FB-2024-1 on York/20240918_092102.jpg
PIC_THUMBNAIL cache_lookup result=hit elapsed_us=2 uri=/run/media/peet/Data-500GB/Work-FB/FB-2024-1 on York/20240918_092048.jpg
PIC_THUMBNAIL cache_lookup result=hit elapsed_us=3 uri=/run/media/peet/Data-500GB/Work-FB/FB-2024-1 on York/20240918_092037.jpg
PIC_THUMBNAIL cache_lookup result=hit elapsed_us=2 uri=/run/media/peet/Data-500GB/Work-FB/FB-2024-1 on York/20240918_092032.jpg
PIC_THUMBNAIL cache_lookup result=hit elapsed_us=2 uri=/run/media/peet/Data-500GB/Work-FB/FB-2024-1 on York/20240918_092018.jpg
PIC_THUMBNAIL cache_lookup result=hit elapsed_us=2 uri=/run/media/peet/Data-500GB/Work-FB/FB-2024-1 on York/20240918_092013.jpg
PIC_THUMBNAIL cache_lookup result=hit elapsed_us=2 uri=/run/media/peet/Data-500GB/Work-FB/FB-2024-1 on York/20240918_091955.jpg
PIC_THUMBNAIL cache_lookup result=hit elapsed_us=2 uri=/run/media/peet/Data-500GB/Work-FB/FB-2024-1 on York/20240918_091933.jpg
PIC_THUMBNAIL cache_lookup result=hit elapsed_us=2 uri=/run/media/peet/Data-500GB/Work-FB/FB-2024-1 on York/20240918_091930.jpg
PIC_THUMBNAIL cache_lookup result=hit elapsed_us=3 uri=/run/media/peet/Data-500GB/Work-FB/FB-2024-1 on York/20240918_091925.jpg
PIC_THUMBNAIL cache_lookup result=hit elapsed_us=3 uri=/run/media/peet/Data-500GB/Work-FB/FB-2024-1 on York/20240918_091921.jpg
PIC_THUMBNAIL cache_lookup result=hit elapsed_us=3 uri=/run/media/peet/Data-500GB/Work-FB/FB-2024-1 on York/20240918_091910.jpg
PIC_THUMBNAIL cache_lookup result=hit elapsed_us=2 uri=/run/media/peet/Data-500GB/Work-FB/FB-2024-1 on York/20240918_091903.jpg
PIC_THUMBNAIL cache_lookup result=hit elapsed_us=2 uri=/run/media/peet/Data-500GB/Work-FB/FB-2024-1 on York/20240918_091856.jpg
PIC_THUMBNAIL cache_lookup result=hit elapsed_us=2 uri=/run/media/peet/Data-500GB/Work-FB/FB-2024-1 on York/20240918_091852.jpg
PIC_THUMBNAIL cache_lookup result=hit elapsed_us=2 uri=/run/media/peet/Data-500GB/Work-FB/FB-2024-1 on York/20240918_091848.jpg
PIC_THUMBNAIL cache_lookup result=hit elapsed_us=2 uri=/run/media/peet/Data-500GB/Work-FB/FB-2024-1 on York/20240918_091843.jpg
PIC_THUMBNAIL cache_lookup result=hit elapsed_us=2 uri=/run/media/peet/Data-500GB/Work-FB/FB-2024-1 on York/20240918_091833.jpg
PIC_THUMBNAIL cache_lookup result=hit elapsed_us=3 uri=/run/media/peet/Data-500GB/Work-FB/FB-2024-1 on York/20240918_091819.jpg
PIC_THUMBNAIL cache_lookup result=hit elapsed_us=3 uri=/run/media/peet/Data-500GB/Work-FB/FB-2024-1 on York/20240918_091815.jpg
PIC_THUMBNAIL cache_lookup result=hit elapsed_us=2 uri=/run/media/peet/Data-500GB/Work-FB/FB-2024-1 on York/20240918_091806.jpg
PIC_THUMBNAIL cache_lookup result=hit elapsed_us=3 uri=/run/media/peet/Data-500GB/Work-FB/FB-2024-1 on York/20240918_091800.jpg
PIC_THUMBNAIL cache_lookup result=hit elapsed_us=2 uri=/run/media/peet/Data-500GB/Work-FB/FB-2024-1 on York/20240918_091755.jpg
PIC_THUMBNAIL cache_lookup result=hit elapsed_us=2 uri=/run/media/peet/Data-500GB/Work-FB/FB-2024-1 on York/20240918_091747.jpg
PIC_THUMBNAIL cache_lookup result=hit elapsed_us=2 uri=/run/media/peet/Data-500GB/Work-FB/FB-2024-1 on York/20240918_091737.jpg
PIC_THUMBNAIL cache_lookup result=hit elapsed_us=2 uri=/run/media/peet/Data-500GB/Work-FB/FB-2024-FarmBonnox/20240819_114427.jpg
PIC_THUMBNAIL cache_lookup result=hit elapsed_us=2 uri=/run/media/peet/Data-500GB/Work-FB/FB-2024-FarmBonnox/20240819_114423.jpg
PIC_THUMBNAIL cache_lookup result=hit elapsed_us=2 uri=/run/media/peet/Data-500GB/Work-FB/FB-2024-FarmBonnox/20240819_114420.jpg
PIC_THUMBNAIL cache_lookup result=hit elapsed_us=2 uri=/run/media/peet/Data-500GB/Work-FB/FB-2024-FarmBonnox/20240819_114224.jpg
PIC_THUMBNAIL cache_lookup result=hit elapsed_us=2 uri=/run/media/peet/Data-500GB/Work-FB/FB-2024-FarmBonnox/20240819_114121.jpg
PIC_THUMBNAIL cache_lookup result=hit elapsed_us=2 uri=/run/media/peet/Data-500GB/Work-FB/FB-2024-FarmBonnox/20240819_114118.jpg
PIC_THUMBNAIL cache_lookup result=hit elapsed_us=2 uri=/run/media/peet/Data-500GB/Work-FB/FB-2024-FarmBonnox/20240819_114114.jpg
PIC_THUMBNAIL cache_lookup result=hit elapsed_us=2 uri=/run/media/peet/Data-500GB/Work-FB/FB-2024-FarmBonnox/20240819_114102.jpg
PIC_THUMBNAIL cache_lookup result=hit elapsed_us=2 uri=/run/media/peet/Data-500GB/Work-FB/FB-2024-FarmBonnox/20240819_113931.jpg
PIC_THUMBNAIL cache_lookup result=hit elapsed_us=3 uri=/run/media/peet/Data-500GB/Work-FB/FB-2024-FarmBonnox/20240819_113929.jpg
PIC_THUMBNAIL cache_lookup result=hit elapsed_us=2 uri=/run/media/peet/Data-500GB/Work-FB/FB-2024-FarmBonnox/20240819_113921.jpg
PIC_THUMBNAIL cache_lookup result=hit elapsed_us=3 uri=/run/media/peet/Data-500GB/Work-FB/FB-2024-FarmBonnox/20240819_113919.jpg
PIC_THUMBNAIL cache_lookup result=hit elapsed_us=2 uri=/run/media/peet/Data-500GB/Work-FB/FB-2024-FarmBonnox/20240819_113839.jpg
PIC_THUMBNAIL cache_lookup result=hit elapsed_us=2 uri=/run/media/peet/Data-500GB/Work-FB/FB-2024-FarmBonnox/20240819_113827.jpg
PIC_THUMBNAIL cache_lookup result=hit elapsed_us=2 uri=/run/media/peet/Data-500GB/Work-FB/FB-2024-FarmBonnox/20240819_113823.jpg
PIC_THUMBNAIL cache_lookup result=hit elapsed_us=2 uri=/run/media/peet/Data-500GB/Work-FB/FB-2024-FarmBonnox/20240819_113816.jpg
PIC_THUMBNAIL cache_lookup result=hit elapsed_us=2 uri=/run/media/peet/Data-500GB/Work-FB/FB-2024-FarmBonnox/20240819_113813.jpg
PIC_THUMBNAIL cache_lookup result=hit elapsed_us=2 uri=/run/media/peet/Data-500GB/Work-FB/FB-2024-FarmBonnox/20240819_113806.jpg
PIC_THUMBNAIL cache_lookup result=hit elapsed_us=2 uri=/run/media/peet/Data-500GB/Work-FB/FB-2024-FarmBonnox/20240819_113723.jpg
PIC_THUMBNAIL cache_lookup result=hit elapsed_us=2 uri=/run/media/peet/Data-500GB/Work-FB/FB-2024-FarmBonnox/20240819_113719.jpg
PIC_THUMBNAIL cache_lookup result=hit elapsed_us=3 uri=/run/media/peet/Data-500GB/Work-FB/FB-2024-FarmBonnox/20240819_113716.jpg
PIC_THUMBNAIL cache_lookup result=hit elapsed_us=2 uri=/run/media/peet/Data-500GB/Work-FB/FB-2024-FarmBonnox/20240819_113710.jpg
PIC_THUMBNAIL cache_lookup result=hit elapsed_us=2 uri=/run/media/peet/Data-500GB/Work-FB/FB-2024-FarmBonnox/20240819_113658.jpg
PIC_THUMBNAIL cache_lookup result=hit elapsed_us=2 uri=/run/media/peet/Data-500GB/Work-FB/FB-2024-FarmBonnox/20240819_113650.jpg
PIC_THUMBNAIL cache_lookup result=hit elapsed_us=3 uri=/run/media/peet/Data-500GB/Meerkat Site Pictures/Meerkat Site Pics - Cellphone/Meerkat 200km Fence/20240815_135846.jpg
PIC_THUMBNAIL cache_lookup result=hit elapsed_us=2 uri=/run/media/peet/Data-500GB/Meerkat Site Pictures/Meerkat Site Pics - Cellphone/Meerkat 200km Fence/20240815_135815.jpg
PIC_THUMBNAIL cache_lookup result=hit elapsed_us=2 uri=/run/media/peet/Data-500GB/Meerkat Site Pictures/Meerkat Site Pics - Cellphone/Meerkat 200km Fence/20240815_135628.jpg
PIC_THUMBNAIL cache_lookup result=hit elapsed_us=2 uri=/run/media/peet/Data-500GB/Meerkat Site Pictures/Meerkat Site Pics - Cellphone/Meerkat 200km Fence/20240815_135617.jpg
PIC_THUMBNAIL cache_lookup result=hit elapsed_us=4 uri=/run/media/peet/Data-500GB/Meerkat Site Pictures/Meerkat Site Pics - Cellphone/Meerkat 200km Fence/20240815_122407.jpg
PIC_THUMBNAIL cache_lookup result=hit elapsed_us=4 uri=/run/media/peet/Data-500GB/Meerkat Site Pictures/Meerkat Site Pics - Cellphone/Meerkat 200km Fence/20240815_122402.jpg
PIC_THUMBNAIL cache_lookup result=hit elapsed_us=4 uri=/run/media/peet/Data-500GB/Meerkat Site Pictures/Meerkat Site Pics - Cellphone/Meerkat 200km Fence/20240815_122358.jpg
PIC_THUMBNAIL cache_lookup result=hit elapsed_us=2 uri=/run/media/peet/Data-500GB/Meerkat Site Pictures/Meerkat Site Pics - Cellphone/Meerkat 200km Fence/20240815_122353.jpg
PIC_THUMBNAIL cache_lookup result=hit elapsed_us=2 uri=/run/media/peet/Data-500GB/Meerkat Site Pictures/Meerkat Site Pics - Cellphone/Meerkat 200km Fence/20240815_122351.jpg
PIC_THUMBNAIL cache_lookup result=hit elapsed_us=2 uri=/run/media/peet/Data-500GB/Meerkat Site Pictures/Meerkat Site Pics - Cellphone/Meerkat 200km Fence/20240815_110314.jpg
PIC_THUMBNAIL cache_lookup result=hit elapsed_us=2 uri=/run/media/peet/Data-500GB/Meerkat Site Pictures/Meerkat Site Pics - Cellphone/Meerkat 200km Fence/20240815_110302.jpg
PIC_THUMBNAIL cache_lookup result=hit elapsed_us=2 uri=/run/media/peet/Data-500GB/Meerkat Site Pictures/Meerkat Site Pics - Cellphone/Meerkat 200km Fence/20240815_110252.jpg
PIC_THUMBNAIL cache_lookup result=hit elapsed_us=3 uri=/run/media/peet/Data-500GB/Meerkat Site Pictures/Meerkat Site Pics - Cellphone/Meerkat 200km Fence/20240815_110113.jpg
PIC_THUMBNAIL cache_lookup result=hit elapsed_us=3 uri=/run/media/peet/Data-500GB/Meerkat Site Pictures/Meerkat Site Pics - Cellphone/Meerkat 200km Fence/20240815_110103.jpg
PIC_THUMBNAIL cache_lookup result=hit elapsed_us=3 uri=/run/media/peet/Data-500GB/Meerkat Site Pictures/Meerkat Site Pics - Cellphone/Meerkat 200km Fence/20240815_105408.jpg
PIC_THUMBNAIL cache_lookup result=hit elapsed_us=4 uri=/run/media/peet/Data-500GB/Meerkat Site Pictures/Meerkat Site Pics - Cellphone/Meerkat 200km Fence/20240815_103909.jpg
PIC_THUMBNAIL cache_lookup result=hit elapsed_us=3 uri=/run/media/peet/Data-500GB/Meerkat Site Pictures/Meerkat Site Pics - Cellphone/Meerkat 200km Fence/20240815_103908.jpg
PIC_THUMBNAIL cache_lookup result=hit elapsed_us=3 uri=/run/media/peet/Data-500GB/Meerkat Site Pictures/Meerkat Site Pics - Cellphone/Meerkat 200km Fence/20240815_103905.jpg
PIC_THUMBNAIL cache_lookup result=hit elapsed_us=3 uri=/run/media/peet/Data-500GB/Meerkat Site Pictures/Meerkat Site Pics - Cellphone/Meerkat 200km Fence/20240815_103615.jpg
PIC_THUMBNAIL cache_lookup result=hit elapsed_us=4 uri=/run/media/peet/Data-500GB/Meerkat Site Pictures/Meerkat Site Pics - Cellphone/Meerkat 200km Fence/20240815_094325.jpg
PIC_THUMBNAIL cache_lookup result=hit elapsed_us=3 uri=/run/media/peet/Data-500GB/Meerkat Site Pictures/Meerkat Site Pics - Cellphone/Meerkat 200km Fence/20240815_094100.jpg
PIC_THUMBNAIL cache_lookup result=hit elapsed_us=4 uri=/run/media/peet/Data-500GB/Meerkat Site Pictures/Meerkat Site Pics - Cellphone/Meerkat 200km Fence/20240815_092056.jpg
PIC_THUMBNAIL cache_lookup result=hit elapsed_us=3 uri=/run/media/peet/Data-500GB/Meerkat Site Pictures/Meerkat Site Pics - Cellphone/Meerkat 200km Fence/20240815_092047.jpg
PIC_THUMBNAIL cache_lookup result=hit elapsed_us=3 uri=/run/media/peet/Data-500GB/Meerkat Site Pictures/Meerkat Site Pics - Cellphone/Meerkat 200km Fence/20240815_092037.jpg
PIC_THUMBNAIL cache_lookup result=hit elapsed_us=4 uri=/run/media/peet/Data-500GB/Meerkat Site Pictures/Meerkat Site Pics - Cellphone/Meerkat 200km Fence/20240815_091943.jpg
PIC_THUMBNAIL cache_lookup result=hit elapsed_us=4 uri=/run/media/peet/Data-500GB/Meerkat Site Pictures/Meerkat Site Pics - Cellphone/Meerkat 200km Fence/20240815_073211.jpg
PIC_THUMBNAIL cache_lookup result=hit elapsed_us=4 uri=/run/media/peet/Data-500GB/Meerkat Site Pictures/Meerkat Site Pics - Cellphone/Meerkat 200km Fence/20240815_073155.jpg
PIC_THUMBNAIL cache_lookup result=hit elapsed_us=4 uri=/run/media/peet/Data-500GB/Meerkat Site Pictures/Meerkat Site Pics - Cellphone/Meerkat 200km Fence/20240814_115605.jpg
PIC_THUMBNAIL cache_lookup result=hit elapsed_us=3 uri=/run/media/peet/Data-500GB/Meerkat Site Pictures/Meerkat Site Pics - Cellphone/Meerkat 200km Fence/20240814_115444.jpg
PIC_THUMBNAIL cache_lookup result=hit elapsed_us=4 uri=/run/media/peet/Data-500GB/Meerkat Site Pictures/Meerkat Site Pics - Cellphone/Meerkat 200km Fence/20240814_115441.jpg
PIC_THUMBNAIL cache_lookup result=hit elapsed_us=4 uri=/run/media/peet/Data-500GB/Meerkat Site Pictures/Meerkat Site Pics - Cellphone/Meerkat 200km Fence/20240814_105400.jpg
PIC_THUMBNAIL cache_lookup result=hit elapsed_us=4 uri=/run/media/peet/Data-500GB/Meerkat Site Pictures/Meerkat Site Pics - Cellphone/Meerkat 200km Fence/20240814_105358.jpg
PIC_THUMBNAIL cache_lookup result=hit elapsed_us=4 uri=/run/media/peet/Data-500GB/Meerkat Site Pictures/Meerkat Site Pics - Cellphone/Meerkat 200km Fence/20240814_105247.jpg
PIC_THUMBNAIL cache_lookup result=hit elapsed_us=4 uri=/run/media/peet/Data-500GB/Meerkat Site Pictures/Meerkat Site Pics - Cellphone/Meerkat 200km Fence/20240814_105244.jpg
PIC_THUMBNAIL cache_lookup result=hit elapsed_us=4 uri=/run/media/peet/Data-500GB/Meerkat Site Pictures/Meerkat Site Pics - Cellphone/Meerkat 200km Fence/20240814_104755.jpg
PIC_THUMBNAIL cache_lookup result=hit elapsed_us=4 uri=/run/media/peet/Data-500GB/Meerkat Site Pictures/Meerkat Site Pics - Cellphone/Meerkat 200km Fence/20240814_103202.jpg
PIC_THUMBNAIL cache_lookup result=hit elapsed_us=4 uri=/run/media/peet/Data-500GB/Meerkat Site Pictures/Meerkat Site Pics - Cellphone/Meerkat 200km Fence/20240814_101941.jpg
PIC_THUMBNAIL cache_lookup result=hit elapsed_us=4 uri=/run/media/peet/Data-500GB/Meerkat Site Pictures/Meerkat Site Pics - Cellphone/Meerkat 200km Fence/20240814_101938.jpg
PIC_THUMBNAIL cache_lookup result=hit elapsed_us=4 uri=/run/media/peet/Data-500GB/Meerkat Site Pictures/Meerkat Site Pics - Cellphone/Meerkat 200km Fence/20240814_095833.jpg
PIC_THUMBNAIL cache_lookup result=hit elapsed_us=4 uri=/run/media/peet/Data-500GB/Meerkat Site Pictures/Meerkat Site Pics - Cellphone/Meerkat 200km Fence/20240814_095805.jpg
PIC_THUMBNAIL cache_lookup result=hit elapsed_us=4 uri=/run/media/peet/Data-500GB/Meerkat Site Pictures/Meerkat Site Pics - Cellphone/Meerkat 200km Fence/20240814_095800.jpg
PIC_THUMBNAIL cache_lookup result=hit elapsed_us=4 uri=/run/media/peet/Data-500GB/Meerkat Site Pictures/Meerkat Site Pics - Cellphone/Meerkat 200km Fence/20240814_095503.jpg
PIC_THUMBNAIL cache_lookup result=hit elapsed_us=4 uri=/run/media/peet/Data-500GB/Meerkat Site Pictures/Meerkat Site Pics - Cellphone/Meerkat 200km Fence/20240814_094323.jpg
PIC_THUMBNAIL cache_lookup result=hit elapsed_us=4 uri=/run/media/peet/Data-500GB/Meerkat Site Pictures/Meerkat Site Pics - Cellphone/Meerkat 200km Fence/20240814_094227.jpg
PIC_THUMBNAIL cache_lookup result=hit elapsed_us=2 uri=/run/media/peet/Data-500GB/Work-FB/FB-2024-NMU-Entrance/20240807_105733.jpg
PIC_THUMBNAIL cache_lookup result=hit elapsed_us=2 uri=/run/media/peet/Data-500GB/Work-FB/FB-2024-NMU-Entrance/20240807_105721.jpg
PIC_THUMBNAIL cache_lookup result=hit elapsed_us=3 uri=/run/media/peet/Data-500GB/Work-FB/FB-2024-NMU-Entrance/20240807_105707.jpg
PIC_THUMBNAIL cache_lookup result=hit elapsed_us=3 uri=/run/media/peet/Data-500GB/Work-FB/FB-2024-NMU-Entrance/20240807_103222.jpg
PIC_THUMBNAIL cache_lookup result=hit elapsed_us=3 uri=/run/media/peet/Data-500GB/Work-FB/FB-2024-NMU-Entrance/20240806_140719.jpg
PIC_THUMBNAIL cache_lookup result=hit elapsed_us=2 uri=/run/media/peet/Data-500GB/Work-FB/FB-2024-NMU-Entrance/20240806_140713.jpg
PIC_THUMBNAIL cache_lookup result=hit elapsed_us=2 uri=/run/media/peet/Data-500GB/Work-FB/FB-2024-NMU-Entrance/20240806_140710.jpg
PIC_THUMBNAIL cache_lookup result=hit elapsed_us=2 uri=/run/media/peet/Data-500GB/Work-FB/FB-2024-NMU-Entrance/20240806_140636.jpg
PIC_THUMBNAIL cache_lookup result=hit elapsed_us=2 uri=/run/media/peet/Data-500GB/Work-FB/FB-2024-NMU-Entrance/20240806_140629.jpg
PIC_THUMBNAIL cache_lookup result=hit elapsed_us=2 uri=/run/media/peet/Data-500GB/Work-FB/FB-2024-NMU-Entrance/20240806_140626.jpg
PIC_THUMBNAIL cache_lookup result=hit elapsed_us=2 uri=/run/media/peet/Data-500GB/Work-FB/FB-2024-NMU-Entrance/20240806_140611.jpg
PIC_THUMBNAIL cache_lookup result=hit elapsed_us=2 uri=/run/media/peet/Data-500GB/Work-FB/FB-2024-NMU-Entrance/20240806_140609.jpg
PIC_THUMBNAIL cache_lookup result=hit elapsed_us=2 uri=/run/media/peet/Data-500GB/Work-FB/FB-2024-NMU-Entrance/20240806_140605.jpg
PIC_THUMBNAIL cache_lookup result=hit elapsed_us=2 uri=/run/media/peet/Data-500GB/Work-FB/FB-2024-NMU-Entrance/20240806_140548.jpg
PIC_THUMBNAIL cache_lookup result=hit elapsed_us=2 uri=/run/media/peet/Data-500GB/Work-FB/FB-2024-NMU-Entrance/20240806_140544.jpg
PIC_THUMBNAIL cache_lookup result=hit elapsed_us=3 uri=/run/media/peet/Data-500GB/Work-FB/FB-2024-NMU-Entrance/20240806_140541.jpg
PIC_THUMBNAIL cache_lookup result=hit elapsed_us=3 uri=/run/media/peet/Data-500GB/Work-FB/FB-2024-NMU-Entrance/20240806_140533.jpg
PIC_THUMBNAIL cache_lookup result=hit elapsed_us=3 uri=/run/media/peet/Data-500GB/Work-FB/FB-2024-KPMG-Parkland Fence/20240806_133837.jpg
PIC_THUMBNAIL cache_lookup result=hit elapsed_us=3 uri=/run/media/peet/Data-500GB/Work-FB/FB-2024-KPMG-Parkland Fence/20240806_133832.jpg
PIC_THUMBNAIL cache_lookup result=hit elapsed_us=3 uri=/run/media/peet/Data-500GB/Work-FB/FB-2024-KPMG-Parkland Fence/20240806_133826.jpg
PIC_THUMBNAIL cache_lookup result=hit elapsed_us=2 uri=/run/media/peet/Data-500GB/Work-FB/FB-2024-KPMG-Parkland Fence/20240806_133801.jpg
PIC_THUMBNAIL cache_lookup result=hit elapsed_us=2 uri=/run/media/peet/Data-500GB/Work-FB/FB-2024-KPMG-Parkland Fence/20240806_133754.jpg
PIC_THUMBNAIL cache_lookup result=hit elapsed_us=3 uri=/run/media/peet/Data-500GB/Work-FB/FB-2024-KPMG-Parkland Fence/20240806_133746.jpg
PIC_THUMBNAIL cache_lookup result=hit elapsed_us=2 uri=/run/media/peet/Data-500GB/Work-FB/FB-2024-KPMG-Parkland Fence/20240806_133743.jpg
PIC_THUMBNAIL cache_lookup result=hit elapsed_us=2 uri=/run/media/peet/Data-500GB/Work-FB/FB-2024-KPMG-Parkland Fence/20240806_133728.jpg
PIC_THUMBNAIL cache_lookup result=hit elapsed_us=2 uri=/run/media/peet/Data-500GB/Work-FB/FB-2024-KPMG-Parkland Fence/20240806_133705.jpg
PIC_THUMBNAIL cache_lookup result=hit elapsed_us=3 uri=/run/media/peet/Data-500GB/Work-FB/FB-2024-KPMG-Parkland Fence/20240806_133654.jpg
PIC_THUMBNAIL cache_lookup result=hit elapsed_us=2 uri=/run/media/peet/Data-500GB/Work-FB/FB-2024-KPMG-Parkland Fence/20240806_133648.jpg
PIC_THUMBNAIL cache_lookup result=hit elapsed_us=2 uri=/run/media/peet/Data-500GB/Work-FB/FB-2024-KPMG-Parkland Fence/20240806_133637.jpg
PIC_THUMBNAIL cache_lookup result=hit elapsed_us=3 uri=/run/media/peet/Data-500GB/Work-FB/FB-2024-KPMG-Parkland Fence/20240806_133627.jpg
PIC_THUMBNAIL cache_lookup result=hit elapsed_us=2 uri=/run/media/peet/Data-500GB/Work-FB/FB-2024-KPMG-Parkland Fence/20240806_133622.jpg
PIC_THUMBNAIL cache_lookup result=hit elapsed_us=2 uri=/run/media/peet/Data-500GB/Work-FB/FB-2024-KPMG-Parkland Fence/20240806_133610.jpg
PIC_THUMBNAIL cache_lookup result=hit elapsed_us=2 uri=/run/media/peet/Data-500GB/Work-FB/FB-2024-KPMG-Parkland Fence/20240806_133601.jpg
PIC_THUMBNAIL cache_lookup result=hit elapsed_us=3 uri=/run/media/peet/Data-500GB/Work-FB/FB-2024-KPMG-Parkland Fence/20240806_133557.jpg
PIC_THUMBNAIL cache_lookup result=hit elapsed_us=3 uri=/run/media/peet/Data-500GB/Work-FB/FB-2024-64 Pickering-ClearVu Fence/ClearVu Fence - Hyman Master Fence (1).jpg
PIC_THUMBNAIL cache_lookup result=hit elapsed_us=2 uri=/run/media/peet/Data-500GB/Work-FB/FB-2024-64 Pickering-ClearVu Fence/ClearVu Fence - Hyman Master Fence (8).jpg
PIC_THUMBNAIL cache_lookup result=hit elapsed_us=2 uri=/run/media/peet/Data-500GB/Work-FB/FB-2024-64 Pickering-ClearVu Fence/ClearVu Fence - Hyman Master Fence (7).jpg
PIC_THUMBNAIL cache_lookup result=hit elapsed_us=3 uri=/run/media/peet/Data-500GB/Work-FB/FB-2024-64 Pickering-ClearVu Fence/ClearVu Fence - Hyman Master Fence (6).jpg
PIC_THUMBNAIL cache_lookup result=hit elapsed_us=2 uri=/run/media/peet/Data-500GB/Work-FB/FB-2024-64 Pickering-ClearVu Fence/ClearVu Fence - Hyman Master Fence (5).jpg
PIC_THUMBNAIL cache_lookup result=hit elapsed_us=3 uri=/run/media/peet/Data-500GB/Work-FB/FB-2024-64 Pickering-ClearVu Fence/ClearVu Fence - Hyman Master Fence (4).jpg
PIC_THUMBNAIL cache_lookup result=hit elapsed_us=2 uri=/run/media/peet/Data-500GB/Work-FB/FB-2024-64 Pickering-ClearVu Fence/ClearVu Fence - Hyman Master Fence (3).jpg
PIC_THUMBNAIL cache_lookup result=hit elapsed_us=2 uri=/run/media/peet/Data-500GB/Work-FB/FB-2024-64 Pickering-ClearVu Fence/ClearVu Fence - Hyman Master Fence (2).jpg
PIC_THUMBNAIL cache_lookup result=hit elapsed_us=3 uri=/run/media/peet/Data-500GB/Work-FB/FB-2024-High Security Mesch Fence/20240806_124822.jpg
PIC_THUMBNAIL cache_lookup result=hit elapsed_us=2 uri=/run/media/peet/Data-500GB/Work-FB/FB-2024-High Security Mesch Fence/20240806_124816.jpg
PIC_THUMBNAIL cache_lookup result=hit elapsed_us=3 uri=/run/media/peet/Data-500GB/Work-FB/FB-2024-High Security Mesch Fence/20240806_124805.jpg
PIC_THUMBNAIL cache_lookup result=hit elapsed_us=2 uri=/run/media/peet/Data-500GB/Work-FB/FB-2024-High Security Mesch Fence/20240806_124747.jpg
PIC_THUMBNAIL cache_lookup result=hit elapsed_us=3 uri=/run/media/peet/Data-500GB/Work-FB/FB-2024-High Security Mesch Fence/20240806_124740.jpg
PIC_THUMBNAIL cache_lookup result=hit elapsed_us=2 uri=/run/media/peet/Data-500GB/Work-FB/FB-2024-High Security Mesch Fence/20240806_124726.jpg
PIC_THUMBNAIL cache_lookup result=hit elapsed_us=3 uri=/run/media/peet/Data-500GB/Work-FB/FB-2024-NMMU/20240710_132653.jpg
PIC_THUMBNAIL cache_lookup result=hit elapsed_us=2 uri=/run/media/peet/Data-500GB/Work-FB/FB-2024-NMMU/20240710_132638.jpg
PIC_THUMBNAIL cache_lookup result=hit elapsed_us=2 uri=/run/media/peet/Data-500GB/Work-FB/FB-2024-NMMU/20240710_132629.jpg
PIC_THUMBNAIL cache_lookup result=hit elapsed_us=2 uri=/run/media/peet/Data-500GB/Work-FB/FB-2024-NMMU/20240710_132620.jpg
PIC_THUMBNAIL cache_lookup result=hit elapsed_us=3 uri=/run/media/peet/Data-500GB/Work-FB/FB-2024-NMMU/20240710_132613.jpg
PIC_THUMBNAIL cache_lookup result=hit elapsed_us=2 uri=/run/media/peet/Data-500GB/Work-FB/FB-2024-NMMU/20240710_132610.jpg
PIC_THUMBNAIL cache_lookup result=hit elapsed_us=2 uri=/run/media/peet/Data-500GB/Work-FB/FB-2024-Wik-Padel/IMG-20240524-WA0100.jpg
PIC_THUMBNAIL cache_lookup result=hit elapsed_us=2 uri=/run/media/peet/Data-500GB/Work-FB/FB-2024-Wik-Padel/IMG-20240524-WA0101.jpg
PIC_THUMBNAIL cache_lookup result=hit elapsed_us=3 uri=/run/media/peet/Data-500GB/Work-FB/FB-2024-Wik-Padel/IMG-20240524-WA0102.jpg
PIC_THUMBNAIL cache_lookup result=hit elapsed_us=2 uri=/run/media/peet/Data-500GB/Work-FB/FB-2024-Wik-Padel/IMG-20240524-WA0103.jpg
PIC_THUMBNAIL cache_lookup result=hit elapsed_us=2 uri=/run/media/peet/Data-500GB/Work-FB/FB-2024-Wik-Padel/IMG-20240524-WA0104.jpg
PIC_THUMBNAIL cache_lookup result=hit elapsed_us=2 uri=/run/media/peet/Data-500GB/Work-FB/FB-2024-Wik-Padel/IMG-20240524-WA0105.jpg
PIC_THUMBNAIL cache_lookup result=hit elapsed_us=3 uri=/run/media/peet/Data-500GB/Work-FB/FB-2024-NG Kerk BlueWBay/20240703_081246.jpg
PIC_THUMBNAIL cache_lookup result=hit elapsed_us=2 uri=/run/media/peet/Data-500GB/Work-FB/FB-2024-NG Kerk BlueWBay/20240703_081237.jpg
PIC_THUMBNAIL cache_lookup result=hit elapsed_us=3 uri=/run/media/peet/Data-500GB/Work-FB/FB-2024-NG Kerk BlueWBay/20240703_081211.jpg
PIC_THUMBNAIL cache_lookup result=hit elapsed_us=3 uri=/run/media/peet/Data-500GB/Work-FB/FB-2024-NG Kerk BlueWBay/20240703_081205.jpg
PIC_THUMBNAIL cache_lookup result=hit elapsed_us=2 uri=/run/media/peet/Data-500GB/Work-FB/FB-2024-NG Kerk BlueWBay/20240703_081158.jpg
PIC_THUMBNAIL cache_lookup result=hit elapsed_us=2 uri=/run/media/peet/Data-500GB/Work-FB/FB-2024-NG Kerk BlueWBay/20240703_081142.jpg
PIC_THUMBNAIL cache_lookup result=hit elapsed_us=2 uri=/run/media/peet/Data-500GB/Work-FB/FB-2024-NG Kerk BlueWBay/20240703_080110.jpg
PIC_THUMBNAIL cache_lookup result=hit elapsed_us=2 uri=/run/media/peet/Data-500GB/Work-FB/FB-2024-NG Kerk BlueWBay/20240703_080101.jpg
PIC_THUMBNAIL cache_lookup result=hit elapsed_us=2 uri=/run/media/peet/Data-500GB/Work-FB/FB-2024-NG Kerk BlueWBay/20240703_080031.jpg
PIC_THUMBNAIL cache_lookup result=hit elapsed_us=2 uri=/run/media/peet/Data-500GB/Work-FB/FB-2024-NG Kerk BlueWBay/20240703_080014.jpg
PIC_THUMBNAIL cache_lookup result=hit elapsed_us=2 uri=/run/media/peet/Data-500GB/Work-FB/FB-2024-NG Kerk BlueWBay/20240703_080007.jpg
PIC_THUMBNAIL cache_lookup result=hit elapsed_us=3 uri=/run/media/peet/Data-500GB/Work-FB/FB-2024-NG Kerk BlueWBay/20240703_075933.jpg
PIC_THUMBNAIL cache_lookup result=hit elapsed_us=2 uri=/run/media/peet/Data-500GB/Work-FB/FB-2024-NG Kerk BlueWBay/20240703_075655.jpg
PIC_THUMBNAIL cache_lookup result=hit elapsed_us=3 uri=/run/media/peet/Data-500GB/Work-FB/FB-2024-NG Kerk BlueWBay/20240703_075649.jpg
PIC_THUMBNAIL cache_lookup result=hit elapsed_us=3 uri=/run/media/peet/Data-500GB/Work-FB/FB-2024-NG Kerk BlueWBay/20240703_075633.jpg
PIC_THUMBNAIL cache_lookup result=hit elapsed_us=3 uri=/run/media/peet/Data-500GB/Work-FB/FB-2024-NG Kerk BlueWBay/20240703_075604.jpg
PIC_THUMBNAIL cache_lookup result=hit elapsed_us=3 uri=/run/media/peet/Data-500GB/Work-FB/FB-2024-NG Kerk BlueWBay/20240703_075543.jpg
PIC_THUMBNAIL cache_lookup result=hit elapsed_us=3 uri=/run/media/peet/Data-500GB/Work-FB/FB-2024-NG Kerk BlueWBay/20240703_075518.jpg
PIC_THUMBNAIL cache_lookup result=hit elapsed_us=3 uri=/run/media/peet/Data-500GB/Work-FB/FB-2024-NG Kerk BlueWBay/20240703_075505.jpg
PIC_THUMBNAIL cache_lookup result=hit elapsed_us=3 uri=/run/media/peet/Data-500GB/Work-FB/FB-2024-NG Kerk BlueWBay/20240703_075442.jpg
PIC_THUMBNAIL cache_lookup result=hit elapsed_us=2 uri=/run/media/peet/Data-500GB/Work-FB/FB-2024-NG Kerk BlueWBay/20240703_075432.jpg
PIC_THUMBNAIL cache_lookup result=hit elapsed_us=2 uri=/run/media/peet/Data-500GB/Work-FB/FB-2024-CarPort/20240626_134004.jpg
PIC_THUMBNAIL cache_lookup result=hit elapsed_us=3 uri=/run/media/peet/Data-500GB/Work-FB/FB-2024-CarPort/20240626_134000.jpg
PIC_THUMBNAIL cache_lookup result=hit elapsed_us=2 uri=/run/media/peet/Data-500GB/Work-FB/FB-2024-CarPort/20240626_133946.jpg
PIC_THUMBNAIL cache_lookup result=hit elapsed_us=2 uri=/run/media/peet/Data-500GB/Work-FB/FB-2024-CarPort/20240626_133831.jpg
PIC_THUMBNAIL cache_lookup result=hit elapsed_us=2 uri=/run/media/peet/Data-500GB/Work-FB/FB-2024-Barrow-Eva-Last Gate/20240625_160128.jpg
PIC_THUMBNAIL cache_lookup result=hit elapsed_us=2 uri=/run/media/peet/Data-500GB/Work-FB/FB-2024-Barrow-Eva-Last Gate/20240625_160112.jpg
PIC_THUMBNAIL cache_lookup result=hit elapsed_us=2 uri=/run/media/peet/Data-500GB/Work-FB/FB-2024-Barrow-Eva-Last Gate/20240625_160101.jpg
PIC_THUMBNAIL cache_lookup result=hit elapsed_us=2 uri=/run/media/peet/Data-500GB/Work-FB/FB-2024-Barrow-Eva-Last Gate/20240625_160047.jpg
PIC_THUMBNAIL cache_lookup result=hit elapsed_us=2 uri=/run/media/peet/Data-500GB/Work-FB/FB-2024-Barrow-Eva-Last Gate/20240625_160032.jpg
PIC_THUMBNAIL cache_lookup result=hit elapsed_us=2 uri=/run/media/peet/Data-500GB/Work-FB/FB-2024-Collegiate/20240611_104201.jpg
PIC_THUMBNAIL cache_lookup result=hit elapsed_us=2 uri=/run/media/peet/Data-500GB/Work-FB/FB-2024-Collegiate/20240611_104155.jpg
PIC_THUMBNAIL cache_lookup result=hit elapsed_us=3 uri=/run/media/peet/Data-500GB/Work-FB/FB-2024-Collegiate/20240611_104145.jpg
PIC_THUMBNAIL cache_lookup result=hit elapsed_us=2 uri=/run/media/peet/Data-500GB/Work-FB/FB-2024-Collegiate/20240611_103928.jpg
PIC_THUMBNAIL cache_lookup result=hit elapsed_us=2 uri=/run/media/peet/Data-500GB/Work-FB/FB-2024-Collegiate/20240611_103919.jpg
PIC_THUMBNAIL cache_lookup result=hit elapsed_us=2 uri=/run/media/peet/Data-500GB/Work-FB/FB-2024-Collegiate/20240611_103912.jpg
PIC_THUMBNAIL cache_lookup result=hit elapsed_us=3 uri=/run/media/peet/Data-500GB/Work-FB/FB-2024-Collegiate/20240611_103907.jpg
PIC_THUMBNAIL cache_lookup result=hit elapsed_us=2 uri=/run/media/peet/Data-500GB/Work-FB/FB-2024-Collegiate/20240611_103857.jpg
PIC_THUMBNAIL cache_lookup result=hit elapsed_us=3 uri=/run/media/peet/Data-500GB/Work-FB/FB-2024-Collegiate/20240611_103847.jpg
PIC_THUMBNAIL cache_lookup result=hit elapsed_us=2 uri=/run/media/peet/Data-500GB/Work-FB/FB-2024-Collegiate/20240611_103815.jpg
PIC_THUMBNAIL cache_lookup result=hit elapsed_us=3 uri=/run/media/peet/Data-500GB/Work-FB/FB-2024-Collegiate/20240611_103737.jpg
PIC_THUMBNAIL cache_lookup result=hit elapsed_us=2 uri=/run/media/peet/Data-500GB/Work-FB/FB-2024-Collegiate/20240611_103729.jpg
PIC_THUMBNAIL cache_lookup result=hit elapsed_us=3 uri=/run/media/peet/Data-500GB/Work-FB/FB-2024-Gansevlei/20240522_161342.jpg
PIC_THUMBNAIL cache_lookup result=hit elapsed_us=3 uri=/run/media/peet/Data-500GB/Work-FB/FB-2024-Gansevlei/20240522_161119.jpg
PIC_THUMBNAIL cache_lookup result=hit elapsed_us=2 uri=/run/media/peet/Data-500GB/Work-FB/FB-2024-Gansevlei/20240522_161112.jpg
PIC_THUMBNAIL cache_lookup result=hit elapsed_us=2 uri=/run/media/peet/Data-500GB/Work-FB/FB-2024-ClearVu Engen on York Street - George/20240521_124900.jpg
PIC_THUMBNAIL cache_lookup result=hit elapsed_us=2 uri=/run/media/peet/Data-500GB/Work-FB/FB-2024-ClearVu Engen on York Street - George/20240521_124844.jpg
PIC_THUMBNAIL cache_lookup result=hit elapsed_us=2 uri=/run/media/peet/Data-500GB/Work-FB/FB-2024-ClearVu Engen on York Street - George/20240521_124839.jpg
PIC_THUMBNAIL cache_lookup result=hit elapsed_us=3 uri=/run/media/peet/Data-500GB/Work-FB/FB-2024-ClearVu Engen on York Street - George/20240521_124814-2.jpg
PIC_THUMBNAIL cache_lookup result=hit elapsed_us=2 uri=/run/media/peet/Data-500GB/Work-FB/FB-2024-ClearVu Engen on York Street - George/20240521_124814.jpg
PIC_THUMBNAIL cache_lookup result=hit elapsed_us=3 uri=/run/media/peet/Data-500GB/Work-FB/FB-2024-ClearVu Engen on York Street - George/20240521_124722.jpg
PIC_THUMBNAIL cache_lookup result=hit elapsed_us=2 uri=/run/media/peet/Data-500GB/Work-FB/FB-2024-George-Meadows/20240521_121459.jpg
PIC_THUMBNAIL cache_lookup result=hit elapsed_us=2 uri=/run/media/peet/Data-500GB/Work-FB/FB-2024-George-Meadows/20240521_121445.jpg
PIC_THUMBNAIL cache_lookup result=hit elapsed_us=2 uri=/run/media/peet/Data-500GB/Work-FB/FB-2024-George-Meadows/20240521_121428.jpg
PIC_THUMBNAIL cache_lookup result=hit elapsed_us=3 uri=/run/media/peet/Data-500GB/Work-FB/FB-2024-George-Meadows/20240521_121420.jpg
PIC_THUMBNAIL cache_lookup result=hit elapsed_us=2 uri=/run/media/peet/Data-500GB/Work-FB/FB-2024-George-Meadows/20240521_121412.jpg
PIC_THUMBNAIL cache_lookup result=hit elapsed_us=3 uri=/run/media/peet/Data-500GB/Work-FB/FB-2024-George-Meadows/20240521_121402.jpg
PIC_THUMBNAIL cache_lookup result=hit elapsed_us=2 uri=/run/media/peet/Data-500GB/Work-FB/FB-2024-George-Meadows/20240521_121242.jpg
PIC_THUMBNAIL cache_lookup result=hit elapsed_us=7 uri=/run/media/peet/Data-500GB/Work-FB/FB-2024-George-Meadows/20240521_121233.jpg
PIC_THUMBNAIL cache_lookup result=hit elapsed_us=4 uri=/run/media/peet/Data-500GB/Work-FB/FB-2024-George-Meadows/20240521_121205.jpg
PIC_THUMBNAIL cache_lookup result=hit elapsed_us=3 uri=/run/media/peet/Data-500GB/Work-FB/FB-2024-George-Meadows/20240521_121200.jpg
PIC_THUMBNAIL cache_lookup result=hit elapsed_us=4 uri=/run/media/peet/Data-500GB/Work-FB/FB-2024-George-Meadows/20240521_121127.jpg
PIC_THUMBNAIL cache_lookup result=hit elapsed_us=4 uri=/run/media/peet/Data-500GB/Work-FB/FB-2024-George-Meadows/20240521_121123.jpg
PIC_THUMBNAIL cache_lookup result=hit elapsed_us=4 uri=/run/media/peet/Data-500GB/Work-FB/FB-2024-George-Meadows/20240521_121054.jpg
PIC_THUMBNAIL cache_lookup result=hit elapsed_us=3 uri=/run/media/peet/Data-500GB/Work-FB/FB-2024-George-Meadows/20240521_121053.jpg
PIC_THUMBNAIL cache_lookup result=hit elapsed_us=3 uri=/run/media/peet/Data-500GB/Work-FB/FB-2024-George-Meadows/20240521_121049.jpg
PIC_THUMBNAIL cache_lookup result=hit elapsed_us=3 uri=/run/media/peet/Data-500GB/Work-FB/FB-2024-George-Meadows/20240521_120645.jpg
PIC_THUMBNAIL cache_lookup result=hit elapsed_us=3 uri=/run/media/peet/Data-500GB/Work-FB/FB-2024-Dana/20240521_120626.jpg
PIC_THUMBNAIL cache_lookup result=hit elapsed_us=4 uri=/run/media/peet/Data-500GB/Work-FB/FB-2024-George-Meadows/20240521_120626.jpg
PIC_THUMBNAIL cache_lookup result=hit elapsed_us=2 uri=/run/media/peet/Data-500GB/Work-FB/FB-2024-George-Meadows/20240521_120616.jpg
PIC_THUMBNAIL cache_lookup result=hit elapsed_us=3 uri=/run/media/peet/Data-500GB/Work-FB/FB-2024-Burgersdorp Sportsfield/20240515_133803.jpg
PIC_THUMBNAIL cache_lookup result=hit elapsed_us=2 uri=/run/media/peet/Data-500GB/Work-FB/FB-2024-Burgersdorp Sportsfield/20240515_132214.jpg
PIC_THUMBNAIL cache_lookup result=hit elapsed_us=2 uri=/run/media/peet/Data-500GB/Work-FB/FB-2024-Burgersdorp Sportsfield/20240515_132210.jpg
PIC_THUMBNAIL cache_lookup result=hit elapsed_us=3 uri=/run/media/peet/Data-500GB/Work-FB/FB-2024-Burgersdorp Sportsfield/20240515_132036.jpg
PIC_THUMBNAIL cache_lookup result=hit elapsed_us=2 uri=/run/media/peet/Data-500GB/Work-FB/FB-2024-Burgersdorp Sportsfield/20240515_131153.jpg
PIC_THUMBNAIL cache_lookup result=hit elapsed_us=2 uri=/run/media/peet/Data-500GB/Work-FB/FB-2024-Burgersdorp Sportsfield/20240515_131010.jpg
PIC_THUMBNAIL cache_lookup result=hit elapsed_us=3 uri=/run/media/peet/Data-500GB/Work-FB/FB-2024-Burgersdorp Sportsfield/20240515_131006.jpg
PIC_THUMBNAIL cache_lookup result=hit elapsed_us=2 uri=/run/media/peet/Data-500GB/Work-FB/FB-2024-Burgersdorp Sportsfield/20240515_130953.jpg
PIC_THUMBNAIL cache_lookup result=hit elapsed_us=4 uri=/run/media/peet/Data-500GB/Work-FB/FB-2024-Burgersdorp Sportsfield/20240515_130936.jpg
PIC_THUMBNAIL cache_lookup result=hit elapsed_us=4 uri=/run/media/peet/Data-500GB/Work-FB/FB-2024-Burgersdorp Sportsfield/20240515_130930.jpg
PIC_THUMBNAIL cache_lookup result=hit elapsed_us=4 uri=/run/media/peet/Data-500GB/Work-FB/FB-2024-Burgersdorp Sportsfield/20240515_130915.jpg
PIC_THUMBNAIL cache_lookup result=hit elapsed_us=4 uri=/run/media/peet/Data-500GB/Work-FB/FB-2024-Burgersdorp Sportsfield/20240515_130103.jpg
PIC_THUMBNAIL cache_lookup result=hit elapsed_us=3 uri=/run/media/peet/Data-500GB/Work-FB/FB-2024-Burgersdorp Sportsfield/20240515_130055.jpg
PIC_THUMBNAIL cache_lookup result=hit elapsed_us=2 uri=/run/media/peet/Data-500GB/Work-FB/FB-2024-PreCast Walls/20240513_132151.jpg
PIC_THUMBNAIL cache_lookup result=hit elapsed_us=2 uri=/run/media/peet/Data-500GB/Work-FB/FB-2024-PreCast Walls/20240513_132145.jpg
PIC_THUMBNAIL cache_lookup result=hit elapsed_us=2 uri=/run/media/peet/Data-500GB/Work-FB/FB-2024-PreCast Walls/20240513_132140.jpg
PIC_THUMBNAIL cache_lookup result=hit elapsed_us=4 uri=/run/media/peet/Data-500GB/Work-FB/FB-2024-PreCast Walls/20240513_132120.jpg
PIC_THUMBNAIL cache_lookup result=hit elapsed_us=4 uri=/run/media/peet/Data-500GB/Work-FB/FB-2024-PreCast Walls/20240513_132115.jpg
PIC_THUMBNAIL cache_lookup result=hit elapsed_us=4 uri=/run/media/peet/Data-500GB/Work-FB/FB-2024-PreCast Walls/20240513_132100.jpg
PIC_THUMBNAIL cache_lookup result=hit elapsed_us=4 uri=/run/media/peet/Data-500GB/Work-FB/FB-2024-PreCast Walls/20240513_132051.jpg
PIC_THUMBNAIL cache_lookup result=hit elapsed_us=4 uri=/run/media/peet/Data-500GB/Work-FB/FB-2026-Precast/20240513_132051.jpg
PIC_THUMBNAIL cache_lookup result=hit elapsed_us=3 uri=/run/media/peet/Data-500GB/Work-FB/FB-2024-PreCast Walls/20240513_132040.jpg
PIC_THUMBNAIL cache_lookup result=hit elapsed_us=4 uri=/run/media/peet/Data-500GB/Work-FB/FB-2024-PreCast Walls/20240513_132037.jpg
PIC_THUMBNAIL cache_lookup result=hit elapsed_us=3 uri=/run/media/peet/Data-500GB/Work-FB/FB-2024-PreCast Walls/20240513_132023.jpg
PIC_THUMBNAIL cache_lookup result=hit elapsed_us=2 uri=/run/media/peet/Data-500GB/Work-FB/FB-2024-Burgersdorp Sportsfield/20240509_110251.jpg
PIC_THUMBNAIL cache_lookup result=hit elapsed_us=3 uri=/run/media/peet/Data-500GB/Work-FB/FB-2024-Burgersdorp Sportsfield/20240509_110229.jpg
PIC_THUMBNAIL cache_lookup result=hit elapsed_us=2 uri=/run/media/peet/Data-500GB/Work-FB/FB-2024-Burgersdorp Sportsfield/20240509_110057.jpg
PIC_THUMBNAIL cache_lookup result=hit elapsed_us=3 uri=/run/media/peet/Data-500GB/Work-FB/FB-2024-Burgersdorp Sportsfield/20240509_110039.jpg
PIC_THUMBNAIL cache_lookup result=hit elapsed_us=3 uri=/run/media/peet/Data-500GB/Work-FB/FB-2024-Burgersdorp Sportsfield/20240509_110020.jpg
PIC_THUMBNAIL cache_lookup result=hit elapsed_us=4 uri=/run/media/peet/Data-500GB/Work-FB/FB-2024-Burgersdorp Sportsfield/20240509_105944.jpg
PIC_THUMBNAIL cache_lookup result=hit elapsed_us=4 uri=/run/media/peet/Data-500GB/Work-FB/FB-2024-Burgersdorp Sportsfield/20240509_105906.jpg
PIC_THUMBNAIL cache_lookup result=hit elapsed_us=4 uri=/run/media/peet/Data-500GB/Work-FB/FB-2024-Burgersdorp Sportsfield/20240509_105857.jpg
PIC_THUMBNAIL cache_lookup result=hit elapsed_us=4 uri=/run/media/peet/Data-500GB/Work-FB/FB-2024-Burgersdorp Sportsfield/20240506_152421.jpg
PIC_THUMBNAIL cache_lookup result=hit elapsed_us=5 uri=/run/media/peet/Data-500GB/Work-FB/FB-2024-Burgersdorp Sportsfield/20240426_091905.jpg
PIC_THUMBNAIL cache_lookup result=hit elapsed_us=4 uri=/run/media/peet/Data-500GB/Work-FB/FB-2024-Burgersdorp Sportsfield/20240426_091818.jpg
PIC_THUMBNAIL cache_lookup result=hit elapsed_us=4 uri=/run/media/peet/Data-500GB/Work-FB/FB-2024-Dana/20240423_125711.jpg
PIC_THUMBNAIL cache_lookup result=hit elapsed_us=4 uri=/run/media/peet/Data-500GB/Work-FB/FB-2024-Dana/20240423_125704.jpg
PIC_THUMBNAIL cache_lookup result=hit elapsed_us=4 uri=/run/media/peet/Data-500GB/Work-FB/FB-2024-Dana/20240423_125646.jpg
PIC_THUMBNAIL cache_lookup result=hit elapsed_us=3 uri=/run/media/peet/Data-500GB/Work-FB/FB-2024-Dana/20240423_125636.jpg
PIC_THUMBNAIL cache_lookup result=hit elapsed_us=4 uri=/run/media/peet/Data-500GB/Work-FB/FB-2024-Dana/20240423_125631.jpg
PIC_THUMBNAIL cache_lookup result=hit elapsed_us=4 uri=/run/media/peet/Data-500GB/Work-FB/FB-2024-Dana/20240423_125619.jpg
PIC_THUMBNAIL cache_lookup result=hit elapsed_us=4 uri=/run/media/peet/Data-500GB/Work-FB/FB-2024-Dana/20240423_125518.jpg
PIC_THUMBNAIL cache_lookup result=hit elapsed_us=3 uri=/run/media/peet/Data-500GB/Work-FB/FB-2024-Dana/20240423_125513.jpg
PIC_THUMBNAIL cache_lookup result=hit elapsed_us=2 uri=/run/media/peet/Data-500GB/Work-FB/FB-2024-Dana/20240423_125448.jpg
PIC_THUMBNAIL cache_lookup result=hit elapsed_us=2 uri=/run/media/peet/Data-500GB/Work-FB/FB-2024-Dana/20240423_125435.jpg
PIC_THUMBNAIL cache_lookup result=hit elapsed_us=4 uri=/run/media/peet/Data-500GB/Work-FB/FB-2024-Dana/20240423_125421.jpg
PIC_THUMBNAIL cache_lookup result=hit elapsed_us=4 uri=/run/media/peet/Data-500GB/Work-FB/FB-2024-Dana/20240423_125415.jpg
PIC_THUMBNAIL cache_lookup result=hit elapsed_us=3 uri=/run/media/peet/Data-500GB/Work-FB/FB-2024-Dana/20240423_125331.jpg
PIC_THUMBNAIL cache_lookup result=hit elapsed_us=4 uri=/run/media/peet/Data-500GB/Work-FB/FB-2024-Dana/20240423_125253.jpg
PIC_THUMBNAIL cache_lookup result=hit elapsed_us=2 uri=/run/media/peet/Data-500GB/Work-FB/FB-2024-Dana/20240423_125242.jpg
PIC_THUMBNAIL cache_lookup result=hit elapsed_us=2 uri=/run/media/peet/Data-500GB/Work-FB/FB-2024-Dana/20240423_125223.jpg
PIC_THUMBNAIL cache_lookup result=hit elapsed_us=4 uri=/run/media/peet/Data-500GB/Work-FB/FB-2024-Dana/20240423_125221.jpg
PIC_THUMBNAIL cache_lookup result=hit elapsed_us=4 uri=/run/media/peet/Data-500GB/Work-FB/FB-2024-Dana/20240423_125006.jpg
PIC_THUMBNAIL cache_lookup result=hit elapsed_us=4 uri=/run/media/peet/Data-500GB/Work-FB/FB-2024-Dana/20240423_124952.jpg
PIC_THUMBNAIL cache_lookup result=hit elapsed_us=4 uri=/run/media/peet/Data-500GB/Work-FB/FB-2024-Dana/20240423_124944.jpg
PIC_THUMBNAIL cache_lookup result=hit elapsed_us=2 uri=/run/media/peet/Data-500GB/Work-FB/FB-2024-Dana/20240423_121721.jpg
PIC_THUMBNAIL cache_lookup result=hit elapsed_us=2 uri=/run/media/peet/Data-500GB/Work-FB/FB-2024-Dana/20240423_121643.jpg
PIC_THUMBNAIL cache_lookup result=hit elapsed_us=2 uri=/run/media/peet/Data-500GB/Work-FB/FB-2024-CPT-Uitkyk/Farm Project (185).jpg
PIC_THUMBNAIL cache_lookup result=hit elapsed_us=2 uri=/run/media/peet/Data-500GB/Work-FB/FB-2024-CPT-Uitkyk/Farm Project (184).jpg
PIC_THUMBNAIL cache_lookup result=hit elapsed_us=2 uri=/run/media/peet/Data-500GB/Work-FB/FB-2024-CPT-Uitkyk/Farm Project (183).jpg
PIC_THUMBNAIL cache_lookup result=hit elapsed_us=2 uri=/run/media/peet/Data-500GB/Work-FB/FB-2024-CPT-Uitkyk/Farm Project (182).jpg
PIC_THUMBNAIL cache_lookup result=hit elapsed_us=2 uri=/run/media/peet/Data-500GB/Work-FB/FB-2024-CPT-Uitkyk/Farm Project (181).jpg
PIC_THUMBNAIL cache_lookup result=hit elapsed_us=2 uri=/run/media/peet/Data-500GB/Work-FB/FB-2024-CPT-Uitkyk/Farm Project (180).jpg
PIC_THUMBNAIL cache_lookup result=hit elapsed_us=2 uri=/run/media/peet/Data-500GB/Work-FB/FB-2024-CPT-Uitkyk/Farm Project (179).jpg
PIC_THUMBNAIL cache_lookup result=hit elapsed_us=3 uri=/run/media/peet/Data-500GB/Work-FB/FB-2024-CPT-Uitkyk/Farm Project (178).jpg
PIC_THUMBNAIL cache_lookup result=hit elapsed_us=2 uri=/run/media/peet/Data-500GB/Work-FB/FB-2024-CPT-Uitkyk/Farm Project (177).jpg
PIC_THUMBNAIL cache_lookup result=hit elapsed_us=3 uri=/run/media/peet/Data-500GB/Work-FB/FB-2024-CPT-Uitkyk/Farm Project (176).jpg
PIC_THUMBNAIL cache_lookup result=hit elapsed_us=2 uri=/run/media/peet/Data-500GB/Work-FB/FB-2024-CPT-Uitkyk/Farm Project (175).jpg
PIC_THUMBNAIL cache_lookup result=hit elapsed_us=3 uri=/run/media/peet/Data-500GB/Work-FB/FB-2024-CPT-Uitkyk/Farm Project (174).jpg
PIC_THUMBNAIL cache_lookup result=hit elapsed_us=2 uri=/run/media/peet/Data-500GB/Work-FB/FB-2024-CPT-Uitkyk/Farm Project (173).jpg
PIC_THUMBNAIL cache_lookup result=hit elapsed_us=4 uri=/run/media/peet/Data-500GB/Work-FB/FB-2024-CPT-Uitkyk/Farm Project (172).jpg
PIC_THUMBNAIL cache_lookup result=hit elapsed_us=4 uri=/run/media/peet/Data-500GB/Work-FB/FB-2024-CPT-Uitkyk/Farm Project (171).jpg
PIC_THUMBNAIL cache_lookup result=hit elapsed_us=4 uri=/run/media/peet/Data-500GB/Work-FB/FB-2024-CPT-Uitkyk/Farm Project (170).jpg
PIC_THUMBNAIL cache_lookup result=hit elapsed_us=5 uri=/run/media/peet/Data-500GB/Work-FB/FB-2024-CPT-Uitkyk/Farm Project (169).jpg
PIC_THUMBNAIL cache_lookup result=hit elapsed_us=4 uri=/run/media/peet/Data-500GB/Work-FB/FB-2024-CPT-Uitkyk/Farm Project (168).jpg
PIC_THUMBNAIL cache_lookup result=hit elapsed_us=3 uri=/run/media/peet/Data-500GB/Work-FB/FB-2024-CPT-Uitkyk/Farm Project (167).jpg
PIC_THUMBNAIL cache_lookup result=hit elapsed_us=3 uri=/run/media/peet/Data-500GB/Work-FB/FB-2024-CPT-Uitkyk/Farm Project (166).jpg
PIC_THUMBNAIL cache_lookup result=hit elapsed_us=4 uri=/run/media/peet/Data-500GB/Work-FB/FB-2024-CPT-Uitkyk/Farm Project (165).jpg
PIC_THUMBNAIL cache_lookup result=hit elapsed_us=2 uri=/run/media/peet/Data-500GB/Work-FB/FB-2024-CPT-Uitkyk/Farm Project (155).jpg
PIC_THUMBNAIL cache_lookup result=hit elapsed_us=2 uri=/run/media/peet/Data-500GB/Work-FB/FB-2024-CPT-Uitkyk/Farm Project (154).jpg
PIC_THUMBNAIL cache_lookup result=hit elapsed_us=2 uri=/run/media/peet/Data-500GB/Work-FB/FB-2024-CPT-Uitkyk/Farm Project (153).jpg
PIC_THUMBNAIL cache_lookup result=hit elapsed_us=3 uri=/run/media/peet/Data-500GB/Work-FB/FB-2024-CPT-Uitkyk/Farm Project (152).jpg
PIC_THUMBNAIL cache_lookup result=hit elapsed_us=3 uri=/run/media/peet/Data-500GB/Work-FB/FB-2024-CPT-Uitkyk/Farm Project (150).jpg
PIC_THUMBNAIL cache_lookup result=hit elapsed_us=3 uri=/run/media/peet/Data-500GB/Work-FB/FB-2024-CPT-Uitkyk/Farm Project (151).jpg
PIC_THUMBNAIL cache_lookup result=hit elapsed_us=2 uri=/run/media/peet/Data-500GB/Work-FB/FB-2024-CPT-Uitkyk/Farm Project (149).jpg
PIC_THUMBNAIL cache_lookup result=hit elapsed_us=3 uri=/run/media/peet/Data-500GB/Work-FB/FB-2024-CPT-Uitkyk/Farm Project (146).jpg
PIC_THUMBNAIL cache_lookup result=hit elapsed_us=3 uri=/run/media/peet/Data-500GB/Work-FB/FB-2024-CPT-Uitkyk/Farm Project (147).jpg
PIC_THUMBNAIL cache_lookup result=hit elapsed_us=3 uri=/run/media/peet/Data-500GB/Work-FB/FB-2024-CPT-Uitkyk/Farm Project (148).jpg
PIC_THUMBNAIL cache_lookup result=hit elapsed_us=2 uri=/run/media/peet/Data-500GB/Work-FB/FB-2024-CPT-Uitkyk/Farm Project (144).jpg
PIC_THUMBNAIL cache_lookup result=hit elapsed_us=3 uri=/run/media/peet/Data-500GB/Work-FB/FB-2024-CPT-Uitkyk/Farm Project (145).jpg
PIC_THUMBNAIL cache_lookup result=hit elapsed_us=3 uri=/run/media/peet/Data-500GB/Work-FB/FB-2024-CPT-Uitkyk/Farm Project (143).jpg
PIC_THUMBNAIL cache_lookup result=hit elapsed_us=3 uri=/run/media/peet/Data-500GB/Work-FB/FB-2024-CPT-Uitkyk/Farm Project (124).jpg
PIC_THUMBNAIL cache_lookup result=hit elapsed_us=2 uri=/run/media/peet/Data-500GB/Work-FB/FB-2024-CPT-Uitkyk/Farm Project (123).jpg
PIC_THUMBNAIL cache_lookup result=hit elapsed_us=2 uri=/run/media/peet/Data-500GB/Work-FB/FB-2024-CPT-Uitkyk/Farm Project (122).jpg
PIC_THUMBNAIL cache_lookup result=hit elapsed_us=2 uri=/run/media/peet/Data-500GB/Work-FB/FB-2024-CPT-Uitkyk/Farm Project (121).jpg
PIC_THUMBNAIL cache_lookup result=hit elapsed_us=2 uri=/run/media/peet/Data-500GB/Work-FB/FB-2024-CPT-Uitkyk/Farm Project (120).jpg
PIC_THUMBNAIL cache_lookup result=hit elapsed_us=3 uri=/run/media/peet/Data-500GB/Work-FB/FB-2024-CPT-Uitkyk/Farm Project (119).jpg
PIC_THUMBNAIL cache_lookup result=hit elapsed_us=3 uri=/run/media/peet/Data-500GB/Work-FB/FB-2024-CPT-Uitkyk/Farm Project (118).jpg
PIC_THUMBNAIL cache_lookup result=hit elapsed_us=3 uri=/run/media/peet/Data-500GB/Work-FB/FB-2024-CPT-Uitkyk/Farm Project (117).jpg
PIC_THUMBNAIL cache_lookup result=hit elapsed_us=2 uri=/run/media/peet/Data-500GB/Work-FB/FB-2024-CPT-Uitkyk/Farm Project (116).jpg
PIC_THUMBNAIL cache_lookup result=hit elapsed_us=3 uri=/run/media/peet/Data-500GB/Work-FB/FB-2024-CPT-Uitkyk/Farm Project (115).jpg
PIC_THUMBNAIL cache_lookup result=hit elapsed_us=2 uri=/run/media/peet/Data-500GB/Work-FB/FB-2024-CPT-Uitkyk/Farm Project (114).jpg
PIC_THUMBNAIL cache_lookup result=hit elapsed_us=2 uri=/run/media/peet/Data-500GB/Work-FB/FB-2024-CPT-Uitkyk/Farm Project (113).jpg
PIC_THUMBNAIL cache_lookup result=hit elapsed_us=2 uri=/run/media/peet/Data-500GB/Work-FB/FB-2024-CPT-Uitkyk/Farm Project (112).jpg
PIC_THUMBNAIL cache_lookup result=hit elapsed_us=2 uri=/run/media/peet/Data-500GB/Work-FB/FB-2024-CPT-Uitkyk/Farm Project (111).jpg
PIC_THUMBNAIL cache_lookup result=hit elapsed_us=2 uri=/run/media/peet/Data-500GB/Work-FB/FB-2024-CPT-Uitkyk/Farm Project (110).jpg
PIC_THUMBNAIL cache_lookup result=hit elapsed_us=2 uri=/run/media/peet/Data-500GB/Work-FB/FB-2024-CPT-Uitkyk/Farm Project (109).jpg
PIC_THUMBNAIL cache_lookup result=hit elapsed_us=2 uri=/run/media/peet/Data-500GB/Work-FB/FB-2024-CPT-Uitkyk/Farm Project (108).jpg
PIC_THUMBNAIL cache_lookup result=hit elapsed_us=2 uri=/run/media/peet/Data-500GB/Work-FB/FB-2024-CPT-Uitkyk/Farm Project (107).jpg
PIC_THUMBNAIL cache_lookup result=hit elapsed_us=2 uri=/run/media/peet/Data-500GB/Work-FB/FB-2024-CPT-Uitkyk/Farm Project (106).jpg
PIC_THUMBNAIL cache_lookup result=hit elapsed_us=3 uri=/run/media/peet/Data-500GB/Work-FB/FB-2024-CPT-Uitkyk/Farm Project (105).jpg
PIC_THUMBNAIL cache_lookup result=hit elapsed_us=2 uri=/run/media/peet/Data-500GB/Work-FB/FB-2024-CPT-Uitkyk/Farm Project (104).jpg
PIC_THUMBNAIL cache_lookup result=hit elapsed_us=3 uri=/run/media/peet/Data-500GB/Work-FB/FB-2024-CPT-Uitkyk/Farm Project (103).jpg
PIC_THUMBNAIL cache_lookup result=hit elapsed_us=2 uri=/run/media/peet/Data-500GB/Work-FB/FB-2024-CPT-Uitkyk/Farm Project (102).jpg
PIC_THUMBNAIL cache_lookup result=hit elapsed_us=2 uri=/run/media/peet/Data-500GB/Work-FB/FB-2024-CPT-Uitkyk/Farm Project (101).jpg
PIC_THUMBNAIL cache_lookup result=hit elapsed_us=2 uri=/run/media/peet/Data-500GB/Work-FB/FB-2024-CPT-Uitkyk/Farm Project (100).jpg
PIC_THUMBNAIL cache_lookup result=hit elapsed_us=3 uri=/run/media/peet/Data-500GB/Work-FB/FB-2024-CPT-Uitkyk/Farm Project (99).jpg
PIC_THUMBNAIL cache_lookup result=hit elapsed_us=2 uri=/run/media/peet/Data-500GB/Work-FB/FB-2024-CPT-Uitkyk/Farm Project (98).jpg
PIC_THUMBNAIL cache_lookup result=hit elapsed_us=2 uri=/run/media/peet/Data-500GB/Work-FB/FB-2024-CPT-Uitkyk/Farm Project (97).jpg
PIC_THUMBNAIL cache_lookup result=hit elapsed_us=3 uri=/run/media/peet/Data-500GB/Work-FB/FB-2024-CPT-Uitkyk/Farm Project (96).jpg
PIC_THUMBNAIL cache_lookup result=hit elapsed_us=2 uri=/run/media/peet/Data-500GB/Work-FB/FB-2024-CPT-Uitkyk/Farm Project (95).jpg
PIC_THUMBNAIL cache_lookup result=hit elapsed_us=2 uri=/run/media/peet/Data-500GB/Work-FB/FB-2024-CPT-Uitkyk/Farm Project (94).jpg
PIC_THUMBNAIL cache_lookup result=hit elapsed_us=2 uri=/run/media/peet/Data-500GB/Work-FB/FB-2024-CPT-Uitkyk/Farm Project (93).jpg
PIC_THUMBNAIL cache_lookup result=hit elapsed_us=2 uri=/run/media/peet/Data-500GB/Work-FB/FB-2024-CPT-Uitkyk/Farm Project (92).jpg
PIC_THUMBNAIL cache_lookup result=hit elapsed_us=2 uri=/run/media/peet/Data-500GB/Work-FB/FB-2024-CPT-Uitkyk/Farm Project (91).jpg
PIC_THUMBNAIL cache_lookup result=hit elapsed_us=2 uri=/run/media/peet/Data-500GB/Work-FB/FB-2024-CPT-Uitkyk/Farm Project (90).jpg
PIC_THUMBNAIL cache_lookup result=hit elapsed_us=3 uri=/run/media/peet/Data-500GB/Work-FB/FB-2024-CPT-Uitkyk/Farm Project (89).jpg
PIC_THUMBNAIL cache_lookup result=hit elapsed_us=2 uri=/run/media/peet/Data-500GB/Work-FB/FB-2024-CPT-Uitkyk/Farm Project (88).jpg
PIC_THUMBNAIL cache_lookup result=hit elapsed_us=2 uri=/run/media/peet/Data-500GB/Work-FB/FB-2024-CPT-Uitkyk/Farm Project (87).jpg
PIC_THUMBNAIL cache_lookup result=hit elapsed_us=2 uri=/run/media/peet/Data-500GB/Work-FB/FB-2024-CPT-Uitkyk/Farm Project (86).jpg
PIC_THUMBNAIL cache_lookup result=hit elapsed_us=2 uri=/run/media/peet/Data-500GB/Work-FB/FB-2024-CPT-Uitkyk/Farm Project (85).jpg
PIC_THUMBNAIL cache_lookup result=hit elapsed_us=2 uri=/run/media/peet/Data-500GB/Work-FB/FB-2024-CPT-Uitkyk/Farm Project (84).jpg
PIC_THUMBNAIL cache_lookup result=hit elapsed_us=2 uri=/run/media/peet/Data-500GB/Work-FB/FB-2024-CPT-Uitkyk/Farm Project (83).jpg
PIC_THUMBNAIL cache_lookup result=hit elapsed_us=3 uri=/run/media/peet/Data-500GB/Work-FB/FB-2024-CPT-Uitkyk/Farm Project (82).jpg
PIC_THUMBNAIL cache_lookup result=hit elapsed_us=3 uri=/run/media/peet/Data-500GB/Work-FB/FB-2024-CPT-Uitkyk/Farm Project (81).jpg
PIC_THUMBNAIL cache_lookup result=hit elapsed_us=3 uri=/run/media/peet/Data-500GB/Work-FB/FB-2024-CPT-Uitkyk/Farm Project (80).jpg
PIC_THUMBNAIL cache_lookup result=hit elapsed_us=2 uri=/run/media/peet/Data-500GB/Work-FB/FB-2024-CPT-Uitkyk/Farm Project (79).jpg
PIC_THUMBNAIL cache_lookup result=hit elapsed_us=3 uri=/run/media/peet/Data-500GB/Work-FB/FB-2024-CPT-Uitkyk/Farm Project (78).jpg
PIC_THUMBNAIL cache_lookup result=hit elapsed_us=3 uri=/run/media/peet/Data-500GB/Work-FB/FB-2024-CPT-Uitkyk/Farm Project (164).jpg
PIC_THUMBNAIL cache_lookup result=hit elapsed_us=3 uri=/run/media/peet/Data-500GB/Work-FB/FB-2024-CPT-Uitkyk/Farm Project (163).jpg
PIC_THUMBNAIL cache_lookup result=hit elapsed_us=2 uri=/run/media/peet/Data-500GB/Work-FB/FB-2024-CPT-Uitkyk/Farm Project (162).jpg
PIC_THUMBNAIL cache_lookup result=hit elapsed_us=2 uri=/run/media/peet/Data-500GB/Work-FB/FB-2024-CPT-Uitkyk/Farm Project (161).jpg
PIC_THUMBNAIL cache_lookup result=hit elapsed_us=2 uri=/run/media/peet/Data-500GB/Work-FB/FB-2024-CPT-Uitkyk/Farm Project (160).jpg
PIC_THUMBNAIL cache_lookup result=hit elapsed_us=2 uri=/run/media/peet/Data-500GB/Work-FB/FB-2024-CPT-Uitkyk/Farm Project (159).jpg
PIC_THUMBNAIL cache_lookup result=hit elapsed_us=3 uri=/run/media/peet/Data-500GB/Work-FB/FB-2024-CPT-Uitkyk/Farm Project (158).jpg
PIC_THUMBNAIL cache_lookup result=hit elapsed_us=2 uri=/run/media/peet/Data-500GB/Work-FB/FB-2024-CPT-Uitkyk/Farm Project (157).jpg
PIC_THUMBNAIL cache_lookup result=hit elapsed_us=2 uri=/run/media/peet/Data-500GB/Work-FB/FB-2024-CPT-Uitkyk/Farm Project (156).jpg
PIC_THUMBNAIL cache_lookup result=hit elapsed_us=3 uri=/run/media/peet/Data-500GB/Work-FB/FB-2024-Internal Fence/HMF Internal ClearVu Fence (17).jpg
PIC_THUMBNAIL cache_lookup result=hit elapsed_us=2 uri=/run/media/peet/Data-500GB/Work-FB/FB-2024-Internal Fence/HMF Internal ClearVu Fence (16).jpg
PIC_THUMBNAIL cache_lookup result=hit elapsed_us=2 uri=/run/media/peet/Data-500GB/Work-FB/FB-2024-Internal Fence/HMF Internal ClearVu Fence (1).jpg
PIC_THUMBNAIL cache_lookup result=hit elapsed_us=3 uri=/run/media/peet/Data-500GB/Work-FB/FB-2024-Internal Fence/HMF Internal ClearVu Fence (29).jpg
PIC_THUMBNAIL cache_lookup result=hit elapsed_us=2 uri=/run/media/peet/Data-500GB/Work-FB/FB-2024-ShowClearVU-AlgoaGolf/20240301_122629.jpg
PIC_THUMBNAIL cache_lookup result=hit elapsed_us=3 uri=/run/media/peet/Data-500GB/Work-FB/FB-2024-ShowClearVU-AlgoaGolf/20240301_122620.jpg
PIC_THUMBNAIL cache_lookup result=hit elapsed_us=2 uri=/run/media/peet/Data-500GB/Work-FB/FB-2024-ShowClearVU-AlgoaGolf/20240301_122613.jpg
PIC_THUMBNAIL cache_lookup result=hit elapsed_us=2 uri=/run/media/peet/Data-500GB/Work-FB/FB-2024-ShowClearVU-AlgoaGolf/20240301_122610.jpg
PIC_THUMBNAIL cache_lookup result=hit elapsed_us=2 uri=/run/media/peet/Data-500GB/Work-FB/FB-2024-Boxer/20240222_112756.jpg
PIC_THUMBNAIL cache_lookup result=hit elapsed_us=2 uri=/run/media/peet/Data-500GB/Work-FB/FB-2024-Boxer/20240222_112737.jpg
PIC_THUMBNAIL cache_lookup result=hit elapsed_us=2 uri=/run/media/peet/Data-500GB/Work-FB/FB-2024-Boxer/20240222_112606.jpg
PIC_THUMBNAIL cache_lookup result=hit elapsed_us=2 uri=/run/media/peet/Data-500GB/Work-FB/FB-2024-Boxer/20240222_112603.jpg
PIC_THUMBNAIL cache_lookup result=hit elapsed_us=2 uri=/run/media/peet/Data-500GB/Work-FB/FB-2024-Boxer/20240222_112553.jpg
PIC_THUMBNAIL cache_lookup result=hit elapsed_us=2 uri=/run/media/peet/Data-500GB/Work-FB/FB-2024-Boxer/20240222_112517.jpg
PIC_THUMBNAIL cache_lookup result=hit elapsed_us=2 uri=/run/media/peet/Data-500GB/Work-FB/FB-2024-Boxer/20240222_112500.jpg
PIC_THUMBNAIL cache_lookup result=hit elapsed_us=2 uri=/run/media/peet/Data-500GB/Work-FB/FB-2024-Boxer/20240222_112440.jpg
PIC_THUMBNAIL cache_lookup result=hit elapsed_us=2 uri=/run/media/peet/Data-500GB/Work-FB/FB-2024-WedgeWood/20240202_122435.jpg
PIC_THUMBNAIL cache_lookup result=hit elapsed_us=2 uri=/run/media/peet/Data-500GB/Work-FB/FB-2024-WedgeWood/20240202_122430.jpg
PIC_THUMBNAIL cache_lookup result=hit elapsed_us=2 uri=/run/media/peet/Data-500GB/Work-FB/FB-2024-WedgeWood/20240202_122416.jpg
PIC_THUMBNAIL cache_lookup result=hit elapsed_us=2 uri=/run/media/peet/Data-500GB/Work-FB/FB-2024-WedgeWood/20240202_122352.jpg
PIC_THUMBNAIL cache_lookup result=hit elapsed_us=2 uri=/run/media/peet/Data-500GB/Work-FB/FB-2024-WedgeWood/20240202_122325.jpg
PIC_THUMBNAIL cache_lookup result=hit elapsed_us=3 uri=/run/media/peet/Data-500GB/Work-FB/FB-2024-WedgeWood/20240202_122321.jpg
PIC_THUMBNAIL cache_lookup result=hit elapsed_us=2 uri=/run/media/peet/Data-500GB/Work-FB/FB-2024-CPT-Uitkyk/Farm Project (43).jpg
PIC_THUMBNAIL cache_lookup result=hit elapsed_us=2 uri=/run/media/peet/Data-500GB/Work-FB/FB-2024-CPT-Uitkyk/Farm Project (42).jpg
PIC_THUMBNAIL cache_lookup result=hit elapsed_us=2 uri=/run/media/peet/Data-500GB/Work-FB/FB-2024-CPT-Uitkyk/Farm Project (41).jpg
PIC_THUMBNAIL cache_lookup result=hit elapsed_us=2 uri=/run/media/peet/Data-500GB/Work-FB/FB-2024-CPT-Uitkyk/Farm Project (40).jpg
PIC_THUMBNAIL cache_lookup result=hit elapsed_us=2 uri=/run/media/peet/Data-500GB/Work-FB/FB-2024-CPT-Uitkyk/Farm Project (38).jpg
PIC_THUMBNAIL cache_lookup result=hit elapsed_us=3 uri=/run/media/peet/Data-500GB/Work-FB/FB-2024-CPT-Uitkyk/Farm Project (39).jpg
PIC_THUMBNAIL cache_lookup result=hit elapsed_us=3 uri=/run/media/peet/Data-500GB/Work-FB/FB-2024-CPT-Uitkyk/Farm Project (37).jpg
PIC_THUMBNAIL cache_lookup result=hit elapsed_us=3 uri=/run/media/peet/Data-500GB/Work-FB/FB-2024-CPT-Uitkyk/Farm Project (36).jpg
PIC_THUMBNAIL cache_lookup result=hit elapsed_us=2 uri=/run/media/peet/Data-500GB/Work-FB/FB-2024-CPT-Uitkyk/Farm Project (35).jpg
PIC_THUMBNAIL cache_lookup result=hit elapsed_us=2 uri=/run/media/peet/Data-500GB/Work-FB/FB-2024-CPT-Uitkyk/Farm Project (34).jpg
PIC_THUMBNAIL cache_lookup result=hit elapsed_us=2 uri=/run/media/peet/Data-500GB/Work-FB/FB-2024-CPT-Uitkyk/Farm Project (33).jpg
PIC_THUMBNAIL cache_lookup result=hit elapsed_us=2 uri=/run/media/peet/Data-500GB/Work-FB/FB-2024-CPT-Uitkyk/Farm Project (32).jpg
PIC_THUMBNAIL cache_lookup result=hit elapsed_us=3 uri=/run/media/peet/Data-500GB/Work-FB/FB-2024-CPT-Uitkyk/Farm Project (31).jpg
PIC_THUMBNAIL cache_lookup result=hit elapsed_us=3 uri=/run/media/peet/Data-500GB/Work-FB/FB-2024-CPT-Uitkyk/Farm Project (30).jpg
PIC_THUMBNAIL cache_lookup result=hit elapsed_us=2 uri=/run/media/peet/Data-500GB/Work-FB/FB-2024-CPT-Uitkyk/Farm Project (29).jpg
PIC_THUMBNAIL cache_lookup result=hit elapsed_us=2 uri=/run/media/peet/Data-500GB/Work-FB/FB-2024-CPT-Uitkyk/Farm Project (28).jpg
PIC_THUMBNAIL cache_lookup result=hit elapsed_us=2 uri=/run/media/peet/Data-500GB/Work-FB/FB-2024-CPT-Uitkyk/Farm Project (27).jpg
PIC_THUMBNAIL cache_lookup result=hit elapsed_us=2 uri=/run/media/peet/Data-500GB/Work-FB/FB-2024-CPT-Uitkyk/Farm Project (26).jpg
PIC_THUMBNAIL cache_lookup result=hit elapsed_us=3 uri=/run/media/peet/Data-500GB/Work-FB/FB-2024-CPT-Uitkyk/Farm Project (25).jpg
PIC_THUMBNAIL cache_lookup result=hit elapsed_us=3 uri=/run/media/peet/Data-500GB/Work-FB/FB-2024-CPT-Uitkyk/Farm Project (24).jpg
PIC_THUMBNAIL cache_lookup result=hit elapsed_us=3 uri=/run/media/peet/Data-500GB/Work-FB/FB-2024-CPT-Uitkyk/Farm Project (23).jpg
PIC_THUMBNAIL cache_lookup result=hit elapsed_us=3 uri=/run/media/peet/Data-500GB/Work-FB/FB-2024-CPT-Uitkyk/Farm Project (22).jpg
PIC_THUMBNAIL cache_lookup result=hit elapsed_us=3 uri=/run/media/peet/Data-500GB/Work-FB/FB-2024-CPT-Uitkyk/Farm Project (21).jpg
PIC_THUMBNAIL cache_lookup result=hit elapsed_us=2 uri=/run/media/peet/Data-500GB/Work-FB/FB-2024-CPT-Uitkyk/Farm Project (20).jpg
PIC_THUMBNAIL cache_lookup result=hit elapsed_us=2 uri=/run/media/peet/Data-500GB/Work-FB/FB-2024-CPT-Uitkyk/Farm Project (19).jpg
PIC_THUMBNAIL cache_lookup result=hit elapsed_us=3 uri=/run/media/peet/Data-500GB/Work-FB/FB-2024-CPT-Uitkyk/Farm Project (18).jpg
PIC_THUMBNAIL cache_lookup result=hit elapsed_us=3 uri=/run/media/peet/Data-500GB/Work-FB/FB-2024-CPT-Uitkyk/Farm Project (16).jpg
PIC_THUMBNAIL cache_lookup result=hit elapsed_us=3 uri=/run/media/peet/Data-500GB/Work-FB/FB-2024-CPT-Uitkyk/Farm Project (17).jpg
PIC_THUMBNAIL cache_lookup result=hit elapsed_us=2 uri=/run/media/peet/Data-500GB/Work-FB/FB-2024-CPT-Uitkyk/Farm Project (15).jpg
PIC_THUMBNAIL cache_lookup result=hit elapsed_us=3 uri=/run/media/peet/Data-500GB/Work-FB/FB-2024-CPT-Uitkyk/Farm Project (14).jpg
PIC_THUMBNAIL cache_lookup result=hit elapsed_us=2 uri=/run/media/peet/Data-500GB/Work-FB/FB-2024-CPT-Uitkyk/Farm Project (13).jpg
PIC_THUMBNAIL cache_lookup result=hit elapsed_us=3 uri=/run/media/peet/Data-500GB/Work-FB/FB-2024-CPT-Uitkyk/Farm Project (12).jpg
PIC_THUMBNAIL cache_lookup result=hit elapsed_us=2 uri=/run/media/peet/Data-500GB/Work-FB/FB-2024-CPT-Uitkyk/Farm Project (11).jpg
PIC_THUMBNAIL cache_lookup result=hit elapsed_us=2 uri=/run/media/peet/Data-500GB/Work-FB/FB-2024-CPT-Uitkyk/Farm Project (10).jpg
PIC_THUMBNAIL cache_lookup result=hit elapsed_us=2 uri=/run/media/peet/Data-500GB/Work-FB/FB-2024-CPT-Uitkyk/Farm Project (9).jpg
PIC_THUMBNAIL cache_lookup result=hit elapsed_us=3 uri=/run/media/peet/Data-500GB/Work-FB/FB-2024-CPT-Uitkyk/Farm Project (8).jpg
PIC_THUMBNAIL cache_lookup result=hit elapsed_us=3 uri=/run/media/peet/Data-500GB/Work-FB/FB-2024-CPT-Uitkyk/Farm Project (7).jpg
PIC_THUMBNAIL cache_lookup result=hit elapsed_us=3 uri=/run/media/peet/Data-500GB/Work-FB/FB-2024-CPT-Uitkyk/Farm Project (6).jpg
PIC_THUMBNAIL cache_lookup result=hit elapsed_us=3 uri=/run/media/peet/Data-500GB/Work-FB/FB-2024-CPT-Uitkyk/Farm Project (5).jpg
PIC_THUMBNAIL cache_lookup result=hit elapsed_us=3 uri=/run/media/peet/Data-500GB/Work-FB/FB-2024-CPT-Uitkyk/Farm Project (4).jpg
PIC_THUMBNAIL cache_lookup result=hit elapsed_us=3 uri=/run/media/peet/Data-500GB/Work-FB/FB-2024-CPT-Uitkyk/Farm Project (3).jpg
PIC_THUMBNAIL cache_lookup result=hit elapsed_us=3 uri=/run/media/peet/Data-500GB/Work-FB/FB-2024-CPT-Uitkyk/Farm Project (2).jpg
PIC_THUMBNAIL cache_lookup result=hit elapsed_us=3 uri=/run/media/peet/Data-500GB/Work-FB/FB-2024-CPT-Uitkyk/Farm Project (1).jpg
PIC_THUMBNAIL cache_lookup result=hit elapsed_us=3 uri=/run/media/peet/Data-500GB/Work-FB/FB-2024-Diamond Mesh/IMG-20201116-WA0002.jpg
PIC_THUMBNAIL cache_lookup result=hit elapsed_us=3 uri=/run/media/peet/Data-500GB/Work-FB/FB-2024-Diamond Mesh/IMG-20201116-WA0003.jpg
PIC_THUMBNAIL cache_lookup result=hit elapsed_us=8 uri=/run/media/peet/Data-500GB/Work-FB/FB-2024-Diamond Mesh/IMG-20201116-WA0005.jpg
PIC_THUMBNAIL cache_lookup result=hit elapsed_us=3 uri=/run/media/peet/Data-500GB/Work-FB/FB-2024-DanaSpice/20240117_151529-2.jpg
PIC_THUMBNAIL cache_lookup result=hit elapsed_us=3 uri=/run/media/peet/Data-500GB/Work-FB/FB-2024-DanaSpice/20240117_151518.jpg
PIC_THUMBNAIL cache_lookup result=hit elapsed_us=3 uri=/run/media/peet/Data-500GB/Work-FB/FB-2024-DanaSpice/20240117_151500.jpg
PIC_THUMBNAIL cache_lookup result=hit elapsed_us=3 uri=/run/media/peet/Data-500GB/Work-FB/FB-2024-HartDr/20240109_132202.jpg
PIC_THUMBNAIL cache_lookup result=hit elapsed_us=3 uri=/run/media/peet/Data-500GB/Work-FB/FB-2024-HartDr/20240109_132150.jpg
PIC_THUMBNAIL cache_lookup result=hit elapsed_us=2 uri=/run/media/peet/Data-500GB/Work-FB/FB-2024-HartDr/20240109_132146.jpg
PIC_THUMBNAIL cache_lookup result=hit elapsed_us=2 uri=/run/media/peet/Data-500GB/Work-FB/FB-2024-HartDr/20240109_132133.jpg
PIC_THUMBNAIL cache_lookup result=hit elapsed_us=2 uri=/run/media/peet/Data-500GB/Work-FB/FB-2024-HartDr/20240109_132126.jpg
PIC_THUMBNAIL cache_lookup result=hit elapsed_us=2 uri=/run/media/peet/Data-500GB/Work-FB/FB-2024-HartDr/20240109_132112.jpg
PIC_THUMBNAIL cache_lookup result=hit elapsed_us=2 uri=/run/media/peet/Data-500GB/Work-FB/FB-2024-HartDr/20240109_132058.jpg
PIC_THUMBNAIL cache_lookup result=hit elapsed_us=2 uri=/run/media/peet/Data-500GB/Work-FB/FB-2024-FarmMesh/20231213_111447.jpg
PIC_THUMBNAIL cache_lookup result=hit elapsed_us=3 uri=/run/media/peet/Data-500GB/Work-FB/FB-2024-FarmMesh/20231213_111444.jpg
PIC_THUMBNAIL cache_lookup result=hit elapsed_us=2 uri=/run/media/peet/Data-500GB/Work-FB/FB-2024-FarmMesh/20231213_111355.jpg
PIC_THUMBNAIL cache_lookup result=hit elapsed_us=2 uri=/run/media/peet/Data-500GB/Work-FB/FB-2024-FarmMesh/20231213_111341-2.jpg
PIC_THUMBNAIL cache_lookup result=hit elapsed_us=2 uri=/run/media/peet/Data-500GB/Work-FB/FB-2024-FarmMesh/20231213_111341-3.jpg
PIC_THUMBNAIL cache_lookup result=hit elapsed_us=2 uri=/run/media/peet/Data-500GB/Work-FB/FB-2024-FarmMesh/20231213_111327.jpg
PIC_THUMBNAIL cache_lookup result=hit elapsed_us=2 uri=/run/media/peet/Data-500GB/Work-FB/FB-2024-FarmMesh/20231213_111310.jpg
PIC_THUMBNAIL cache_lookup result=hit elapsed_us=3 uri=/run/media/peet/Data-500GB/Work-FB/FB-2024-Roland/20231211_153806.jpg
PIC_THUMBNAIL cache_lookup result=hit elapsed_us=2 uri=/run/media/peet/Data-500GB/Work-FB/FB-2024-Roland/20231211_153738.jpg
PIC_THUMBNAIL cache_lookup result=hit elapsed_us=2 uri=/run/media/peet/Data-500GB/Work-FB/FB-2024-Roland/20231211_153042.jpg
PIC_THUMBNAIL cache_lookup result=hit elapsed_us=3 uri=/run/media/peet/Data-500GB/Work-FB/FB-2024-Roland/20231211_153018.jpg
PIC_THUMBNAIL cache_lookup result=hit elapsed_us=3 uri=/run/media/peet/Data-500GB/Work-FB/FB-2024-Roland/20231211_153011.jpg
PIC_THUMBNAIL cache_lookup result=hit elapsed_us=3 uri=/run/media/peet/Data-500GB/Work-FB/FB-2024-Roland/20231211_153006.jpg
PIC_THUMBNAIL cache_lookup result=hit elapsed_us=3 uri=/run/media/peet/Data-500GB/Work-FB/FB-2024-Roland/20231211_152955.jpg
PIC_THUMBNAIL cache_lookup result=hit elapsed_us=3 uri=/run/media/peet/Data-500GB/Work-FB/FB-2024-Roland/20231211_152942.jpg
PIC_THUMBNAIL cache_lookup result=hit elapsed_us=3 uri=/run/media/peet/Data-500GB/Work-FB/FB-2024-Roland/20231211_152936.jpg
PIC_THUMBNAIL cache_lookup result=hit elapsed_us=3 uri=/run/media/peet/Data-500GB/Work-FB/FB-2024-CPT-Uitkyk/Farm Project (59).jpg
PIC_THUMBNAIL cache_lookup result=hit elapsed_us=2 uri=/run/media/peet/Data-500GB/Work-FB/FB-2024-CPT-Uitkyk/Farm Project (58).jpg
PIC_THUMBNAIL cache_lookup result=hit elapsed_us=3 uri=/run/media/peet/Data-500GB/Work-FB/FB-2024-CPT-Uitkyk/Farm Project (57).jpg
PIC_THUMBNAIL cache_lookup result=hit elapsed_us=2 uri=/run/media/peet/Data-500GB/Work-FB/FB-2024-CPT-Uitkyk/Farm Project (56).jpg
PIC_THUMBNAIL cache_lookup result=hit elapsed_us=2 uri=/run/media/peet/Data-500GB/Work-FB/FB-2024-CPT-Uitkyk/Farm Project (55).jpg
PIC_THUMBNAIL cache_lookup result=hit elapsed_us=2 uri=/run/media/peet/Data-500GB/Work-FB/FB-2024-CPT-Uitkyk/Farm Project (54).jpg
PIC_THUMBNAIL cache_lookup result=hit elapsed_us=2 uri=/run/media/peet/Data-500GB/Work-FB/FB-2024-CPT-Uitkyk/Farm Project (53).jpg
PIC_THUMBNAIL cache_lookup result=hit elapsed_us=3 uri=/run/media/peet/Data-500GB/Work-FB/FB-2024-CPT-Uitkyk/Farm Project (52).jpg
PIC_THUMBNAIL cache_lookup result=hit elapsed_us=3 uri=/run/media/peet/Data-500GB/Work-FB/FB-2024-CPT-Uitkyk/Farm Project (51).jpg
PIC_THUMBNAIL cache_lookup result=hit elapsed_us=2 uri=/run/media/peet/Data-500GB/Work-FB/FB-2024-CPT-Uitkyk/Farm Project (50).jpg
PIC_THUMBNAIL cache_lookup result=hit elapsed_us=3 uri=/run/media/peet/Data-500GB/Work-FB/FB-2024-CPT-Uitkyk/Farm Project (49).jpg
PIC_THUMBNAIL cache_lookup result=hit elapsed_us=3 uri=/run/media/peet/Data-500GB/Work-FB/FB-2024-CPT-Uitkyk/Farm Project (48).jpg
PIC_THUMBNAIL cache_lookup result=hit elapsed_us=3 uri=/run/media/peet/Data-500GB/Work-FB/FB-2024-CPT-Uitkyk/Farm Project (47).jpg
PIC_THUMBNAIL cache_lookup result=hit elapsed_us=2 uri=/run/media/peet/Data-500GB/Work-FB/FB-2024-CPT-Uitkyk/Farm Project (46).jpg
PIC_THUMBNAIL cache_lookup result=hit elapsed_us=2 uri=/run/media/peet/Data-500GB/Work-FB/FB-2024-CPT-Uitkyk/Farm Project (45).jpg
PIC_THUMBNAIL cache_lookup result=hit elapsed_us=2 uri=/run/media/peet/Data-500GB/Work-FB/FB-2024-CPT-Uitkyk/Farm Project (44).jpg
PIC_THUMBNAIL cache_lookup result=hit elapsed_us=3 uri=/run/media/peet/Data-500GB/Work-FB/FB-2024-PV Plant/20231205_120606.jpg
PIC_THUMBNAIL cache_lookup result=hit elapsed_us=3 uri=/run/media/peet/Data-500GB/Work-FB/FB-2024-PV Plant/20231205_120530.jpg
PIC_THUMBNAIL cache_lookup result=hit elapsed_us=2 uri=/run/media/peet/Data-500GB/Work-FB/FB-2024-PV Plant/20231205_120440.jpg
PIC_THUMBNAIL cache_lookup result=hit elapsed_us=2 uri=/run/media/peet/Data-500GB/Work-FB/FB-2024-PV Plant/20231205_120430.jpg
PIC_THUMBNAIL cache_lookup result=hit elapsed_us=2 uri=/run/media/peet/Data-500GB/Work-FB/FB-2024-PV Plant/20231205_120424.jpg
PIC_THUMBNAIL cache_lookup result=hit elapsed_us=2 uri=/run/media/peet/Data-500GB/Work-FB/FB-2024-PV Plant/20231205_120403.jpg
PIC_THUMBNAIL cache_lookup result=hit elapsed_us=3 uri=/run/media/peet/Data-500GB/Work-FB/FB-2024-PV Plant/20231205_120327.jpg
PIC_THUMBNAIL cache_lookup result=hit elapsed_us=2 uri=/run/media/peet/Data-500GB/Work-FB/FB-2024-PV Plant/20231205_120305.jpg
PIC_THUMBNAIL cache_lookup result=hit elapsed_us=2 uri=/run/media/peet/Data-500GB/Work-FB/FB-2023-GiftofGivers/20231205_100533.jpg
PIC_THUMBNAIL cache_lookup result=hit elapsed_us=2 uri=/run/media/peet/Data-500GB/Work-FB/FB-2023-GiftofGivers/20231205_100524-2.jpg
PIC_THUMBNAIL cache_lookup result=hit elapsed_us=2 uri=/run/media/peet/Data-500GB/Work-FB/FB-2023-GiftofGivers/20231205_100524.jpg
PIC_THUMBNAIL cache_lookup result=hit elapsed_us=2 uri=/run/media/peet/Data-500GB/Work-FB/FB-2023-GiftofGivers/20231205_100509.jpg
PIC_THUMBNAIL cache_lookup result=hit elapsed_us=2 uri=/run/media/peet/Data-500GB/Work-FB/FB-2024-CPT-Uitkyk/Farm Project (77).jpg
PIC_THUMBNAIL cache_lookup result=hit elapsed_us=2 uri=/run/media/peet/Data-500GB/Work-FB/FB-2024-CPT-Uitkyk/Farm Project (76).jpg
PIC_THUMBNAIL cache_lookup result=hit elapsed_us=2 uri=/run/media/peet/Data-500GB/Work-FB/FB-2024-CPT-Uitkyk/Farm Project (75).jpg
PIC_THUMBNAIL cache_lookup result=hit elapsed_us=2 uri=/run/media/peet/Data-500GB/Work-FB/FB-2024-CPT-Uitkyk/Farm Project (74).jpg
PIC_THUMBNAIL cache_lookup result=hit elapsed_us=2 uri=/run/media/peet/Data-500GB/Work-FB/FB-2024-CPT-Uitkyk/Farm Project (73).jpg
PIC_THUMBNAIL cache_lookup result=hit elapsed_us=2 uri=/run/media/peet/Data-500GB/Work-FB/FB-2024-CPT-Uitkyk/Farm Project (72).jpg
PIC_THUMBNAIL cache_lookup result=hit elapsed_us=2 uri=/run/media/peet/Data-500GB/Work-FB/FB-2024-CPT-Uitkyk/Farm Project (71).jpg
PIC_THUMBNAIL cache_lookup result=hit elapsed_us=2 uri=/run/media/peet/Data-500GB/Work-FB/FB-2024-CPT-Uitkyk/Farm Project (70).jpg
PIC_THUMBNAIL cache_lookup result=hit elapsed_us=3 uri=/run/media/peet/Data-500GB/Work-FB/FB-2024-CPT-Uitkyk/Farm Project (69).jpg
PIC_THUMBNAIL cache_lookup result=hit elapsed_us=2 uri=/run/media/peet/Data-500GB/Work-FB/FB-2024-CPT-Uitkyk/Farm Project (68).jpg
PIC_THUMBNAIL cache_lookup result=hit elapsed_us=2 uri=/run/media/peet/Data-500GB/Work-FB/FB-2024-CPT-Uitkyk/Farm Project (67).jpg
PIC_THUMBNAIL cache_lookup result=hit elapsed_us=3 uri=/run/media/peet/Data-500GB/Work-FB/FB-2024-CPT-Uitkyk/Farm Project (66).jpg
PIC_THUMBNAIL cache_lookup result=hit elapsed_us=2 uri=/run/media/peet/Data-500GB/Work-FB/FB-2024-CPT-Uitkyk/Farm Project (65).jpg
PIC_THUMBNAIL cache_lookup result=hit elapsed_us=3 uri=/run/media/peet/Data-500GB/Work-FB/FB-2024-CPT-Uitkyk/Farm Project (64).jpg
PIC_THUMBNAIL cache_lookup result=hit elapsed_us=3 uri=/run/media/peet/Data-500GB/Work-FB/FB-2024-CPT-Uitkyk/Farm Project (63).jpg
PIC_THUMBNAIL cache_lookup result=hit elapsed_us=3 uri=/run/media/peet/Data-500GB/Work-FB/FB-2024-CPT-Uitkyk/Farm Project (62).jpg
PIC_THUMBNAIL cache_lookup result=hit elapsed_us=3 uri=/run/media/peet/Data-500GB/Work-FB/FB-2024-CPT-Uitkyk/Farm Project (61).jpg
PIC_THUMBNAIL cache_lookup result=hit elapsed_us=3 uri=/run/media/peet/Data-500GB/Work-FB/FB-2024-CPT-Uitkyk/Farm Project (60).jpg
PIC_THUMBNAIL cache_lookup result=hit elapsed_us=3 uri=/run/media/peet/Data-500GB/Work-FB/FB-2024-WedgeWood/20231123_131135.jpg
PIC_THUMBNAIL cache_lookup result=hit elapsed_us=3 uri=/run/media/peet/Data-500GB/Work-FB/FB-2022-WedgeWood/20231113_114657.jpg
PIC_THUMBNAIL cache_lookup result=hit elapsed_us=2 uri=/run/media/peet/Data-500GB/Work-FB/FB-2022-WedgeWood/20231113_114648.jpg
PIC_THUMBNAIL cache_lookup result=hit elapsed_us=2 uri=/run/media/peet/Data-500GB/Work-FB/FB-2024-WedgeWood/20231113_114102.jpg
PIC_THUMBNAIL cache_lookup result=hit elapsed_us=3 uri=/run/media/peet/Data-500GB/Work-FB/FB-2023-Morne Plaas/20231107_150011.jpg
PIC_THUMBNAIL cache_lookup result=hit elapsed_us=2 uri=/run/media/peet/Data-500GB/Work-FB/FB-2023-Morne Plaas/20231107_145645.jpg
PIC_THUMBNAIL cache_lookup result=hit elapsed_us=3 uri=/run/media/peet/Data-500GB/Work-FB/FB-2023-Morne Plaas/20231107_145531.jpg
PIC_THUMBNAIL cache_lookup result=hit elapsed_us=3 uri=/run/media/peet/Data-500GB/Work-FB/FB-Staff-Heritage Day 2023/20230921_132939.jpg
PIC_THUMBNAIL cache_lookup result=hit elapsed_us=2 uri=/run/media/peet/Data-500GB/Work-FB/FB-Staff-Heritage Day 2023/20230921_132924.jpg
PIC_THUMBNAIL cache_lookup result=hit elapsed_us=3 uri=/run/media/peet/Data-500GB/Work-FB/FB-Staff-Heritage Day 2023/20230921_131119.jpg
PIC_THUMBNAIL cache_lookup result=hit elapsed_us=3 uri=/run/media/peet/Data-500GB/Work-FB/FB-Staff-Heritage Day 2023/20230921_131025.jpg
PIC_THUMBNAIL cache_lookup result=hit elapsed_us=3 uri=/run/media/peet/Data-500GB/Work-FB/FB-Staff-Heritage Day 2023/20230921_131014.jpg
PIC_THUMBNAIL cache_lookup result=hit elapsed_us=3 uri=/run/media/peet/Data-500GB/Work-FB/FB-Staff-Heritage Day 2023/20230921_131005.jpg
PIC_THUMBNAIL cache_lookup result=hit elapsed_us=3 uri=/run/media/peet/Data-500GB/Work-FB/FB-Staff-Heritage Day 2023/20230921_131002.jpg
PIC_THUMBNAIL cache_lookup result=hit elapsed_us=3 uri=/run/media/peet/Data-500GB/Work-FB/FB-Staff-Heritage Day 2023/20230921_130959.jpg
PIC_THUMBNAIL cache_lookup result=hit elapsed_us=2 uri=/run/media/peet/Data-500GB/Work-FB/FB-Staff-Heritage Day 2023/20230921_130927.jpg
PIC_THUMBNAIL cache_lookup result=hit elapsed_us=3 uri=/run/media/peet/Data-500GB/Work-FB/FB-Staff-Heritage Day 2023/20230921_124739.jpg
PIC_THUMBNAIL cache_lookup result=hit elapsed_us=3 uri=/run/media/peet/Data-500GB/Work-FB/FB-Staff-Heritage Day 2023/DSC_7842.jpg
PIC_THUMBNAIL cache_lookup result=hit elapsed_us=3 uri=/run/media/peet/Data-500GB/Work-FB/FB-Staff-Heritage Day 2023/DSC_7841.jpg
PIC_THUMBNAIL cache_lookup result=hit elapsed_us=3 uri=/run/media/peet/Data-500GB/Work-FB/FB-Staff-Heritage Day 2023/DSC_7840.jpg
PIC_THUMBNAIL cache_lookup result=hit elapsed_us=3 uri=/run/media/peet/Data-500GB/Work-FB/FB-Staff-Heritage Day 2023/DSC_7834.jpg
PIC_THUMBNAIL cache_lookup result=hit elapsed_us=3 uri=/run/media/peet/Data-500GB/Work-FB/FB-Staff-Heritage Day 2023/DSC_7833.jpg
PIC_THUMBNAIL cache_lookup result=hit elapsed_us=3 uri=/run/media/peet/Data-500GB/Work-FB/FB-Staff-Heritage Day 2023/DSC_7830.jpg
PIC_THUMBNAIL cache_lookup result=hit elapsed_us=3 uri=/run/media/peet/Data-500GB/Work-FB/FB-Staff-Heritage Day 2023/DSC_7817.jpg
PIC_THUMBNAIL cache_lookup result=hit elapsed_us=2 uri=/run/media/peet/Data-500GB/Work-FB/FB-Staff-Heritage Day 2023/DSC_7815.jpg
PIC_THUMBNAIL cache_lookup result=hit elapsed_us=3 uri=/run/media/peet/Data-500GB/Work-FB/FB-Staff-Heritage Day 2023/DSC_7813.jpg
PIC_THUMBNAIL cache_lookup result=hit elapsed_us=2 uri=/run/media/peet/Data-500GB/Work-FB/FB-Staff-Heritage Day 2023/DSC_7812.jpg
PIC_THUMBNAIL cache_lookup result=hit elapsed_us=3 uri=/run/media/peet/Data-500GB/Work-FB/FB-Staff-Heritage Day 2023/DSC_7811.jpg
PIC_THUMBNAIL cache_lookup result=hit elapsed_us=3 uri=/run/media/peet/Data-500GB/Work-FB/FB-Staff-Heritage Day 2023/DSC_7807.jpg
PIC_THUMBNAIL cache_lookup result=hit elapsed_us=3 uri=/run/media/peet/Data-500GB/Work-FB/FB-Staff-Heritage Day 2023/DSC_7803.jpg
PIC_THUMBNAIL cache_lookup result=hit elapsed_us=3 uri=/run/media/peet/Data-500GB/Work-FB/FB-Staff-Heritage Day 2023/DSC_7802.jpg
PIC_THUMBNAIL cache_lookup result=hit elapsed_us=3 uri=/run/media/peet/Data-500GB/Work-FB/FB-Staff-Heritage Day 2023/DSC_7800.jpg
PIC_THUMBNAIL cache_lookup result=hit elapsed_us=2 uri=/run/media/peet/Data-500GB/Work-FB/FB-Staff-Heritage Day 2023/DSC_7799.jpg
PIC_THUMBNAIL cache_lookup result=hit elapsed_us=2 uri=/run/media/peet/Data-500GB/Work-FB/FB-Staff-Heritage Day 2023/DSC_7798.jpg
PIC_THUMBNAIL cache_lookup result=hit elapsed_us=3 uri=/run/media/peet/Data-500GB/Work-FB/FB-Staff-Heritage Day 2023/DSC_7792.jpg
PIC_THUMBNAIL cache_lookup result=hit elapsed_us=3 uri=/run/media/peet/Data-500GB/Work-FB/FB-Staff-Heritage Day 2023/DSC_7787.jpg
PIC_THUMBNAIL cache_lookup result=hit elapsed_us=3 uri=/run/media/peet/Data-500GB/Work-FB/FB-Staff-Heritage Day 2023/DSC_7785.jpg
PIC_THUMBNAIL cache_lookup result=hit elapsed_us=3 uri=/run/media/peet/Data-500GB/Work-FB/FB-Staff-Heritage Day 2023/DSC_7783.jpg
PIC_THUMBNAIL cache_lookup result=hit elapsed_us=3 uri=/run/media/peet/Data-500GB/Work-FB/FB-Staff-Heritage Day 2023/DSC_7780.jpg
PIC_THUMBNAIL cache_lookup result=hit elapsed_us=3 uri=/run/media/peet/Data-500GB/Work-FB/FB-Staff-Heritage Day 2023/DSC_7775.jpg
PIC_THUMBNAIL cache_lookup result=hit elapsed_us=3 uri=/run/media/peet/Data-500GB/Work-FB/FB-Staff-Heritage Day 2023/DSC_7774.jpg
PIC_THUMBNAIL cache_lookup result=hit elapsed_us=3 uri=/run/media/peet/Data-500GB/Work-FB/FB-Staff-Heritage Day 2023/DSC_7773.jpg
PIC_THUMBNAIL cache_lookup result=hit elapsed_us=3 uri=/run/media/peet/Data-500GB/Work-FB/FB-Staff-Heritage Day 2023/DSC_7772.jpg
PIC_THUMBNAIL cache_lookup result=hit elapsed_us=3 uri=/run/media/peet/Data-500GB/Work-FB/FB-Staff-Heritage Day 2023/DSC_7771.jpg
PIC_THUMBNAIL cache_lookup result=hit elapsed_us=2 uri=/run/media/peet/Data-500GB/Work-FB/FB-Staff-Heritage Day 2023/DSC_7770.jpg
PIC_THUMBNAIL cache_lookup result=hit elapsed_us=2 uri=/run/media/peet/Data-500GB/Work-FB/FB-Staff-Heritage Day 2023/DSC_7769.jpg
PIC_THUMBNAIL cache_lookup result=hit elapsed_us=2 uri=/run/media/peet/Data-500GB/Work-FB/FB-Staff-Heritage Day 2023/DSC_7767.jpg
PIC_THUMBNAIL cache_lookup result=hit elapsed_us=3 uri=/run/media/peet/Data-500GB/Work-FB/FB-Staff-Heritage Day 2023/DSC_7766.jpg
PIC_THUMBNAIL cache_lookup result=hit elapsed_us=2 uri=/run/media/peet/Data-500GB/Work-FB/FB-Staff-Heritage Day 2023/DSC_7765.jpg
PIC_THUMBNAIL cache_lookup result=hit elapsed_us=2 uri=/run/media/peet/Data-500GB/Work-FB/FB-Staff-Heritage Day 2023/DSC_7764.jpg
PIC_THUMBNAIL cache_lookup result=hit elapsed_us=2 uri=/run/media/peet/Data-500GB/Work-FB/FB-Staff-Heritage Day 2023/DSC_7762.jpg
PIC_THUMBNAIL cache_lookup result=hit elapsed_us=3 uri=/run/media/peet/Data-500GB/Work-FB/FB-Staff-Heritage Day 2023/DSC_7761.jpg
PIC_THUMBNAIL cache_lookup result=hit elapsed_us=3 uri=/run/media/peet/Data-500GB/Work-FB/FB-Staff-Heritage Day 2023/DSC_7757.jpg
PIC_THUMBNAIL cache_lookup result=hit elapsed_us=3 uri=/run/media/peet/Data-500GB/Work-FB/FB-2023-Precast-NMMU/20230831_153906.jpg
PIC_THUMBNAIL cache_lookup result=hit elapsed_us=2 uri=/run/media/peet/Data-500GB/Work-FB/FB-2023-Precast-NMMU/20230831_153901.jpg
PIC_THUMBNAIL cache_lookup result=hit elapsed_us=3 uri=/run/media/peet/Data-500GB/Work-FB/FB-2023-Precast-NMMU/20230831_153859.jpg
PIC_THUMBNAIL cache_lookup result=hit elapsed_us=7 uri=/run/media/peet/Data-500GB/Work-FB/FB-2023-Precast-NMMU/20230831_153851.jpg
PIC_THUMBNAIL cache_lookup result=hit elapsed_us=2 uri=/run/media/peet/Data-500GB/Work-FB/FB-2023-Precast-NMMU/20230831_153850.jpg
PIC_THUMBNAIL cache_lookup result=hit elapsed_us=2 uri=/run/media/peet/Data-500GB/Work-FB/FB-2023-Precast-NMMU/20230831_153837.jpg
PIC_THUMBNAIL cache_lookup result=hit elapsed_us=3 uri=/run/media/peet/Data-500GB/Work-FB/FB-2023-Precast-NMMU/20230831_153828.jpg
PIC_THUMBNAIL cache_lookup result=hit elapsed_us=3 uri=/run/media/peet/Data-500GB/Work-FB/FB-2023-Precast-NMMU/20230831_153821.jpg
PIC_THUMBNAIL cache_lookup result=hit elapsed_us=2 uri=/run/media/peet/Data-500GB/Work-FB/FB-2023-Precast-NMMU/20230831_153813.jpg
PIC_THUMBNAIL cache_lookup result=hit elapsed_us=3 uri=/run/media/peet/Data-500GB/Work-FB/FB-2023-Precast-NMMU/20230831_153810.jpg
PIC_THUMBNAIL cache_lookup result=hit elapsed_us=3 uri=/run/media/peet/Data-500GB/Work-FB/FB-2023-Precast-NMMU/20230831_153806.jpg
PIC_THUMBNAIL cache_lookup result=hit elapsed_us=3 uri=/run/media/peet/Data-500GB/Work-FB/FB-2023-LadySlipper/20230830_155646.jpg
PIC_THUMBNAIL cache_lookup result=hit elapsed_us=3 uri=/run/media/peet/Data-500GB/Work-FB/FB-2023-LadySlipper/20230830_155629.jpg
PIC_THUMBNAIL cache_lookup result=hit elapsed_us=3 uri=/run/media/peet/Data-500GB/Work-FB/FB-2023-LadySlipper/20230830_155316.jpg
PIC_THUMBNAIL cache_lookup result=hit elapsed_us=2 uri=/run/media/peet/Data-500GB/Work-FB/FB-2023-LadySlipper/20230830_155146.jpg
PIC_THUMBNAIL cache_lookup result=hit elapsed_us=3 uri=/run/media/peet/Data-500GB/Work-FB/FB-2023-LadySlipper/20230830_154750.jpg
PIC_THUMBNAIL cache_lookup result=hit elapsed_us=2 uri=/run/media/peet/Data-500GB/Work-FB/FB-2023-Precast-NMMU/20230829_104404.jpg
PIC_THUMBNAIL cache_lookup result=hit elapsed_us=2 uri=/run/media/peet/Data-500GB/Work-FB/FB-2023-Precast-NMMU/20230829_103922.jpg
PIC_THUMBNAIL cache_lookup result=hit elapsed_us=3 uri=/run/media/peet/Data-500GB/Work-FB/FB-2023-Precast-NMMU/20230829_103919.jpg
PIC_THUMBNAIL cache_lookup result=hit elapsed_us=2 uri=/run/media/peet/Data-500GB/Work-FB/FB-2023-Precast-NMMU/20230829_103915.jpg
PIC_THUMBNAIL cache_lookup result=hit elapsed_us=3 uri=/run/media/peet/Data-500GB/Work-FB/FB-2023-Precast-NMMU/20230829_103913.jpg
PIC_THUMBNAIL cache_lookup result=hit elapsed_us=3 uri=/run/media/peet/Data-500GB/Work-FB/FB-2023-Precast-NMMU/20230829_103905.jpg
PIC_THUMBNAIL cache_lookup result=hit elapsed_us=3 uri=/run/media/peet/Data-500GB/Work-FB/FB-2023-Precast-NMMU/20230829_103806.jpg
PIC_THUMBNAIL cache_lookup result=hit elapsed_us=3 uri=/run/media/peet/Data-500GB/Work-FB/FB-2023-Precast-NMMU/20230829_103758.jpg
PIC_THUMBNAIL cache_lookup result=hit elapsed_us=3 uri=/run/media/peet/Data-500GB/Work-FB/FB-2023-LadySlipper/20230823_151533.jpg
PIC_THUMBNAIL cache_lookup result=hit elapsed_us=3 uri=/run/media/peet/Data-500GB/Work-FB/FB-2023-SolarPlant/20230823_150134.jpg
PIC_THUMBNAIL cache_lookup result=hit elapsed_us=3 uri=/run/media/peet/Data-500GB/Work-FB/FB-2023-SolarPlant/20230823_150119.jpg
PIC_THUMBNAIL cache_lookup result=hit elapsed_us=2 uri=/run/media/peet/Data-500GB/Work-FB/FB-2023-SolarPlant/20230823_150012.jpg
PIC_THUMBNAIL cache_lookup result=hit elapsed_us=3 uri=/run/media/peet/Data-500GB/Work-FB/FB-2023-SolarPlant/20230823_145950.jpg
PIC_THUMBNAIL cache_lookup result=hit elapsed_us=3 uri=/run/media/peet/Data-500GB/Work-FB/FB-2023-SolarPlant/20230823_145901.jpg
PIC_THUMBNAIL cache_lookup result=hit elapsed_us=3 uri=/run/media/peet/Data-500GB/Work-FB/FB-2023-SolarPlant/20230823_145834.jpg
PIC_THUMBNAIL cache_lookup result=hit elapsed_us=3 uri=/run/media/peet/Data-500GB/Work-FB/FB-2023-SolarPlant/20230823_145743.jpg
PIC_THUMBNAIL cache_lookup result=hit elapsed_us=3 uri=/run/media/peet/Data-500GB/Work-FB/FB-2023-SolarPlant/20230823_145644.jpg
PIC_THUMBNAIL cache_lookup result=hit elapsed_us=3 uri=/run/media/peet/Data-500GB/Work-FB/FB-2023-SolarPlant/20230823_145638.jpg
PIC_THUMBNAIL cache_lookup result=hit elapsed_us=3 uri=/run/media/peet/Data-500GB/Work-FB/FB-2023-SolarPlant/20230823_145424.jpg
PIC_THUMBNAIL cache_lookup result=hit elapsed_us=3 uri=/run/media/peet/Data-500GB/Work-FB/FB-2023-SolarPlant/20230823_145401.jpg
PIC_THUMBNAIL cache_lookup result=hit elapsed_us=3 uri=/run/media/peet/Data-500GB/Work-FB/FB-2023-SolarPlant/20230823_145339.jpg
PIC_THUMBNAIL cache_lookup result=hit elapsed_us=3 uri=/run/media/peet/Data-500GB/Work-FB/FB-2023-SolarPlant/20230823_145246.jpg
PIC_THUMBNAIL cache_lookup result=hit elapsed_us=3 uri=/run/media/peet/Data-500GB/Work-FB/FB-2023-SolarPlant/20230823_145233.jpg
PIC_THUMBNAIL cache_lookup result=hit elapsed_us=3 uri=/run/media/peet/Data-500GB/Work-FB/FB-2023-LadySlipper/20230819_115639.jpg
PIC_THUMBNAIL cache_lookup result=hit elapsed_us=2 uri=/run/media/peet/Data-500GB/Work-FB/FB-2023-LadySlipper/20230819_113320.jpg
PIC_THUMBNAIL cache_lookup result=hit elapsed_us=2 uri=/run/media/peet/Data-500GB/Work-FB/FB-2023-LadySlipper/20230819_113205.jpg
PIC_THUMBNAIL cache_lookup result=hit elapsed_us=2 uri=/run/media/peet/Data-500GB/Work-FB/FB-2023-Station/20230815_102527.jpg
PIC_THUMBNAIL cache_lookup result=hit elapsed_us=2 uri=/run/media/peet/Data-500GB/Work-FB/FB-2023-Station/20230815_102505.jpg
PIC_THUMBNAIL cache_lookup result=hit elapsed_us=3 uri=/run/media/peet/Data-500GB/Work-FB/FB-2023-Station/20230815_102443.jpg
PIC_THUMBNAIL cache_lookup result=hit elapsed_us=3 uri=/run/media/peet/Data-500GB/Work-FB/FB-2023-Station/20230815_102413.jpg
PIC_THUMBNAIL cache_lookup result=hit elapsed_us=2 uri=/run/media/peet/Data-500GB/Work-FB/FB-2023-Station/20230815_102358.jpg
PIC_THUMBNAIL cache_lookup result=hit elapsed_us=3 uri=/run/media/peet/Data-500GB/Work-FB/FB-2023-Station/20230815_102327.jpg
PIC_THUMBNAIL cache_lookup result=hit elapsed_us=2 uri=/run/media/peet/A2E00CB6E00C92A9/temp/FB-2026-Welding Workers/DSC_2213.jpg
PIC_THUMBNAIL cache_lookup result=hit elapsed_us=3 uri=/run/media/peet/Data-500GB/Work-FB/FB-Staff-Welders-2023/DSC_2175.jpg
PIC_THUMBNAIL cache_lookup result=hit elapsed_us=2 uri=/run/media/peet/Data-500GB/Work-FB/FB-Staff-Welders-2023/DSC_2172.jpg
PIC_THUMBNAIL cache_lookup result=hit elapsed_us=3 uri=/run/media/peet/Data-500GB/Work-FB/FB-Staff-Welders-2023/DSC_2168.jpg
PIC_THUMBNAIL cache_lookup result=hit elapsed_us=2 uri=/run/media/peet/Data-500GB/Work-FB/FB-Staff-Welders-2023/DSC_2164.jpg
PIC_THUMBNAIL cache_lookup result=hit elapsed_us=3 uri=/run/media/peet/Data-500GB/Work-FB/FB-Staff-Welders-2023/DSC_2153.jpg
PIC_THUMBNAIL cache_lookup result=hit elapsed_us=2 uri=/run/media/peet/Data-500GB/Work-FB/FB-Staff-Welders-2023/DSC_2152.jpg
PIC_THUMBNAIL cache_lookup result=hit elapsed_us=3 uri=/run/media/peet/Data-500GB/Work-FB/FB-Staff-Welders-2023/DSC_2151.jpg
PIC_THUMBNAIL cache_lookup result=hit elapsed_us=3 uri=/run/media/peet/Data-500GB/Work-FB/FB-Staff-Welders-2023/DSC_2142.jpg
PIC_THUMBNAIL cache_lookup result=hit elapsed_us=3 uri=/run/media/peet/Data-500GB/Work-FB/FB-Staff-Welders-2023/DSC_2143.jpg
PIC_THUMBNAIL cache_lookup result=hit elapsed_us=3 uri=/run/media/peet/Data-500GB/Work-FB/FB-Staff-Welders-2023/DSC_2140.jpg
PIC_THUMBNAIL cache_lookup result=hit elapsed_us=3 uri=/run/media/peet/Data-500GB/Work-FB/FB-Staff-Welders-2023/DSC_2135.jpg
PIC_THUMBNAIL cache_lookup result=hit elapsed_us=3 uri=/run/media/peet/Data-500GB/Work-FB/FB-Staff-Welders-2023/DSC_2136.jpg
PIC_THUMBNAIL cache_lookup result=hit elapsed_us=3 uri=/run/media/peet/Data-500GB/Work-FB/FB-Staff-Welders-2023/DSC_2134.jpg
PIC_THUMBNAIL cache_lookup result=hit elapsed_us=3 uri=/run/media/peet/Data-500GB/Work-FB/FB-Staff-Welders-2023/DSC_2133.jpg
PIC_THUMBNAIL cache_lookup result=hit elapsed_us=3 uri=/run/media/peet/Data-500GB/Work-FB/FB-Staff-Welders-2023/DSC_2131.jpg
PIC_THUMBNAIL cache_lookup result=hit elapsed_us=3 uri=/run/media/peet/Data-500GB/Work-FB/FB-Staff-Welders-2023/DSC_2130.jpg
PIC_THUMBNAIL cache_lookup result=hit elapsed_us=3 uri=/run/media/peet/Data-500GB/Work-FB/FB-Staff-Welders-2023/DSC_2129.jpg
PIC_THUMBNAIL cache_lookup result=hit elapsed_us=3 uri=/run/media/peet/Data-500GB/Work-FB/FB-Staff-Welders-2023/DSC_2127.jpg
PIC_THUMBNAIL cache_lookup result=hit elapsed_us=3 uri=/run/media/peet/Data-500GB/Work-FB/FB-Staff-Welders-2023/DSC_2122.jpg
PIC_THUMBNAIL cache_lookup result=hit elapsed_us=3 uri=/run/media/peet/Data-500GB/Work-FB/FB-Staff-Welders-2023/DSC_2121.jpg
PIC_THUMBNAIL cache_lookup result=hit elapsed_us=3 uri=/run/media/peet/Data-500GB/Work-FB/FB-Staff-Welders-2023/DSC_2120.jpg
PIC_THUMBNAIL cache_lookup result=hit elapsed_us=2 uri=/run/media/peet/Data-500GB/Work-FB/FB-Staff-Welders-2023/DSC_2119.jpg
PIC_THUMBNAIL cache_lookup result=hit elapsed_us=3 uri=/run/media/peet/Data-500GB/Work-FB/FB-2023-Burgersdorp/20230725_133345.jpg
PIC_THUMBNAIL cache_lookup result=hit elapsed_us=3 uri=/run/media/peet/Data-500GB/Work-FB/FB-2023-Burgersdorp/20230725_133338.jpg
PIC_THUMBNAIL cache_lookup result=hit elapsed_us=3 uri=/run/media/peet/Data-500GB/Work-FB/FB-2023-Burgersdorp/20230725_133328.jpg
PIC_THUMBNAIL cache_lookup result=hit elapsed_us=2 uri=/run/media/peet/Data-500GB/Work-FB/FB-2023-Burgersdorp/20230725_131033.jpg
PIC_THUMBNAIL cache_lookup result=hit elapsed_us=2 uri=/run/media/peet/Data-500GB/Work-FB/FB-2023-Burgersdorp/20230725_131023.jpg
PIC_THUMBNAIL cache_lookup result=hit elapsed_us=3 uri=/run/media/peet/Data-500GB/Work-FB/FB-2023-Burgersdorp/20230725_131001.jpg
PIC_THUMBNAIL cache_lookup result=hit elapsed_us=3 uri=/run/media/peet/Data-500GB/Work-FB/FB-2023-Burgersdorp/20230725_130733.jpg
PIC_THUMBNAIL cache_lookup result=hit elapsed_us=3 uri=/run/media/peet/Data-500GB/Work-FB/FB-2023-Burgersdorp/20230725_130659.jpg
PIC_THUMBNAIL cache_lookup result=hit elapsed_us=2 uri=/run/media/peet/Data-500GB/Work-FB/FB-2023-Burgersdorp/20230725_130639.jpg
PIC_THUMBNAIL cache_lookup result=hit elapsed_us=2 uri=/run/media/peet/Data-500GB/Work-FB/FB-2024-Collegiate-JNR/20230704_103053.jpg
PIC_THUMBNAIL cache_lookup result=hit elapsed_us=2 uri=/run/media/peet/Data-500GB/Work-FB/FB-2024-Collegiate-JNR/20230704_103048.jpg
PIC_THUMBNAIL cache_lookup result=hit elapsed_us=2 uri=/run/media/peet/Data-500GB/Work-FB/FB-2024-Collegiate-JNR/20230704_103046.jpg
PIC_THUMBNAIL cache_lookup result=hit elapsed_us=2 uri=/run/media/peet/Data-500GB/Work-FB/FB-2024-Collegiate-JNR/20230704_103032.jpg
PIC_THUMBNAIL cache_lookup result=hit elapsed_us=2 uri=/run/media/peet/Data-500GB/Work-FB/FB-2024-Collegiate-JNR/20230704_103020.jpg
PIC_THUMBNAIL cache_lookup result=hit elapsed_us=3 uri=/run/media/peet/Data-500GB/Work-FB/FB-2024-Collegiate-JNR/20230704_103011.jpg
PIC_THUMBNAIL cache_lookup result=hit elapsed_us=3 uri=/run/media/peet/Data-500GB/Work-FB/FB-2024-Collegiate-JNR/20230704_102558.jpg
PIC_THUMBNAIL cache_lookup result=hit elapsed_us=3 uri=/run/media/peet/Data-500GB/Work-FB/FB-2024-Collegiate-JNR/20230704_102455.jpg
PIC_THUMBNAIL cache_lookup result=hit elapsed_us=2 uri=/run/media/peet/Data-500GB/Work-FB/FB-2024-Collegiate-JNR/20230704_102443.jpg
PIC_THUMBNAIL cache_lookup result=hit elapsed_us=2 uri=/run/media/peet/Data-500GB/Work-FB/FB-2024-Collegiate-JNR/20230704_102428.jpg
PIC_THUMBNAIL cache_lookup result=hit elapsed_us=2 uri=/run/media/peet/Data-500GB/Work-FB/FB-2024-Collegiate-JNR/20230704_102424.jpg
PIC_THUMBNAIL cache_lookup result=hit elapsed_us=2 uri=/run/media/peet/Data-500GB/Work-FB/FB-2024-Collegiate-JNR/20230704_102407.jpg
PIC_THUMBNAIL cache_lookup result=hit elapsed_us=2 uri=/run/media/peet/Data-500GB/Work-FB/FB-2024-Collegiate-JNR/20230704_102359.jpg
PIC_THUMBNAIL cache_lookup result=hit elapsed_us=2 uri=/run/media/peet/Data-500GB/Work-FB/FB-2024-Collegiate-JNR/20230704_102319.jpg
PIC_THUMBNAIL cache_lookup result=hit elapsed_us=2 uri=/run/media/peet/Data-500GB/Work-FB/FB-2024-Collegiate-JNR/20230704_102308.jpg
PIC_THUMBNAIL cache_lookup result=hit elapsed_us=2 uri=/run/media/peet/Data-500GB/Work-FB/FB-2024-Collegiate-JNR/20230704_102303.jpg
PIC_THUMBNAIL cache_lookup result=hit elapsed_us=2 uri=/run/media/peet/Data-500GB/Work-FB/FB-2024-Collegiate-JNR/20230704_102258.jpg
PIC_THUMBNAIL cache_lookup result=hit elapsed_us=2 uri=/run/media/peet/Data-500GB/Work-FB/FB-2024-Collegiate-JNR/20230704_102243.jpg
PIC_THUMBNAIL cache_lookup result=hit elapsed_us=3 uri=/run/media/peet/Data-500GB/Work-FB/FB-2024-Collegiate-JNR/20230704_102231.jpg
PIC_THUMBNAIL cache_lookup result=hit elapsed_us=2 uri=/run/media/peet/Data-500GB/Work-FB/FB-2024-Collegiate-JNR/20230704_102218.jpg
PIC_THUMBNAIL cache_lookup result=hit elapsed_us=2 uri=/run/media/peet/Data-500GB/Work-FB/FB-2023-Substation/20230608_150411.jpg
PIC_THUMBNAIL cache_lookup result=hit elapsed_us=2 uri=/run/media/peet/Data-500GB/Work-FB/FB-2023-Substation/20230608_150358.jpg
PIC_THUMBNAIL cache_lookup result=hit elapsed_us=2 uri=/run/media/peet/Data-500GB/Work-FB/FB-2023-Substation/20230608_150337.jpg
PIC_THUMBNAIL cache_lookup result=hit elapsed_us=2 uri=/run/media/peet/Data-500GB/Work-FB/FB-2023-Substation/20230608_150328.jpg
PIC_THUMBNAIL cache_lookup result=hit elapsed_us=2 uri=/run/media/peet/Data-500GB/Work-FB/FB-2023-Substation/20230608_150321.jpg
PIC_THUMBNAIL cache_lookup result=hit elapsed_us=3 uri=/run/media/peet/Data-500GB/Work-FB/FB-2023-Substation/20230608_150305.jpg
PIC_THUMBNAIL cache_lookup result=hit elapsed_us=2 uri=/run/media/peet/Data-500GB/Work-FB/FB-2023-Substation/20230608_145053.jpg
PIC_THUMBNAIL cache_lookup result=hit elapsed_us=2 uri=/run/media/peet/Data-500GB/Work-FB/FB-2023-Substation/20230608_144952.jpg
PIC_THUMBNAIL cache_lookup result=hit elapsed_us=2 uri=/run/media/peet/Data-500GB/Work-FB/FB-2023-Substation/20230608_144939.jpg
PIC_THUMBNAIL cache_lookup result=hit elapsed_us=2 uri=/run/media/peet/Data-500GB/Work-FB/FB-2023-Substation/20230608_144806.jpg
PIC_THUMBNAIL cache_lookup result=hit elapsed_us=2 uri=/run/media/peet/Data-500GB/Work-FB/FB-2023-Substation/20230608_144520.jpg
PIC_THUMBNAIL cache_lookup result=hit elapsed_us=2 uri=/run/media/peet/Data-500GB/Work-FB/FB-2023-Substation/20230608_144458.jpg
PIC_THUMBNAIL cache_lookup result=hit elapsed_us=2 uri=/run/media/peet/Data-500GB/Work-FB/FB-2023-Substation/20230608_144344.jpg
PIC_THUMBNAIL cache_lookup result=hit elapsed_us=2 uri=/run/media/peet/Data-500GB/Work-FB/FB-2023-Substation/20230608_144045.jpg
PIC_THUMBNAIL cache_lookup result=hit elapsed_us=2 uri=/run/media/peet/Data-500GB/Work-FB/FB-2023-Substation/20230608_144021.jpg
PIC_THUMBNAIL cache_lookup result=hit elapsed_us=2 uri=/run/media/peet/Data-500GB/Work-FB/FB-2023-Substation/20230608_144005.jpg
PIC_THUMBNAIL cache_lookup result=hit elapsed_us=2 uri=/run/media/peet/Data-500GB/Work-FB/FB-2023-CPT-BeachRoad/20230606_104240(0).jpg
PIC_THUMBNAIL cache_lookup result=hit elapsed_us=3 uri=/run/media/peet/Data-500GB/Work-FB/FB-2023-CPT-BeachRoad/20230606_104159.jpg
PIC_THUMBNAIL cache_lookup result=hit elapsed_us=3 uri=/run/media/peet/Data-500GB/Work-FB/FB-2023-CPT-BeachRoad/20230606_104139.jpg
PIC_THUMBNAIL cache_lookup result=hit elapsed_us=2 uri=/run/media/peet/Data-500GB/Work-FB/FB-2023-CPT-BeachRoad/20230606_104136.jpg
PIC_THUMBNAIL cache_lookup result=hit elapsed_us=2 uri=/run/media/peet/Data-500GB/Work-FB/FB-2023-CPT-BeachRoad/20230606_104130.jpg
PIC_THUMBNAIL cache_lookup result=hit elapsed_us=2 uri=/run/media/peet/Data-500GB/Work-FB/FB-2023-CPT-BeachRoad/20230606_104113.jpg
PIC_THUMBNAIL cache_lookup result=hit elapsed_us=3 uri=/run/media/peet/Data-500GB/Work-FB/FB-2023-CPT-BeachRoad/20230606_104036.jpg
PIC_THUMBNAIL cache_lookup result=hit elapsed_us=2 uri=/run/media/peet/Data-500GB/Work-FB/FB-2023-CPT-BeachRoad/20230606_103636.jpg
PIC_THUMBNAIL cache_lookup result=hit elapsed_us=2 uri=/run/media/peet/Data-500GB/Work-FB/FB-2023-CPT-BeachRoad/20230606_103617.jpg
PIC_THUMBNAIL cache_lookup result=hit elapsed_us=2 uri=/run/media/peet/Data-500GB/Work-FB/FB-2023-CPT-BeachRoad/20230606_103545.jpg
PIC_THUMBNAIL cache_lookup result=hit elapsed_us=2 uri=/run/media/peet/Data-500GB/Work-FB/FB-2023-CPT-BeachRoad/20230606_103439.jpg
PIC_THUMBNAIL cache_lookup result=hit elapsed_us=3 uri=/run/media/peet/Data-500GB/Work-FB/FB-2023-CPT-BeachRoad/20230606_103320.jpg
PIC_THUMBNAIL cache_lookup result=hit elapsed_us=2 uri=/run/media/peet/Data-500GB/Work-FB/FB-2023-CPT-BeachRoad/20230606_103214.jpg
PIC_THUMBNAIL cache_lookup result=hit elapsed_us=2 uri=/run/media/peet/Data-500GB/Work-FB/FB-2023-CTM/20230604_095050.jpg
PIC_THUMBNAIL cache_lookup result=hit elapsed_us=9 uri=/run/media/peet/Data-500GB/Work-FB/FB-2023-CTM/20230604_095028.jpg
PIC_THUMBNAIL cache_lookup result=hit elapsed_us=2 uri=/run/media/peet/Data-500GB/Work-FB/FB-2023-CTM/20230604_095006.jpg
PIC_THUMBNAIL cache_lookup result=hit elapsed_us=3 uri=/run/media/peet/Data-500GB/Work-FB/FB-2023-CTM/20230604_094951.jpg
PIC_THUMBNAIL cache_lookup result=hit elapsed_us=3 uri=/run/media/peet/Data-500GB/Work-FB/FB-2023-CTM/20230604_094930.jpg
PIC_THUMBNAIL cache_lookup result=hit elapsed_us=3 uri=/run/media/peet/Data-500GB/Work-FB/FB-2023-CTM/20230604_094923.jpg
PIC_THUMBNAIL cache_lookup result=hit elapsed_us=2 uri=/run/media/peet/Data-500GB/Work-FB/FB-2023-CTM/20230604_094915.jpg
PIC_THUMBNAIL cache_lookup result=hit elapsed_us=2 uri=/run/media/peet/Data-500GB/Work-FB/FB-2023-CTM/20230604_094858.jpg
PIC_THUMBNAIL cache_lookup result=hit elapsed_us=2 uri=/run/media/peet/Data-500GB/Work-FB/FB-2023-CTM/20230604_094851.jpg
PIC_THUMBNAIL cache_lookup result=hit elapsed_us=2 uri=/run/media/peet/Data-500GB/Work-FB/FB-2023-CTM/20230604_094845.jpg
PIC_THUMBNAIL cache_lookup result=hit elapsed_us=2 uri=/run/media/peet/Data-500GB/Work-FB/FB-2023-CTM/20230604_094835.jpg
PIC_THUMBNAIL cache_lookup result=hit elapsed_us=2 uri=/run/media/peet/Data-500GB/Work-FB/FB-2023-CTM/20230604_094813.jpg
PIC_THUMBNAIL cache_lookup result=hit elapsed_us=2 uri=/run/media/peet/Data-500GB/Work-FB/FB-2023-CTM/20230604_094712.jpg
PIC_THUMBNAIL cache_lookup result=hit elapsed_us=2 uri=/run/media/peet/Data-500GB/Work-FB/FB-2023-CTM/20230604_094702.jpg
PIC_THUMBNAIL cache_lookup result=hit elapsed_us=2 uri=/run/media/peet/Data-500GB/Work-FB/FB-2023-CTM/20230604_094543.jpg
PIC_THUMBNAIL cache_lookup result=hit elapsed_us=2 uri=/run/media/peet/Data-500GB/Work-FB/FB-2023-CTM/20230604_094430.jpg
PIC_THUMBNAIL cache_lookup result=hit elapsed_us=2 uri=/run/media/peet/Data-500GB/Work-FB/FB-2023-CTM/20230604_094412.jpg
PIC_THUMBNAIL cache_lookup result=hit elapsed_us=2 uri=/run/media/peet/Data-500GB/Work-FB/FB-2023-CTM/20230604_094401.jpg
PIC_THUMBNAIL cache_lookup result=hit elapsed_us=2 uri=/run/media/peet/Data-500GB/Work-FB/FB-2023-CTM/20230604_094336.jpg
PIC_THUMBNAIL cache_lookup result=hit elapsed_us=2 uri=/run/media/peet/Data-500GB/Work-FB/FB-2023-CTM/20230604_094330.jpg
PIC_THUMBNAIL cache_lookup result=hit elapsed_us=2 uri=/run/media/peet/Data-500GB/Work-FB/FB-2023-CTM/20230604_094324.jpg
PIC_THUMBNAIL cache_lookup result=hit elapsed_us=2 uri=/run/media/peet/Data-500GB/Work-FB/FB-2023-CTM/20230604_094306.jpg
PIC_THUMBNAIL cache_lookup result=hit elapsed_us=2 uri=/run/media/peet/Data-500GB/Work-FB/FB-2023-CTM/20230604_094230.jpg
PIC_THUMBNAIL cache_lookup result=hit elapsed_us=2 uri=/run/media/peet/Data-500GB/Work-FB/FB-2023-CTM/20230604_094215.jpg
PIC_THUMBNAIL cache_lookup result=hit elapsed_us=2 uri=/run/media/peet/Data-500GB/Work-FB/FB-2023-CTM/20230604_094141.jpg
PIC_THUMBNAIL cache_lookup result=hit elapsed_us=2 uri=/run/media/peet/Data-500GB/Work-FB/FB-2023-CTM/20230604_094112.jpg
PIC_THUMBNAIL cache_lookup result=hit elapsed_us=2 uri=/run/media/peet/Data-500GB/Work-FB/FB-2023-CTM/20230604_094054.jpg
PIC_THUMBNAIL cache_lookup result=hit elapsed_us=2 uri=/run/media/peet/Data-500GB/Work-FB/FB-2023-CTM/20230604_094047.jpg
PIC_THUMBNAIL cache_lookup result=hit elapsed_us=2 uri=/run/media/peet/Data-500GB/Work-FB/FB-2024-Crimpers/20230531_165713.jpg
PIC_THUMBNAIL cache_lookup result=hit elapsed_us=2 uri=/run/media/peet/Data-500GB/Work-FB/FB-2024-Crimpers/20230531_165710.jpg
PIC_THUMBNAIL cache_lookup result=hit elapsed_us=2 uri=/run/media/peet/Data-500GB/Work-FB/FB-2024-Crimpers/20230531_165706.jpg
PIC_THUMBNAIL cache_lookup result=hit elapsed_us=2 uri=/run/media/peet/Data-500GB/Work-FB/FB-2024-Crimpers/20230531_165701.jpg
PIC_THUMBNAIL cache_lookup result=hit elapsed_us=2 uri=/run/media/peet/Data-500GB/Work-FB/FB-2024-Crimpers/20230531_165652.jpg
PIC_THUMBNAIL cache_lookup result=hit elapsed_us=2 uri=/run/media/peet/Data-500GB/Work-FB/FB-2024-Crimpers/20230531_165558.jpg
PIC_THUMBNAIL cache_lookup result=hit elapsed_us=2 uri=/run/media/peet/Data-500GB/Work-FB/FB-2024-Crimpers/20230531_165550.jpg
PIC_THUMBNAIL cache_lookup result=hit elapsed_us=2 uri=/run/media/peet/Data-500GB/Work-FB/FB-2024-Crimpers/20230531_165541.jpg
PIC_THUMBNAIL cache_lookup result=hit elapsed_us=2 uri=/run/media/peet/Data-500GB/Work-FB/FB-2024-Crimpers/20230531_165535.jpg
PIC_THUMBNAIL cache_lookup result=hit elapsed_us=2 uri=/run/media/peet/Data-500GB/Work-FB/FB-2024-Crimpers/20230531_165528.jpg
PIC_THUMBNAIL cache_lookup result=hit elapsed_us=2 uri=/run/media/peet/Data-500GB/Work-FB/FB-2024-Crimpers/20230531_165517.jpg
PIC_THUMBNAIL cache_lookup result=hit elapsed_us=2 uri=/run/media/peet/Data-500GB/Work-FB/Drone Building/DJI_0051.jpg
PIC_THUMBNAIL cache_lookup result=hit elapsed_us=2 uri=/run/media/peet/Data-500GB/Work-FB/Drone Building/DJI_0050.jpg
PIC_THUMBNAIL cache_lookup result=hit elapsed_us=2 uri=/run/media/peet/Data-500GB/Work-FB/Drone Building/DJI_0048.jpg
PIC_THUMBNAIL cache_lookup result=hit elapsed_us=2 uri=/run/media/peet/Data-500GB/Work-FB/Drone Building/DJI_0047.jpg
PIC_THUMBNAIL cache_lookup result=hit elapsed_us=2 uri=/run/media/peet/Data-500GB/Work-FB/Drone Building/DJI_0046.jpg
PIC_THUMBNAIL cache_lookup result=hit elapsed_us=2 uri=/run/media/peet/Data-500GB/Work-FB/Drone Building/DJI_0045.jpg
PIC_THUMBNAIL cache_lookup result=hit elapsed_us=2 uri=/run/media/peet/Data-500GB/Work-FB/Drone Building/DJI_0044.jpg
PIC_THUMBNAIL cache_lookup result=hit elapsed_us=2 uri=/run/media/peet/Data-500GB/Work-FB/Drone Building/DJI_0043.jpg
PIC_THUMBNAIL cache_lookup result=hit elapsed_us=2 uri=/run/media/peet/Data-500GB/Work-FB/Drone Building/DJI_0042.jpg
PIC_THUMBNAIL cache_lookup result=hit elapsed_us=2 uri=/run/media/peet/Data-500GB/Work-FB/Drone Building/DJI_0039.jpg
PIC_THUMBNAIL cache_lookup result=hit elapsed_us=2 uri=/run/media/peet/Data-500GB/Work-FB/Drone Building/DJI_0037.jpg
PIC_THUMBNAIL cache_lookup result=hit elapsed_us=2 uri=/run/media/peet/Data-500GB/Work-FB/Drone Building/DJI_0036.jpg
PIC_THUMBNAIL cache_lookup result=hit elapsed_us=2 uri=/run/media/peet/Data-500GB/Work-FB/Drone Building/DJI_0031.jpg
PIC_THUMBNAIL cache_lookup result=hit elapsed_us=2 uri=/run/media/peet/Data-500GB/Work-FB/Drone Building/DJI_0030.jpg
PIC_THUMBNAIL cache_lookup result=hit elapsed_us=2 uri=/run/media/peet/Data-500GB/Work-FB/Drone Building/DJI_0029.jpg
PIC_THUMBNAIL cache_lookup result=hit elapsed_us=2 uri=/run/media/peet/Data-500GB/Work-FB/Drone Building/DJI_0027.jpg
PIC_THUMBNAIL cache_lookup result=hit elapsed_us=2 uri=/run/media/peet/Data-500GB/Work-FB/Drone Building/DJI_0026.jpg
PIC_THUMBNAIL cache_lookup result=hit elapsed_us=2 uri=/run/media/peet/Data-500GB/Work-FB/Drone Building/DJI_0025.jpg
PIC_THUMBNAIL cache_lookup result=hit elapsed_us=3 uri=/run/media/peet/Data-500GB/Work-FB/Drone Building/DJI_0024.jpg
PIC_THUMBNAIL cache_lookup result=hit elapsed_us=2 uri=/run/media/peet/Data-500GB/Work-FB/Drone Building/DJI_0022.jpg
PIC_THUMBNAIL cache_lookup result=hit elapsed_us=3 uri=/run/media/peet/Data-500GB/Work-FB/Drone Building/DJI_0020.jpg
PIC_THUMBNAIL cache_lookup result=hit elapsed_us=3 uri=/run/media/peet/Data-500GB/Work-FB/Drone Building/DJI_0019.jpg
PIC_THUMBNAIL cache_lookup result=hit elapsed_us=3 uri=/run/media/peet/Data-500GB/Work-FB/Drone Building/DJI_0018.jpg
PIC_THUMBNAIL cache_lookup result=hit elapsed_us=2 uri=/run/media/peet/Data-500GB/Work-FB/Drone Building/DJI_0017.jpg
PIC_THUMBNAIL cache_lookup result=hit elapsed_us=2 uri=/run/media/peet/Data-500GB/Work-FB/Drone Building/DJI_0016.jpg
PIC_THUMBNAIL cache_lookup result=hit elapsed_us=2 uri=/run/media/peet/Data-500GB/Work-FB/Drone Building/DJI_0015.jpg
PIC_THUMBNAIL cache_lookup result=hit elapsed_us=2 uri=/run/media/peet/Data-500GB/Work-FB/Drone Building/DJI_0014.jpg
PIC_THUMBNAIL cache_lookup result=hit elapsed_us=2 uri=/run/media/peet/Data-500GB/Work-FB/Drone Building/DJI_0013.jpg
PIC_THUMBNAIL cache_lookup result=hit elapsed_us=2 uri=/run/media/peet/Data-500GB/Work-FB/Drone Building/DJI_0011.jpg
PIC_THUMBNAIL cache_lookup result=hit elapsed_us=2 uri=/run/media/peet/Data-500GB/Work-FB/Drone Building/DJI_0010.jpg
PIC_THUMBNAIL cache_lookup result=hit elapsed_us=2 uri=/run/media/peet/Data-500GB/Work-FB/Drone Building/DJI_0009.jpg
PIC_THUMBNAIL cache_lookup result=hit elapsed_us=2 uri=/run/media/peet/Data-500GB/Work-FB/Drone Building/DJI_0008.jpg
PIC_THUMBNAIL cache_lookup result=hit elapsed_us=2 uri=/run/media/peet/Data-500GB/Work-FB/Drone Building/DJI_0007.jpg
PIC_THUMBNAIL cache_lookup result=hit elapsed_us=3 uri=/run/media/peet/Data-500GB/Work-FB/Drone Building/DJI_0006.jpg
PIC_THUMBNAIL cache_lookup result=hit elapsed_us=3 uri=/run/media/peet/Data-500GB/Work-FB/Drone Building/DJI_0004.jpg
PIC_THUMBNAIL cache_lookup result=hit elapsed_us=2 uri=/run/media/peet/Data-500GB/Work-FB/Drone Building/DJI_0003.jpg
PIC_THUMBNAIL cache_lookup result=hit elapsed_us=2 uri=/run/media/peet/Data-500GB/Work-FB/Drone Building/DJI_0002.jpg
PIC_THUMBNAIL cache_lookup result=hit elapsed_us=3 uri=/run/media/peet/Data-500GB/Work-FB/Drone Building/DJI_0001.jpg
PIC_THUMBNAIL cache_lookup result=hit elapsed_us=2 uri=/run/media/peet/Data-500GB/Work-FB/FB-2024-FarmFence/20230503_121119.jpg
PIC_THUMBNAIL cache_lookup result=hit elapsed_us=3 uri=/run/media/peet/Data-500GB/Work-FB/FB-2024-FarmFence/20230503_121115.jpg
PIC_THUMBNAIL cache_lookup result=hit elapsed_us=3 uri=/run/media/peet/Data-500GB/Work-FB/FB-2024-FarmFence/20230503_121111.jpg
PIC_THUMBNAIL cache_lookup result=hit elapsed_us=2 uri=/run/media/peet/Data-500GB/Work-FB/FB-2024-FarmFence/20230503_120845.jpg
PIC_THUMBNAIL cache_lookup result=hit elapsed_us=2 uri=/run/media/peet/Data-500GB/Work-FB/FB-2024-HMF Pferd/20230502_142705.jpg
PIC_THUMBNAIL cache_lookup result=hit elapsed_us=2 uri=/run/media/peet/Data-500GB/Work-FB/FB-2024-HMF Pferd/20230502_142701.jpg
PIC_THUMBNAIL cache_lookup result=hit elapsed_us=2 uri=/run/media/peet/Data-500GB/Work-FB/FB-2024-HMF Pferd/20230502_142659.jpg
PIC_THUMBNAIL cache_lookup result=hit elapsed_us=2 uri=/run/media/peet/Data-500GB/Work-FB/FB-2024-HMF Pferd/20230502_142629.jpg
PIC_THUMBNAIL cache_lookup result=hit elapsed_us=2 uri=/run/media/peet/Data-500GB/Work-FB/FB-2024-HMF Pferd/20230502_142610.jpg
PIC_THUMBNAIL cache_lookup result=hit elapsed_us=2 uri=/run/media/peet/Data-500GB/Work-FB/FB-2024-HMF Pferd/20230502_142548.jpg
PIC_THUMBNAIL cache_lookup result=hit elapsed_us=3 uri=/run/media/peet/Data-500GB/Work-FB/FB-2024-HMF Pferd/20230502_142544.jpg
PIC_THUMBNAIL cache_lookup result=hit elapsed_us=3 uri=/run/media/peet/Data-500GB/Work-FB/FB-2024-HMF Pferd/20230502_142534.jpg
PIC_THUMBNAIL cache_lookup result=hit elapsed_us=2 uri=/run/media/peet/Data-500GB/Work-FB/FB-2024-HMF Pferd/20230502_142530.jpg
PIC_THUMBNAIL cache_lookup result=hit elapsed_us=2 uri=/run/media/peet/Data-500GB/Work-FB/FB-2024-HMF Pferd/20230502_142521.jpg
PIC_THUMBNAIL cache_lookup result=hit elapsed_us=2 uri=/run/media/peet/Data-500GB/Work-FB/FB-2024-HMF Pferd/20230502_142458.jpg
PIC_THUMBNAIL cache_lookup result=hit elapsed_us=2 uri=/run/media/peet/Data-500GB/Work-FB/FB-2024-HMF Pferd/20230502_142445.jpg
PIC_THUMBNAIL cache_lookup result=hit elapsed_us=2 uri=/run/media/peet/Data-500GB/Work-FB/FB-2024-HMF Pferd/20230502_142438.jpg
PIC_THUMBNAIL cache_lookup result=hit elapsed_us=2 uri=/run/media/peet/Data-500GB/Work-FB/FB-2023-GrandPrix/20230502_141113.jpg
PIC_THUMBNAIL cache_lookup result=hit elapsed_us=2 uri=/run/media/peet/Data-500GB/Work-FB/FB-2023-GrandPrix/20230502_141111.jpg
PIC_THUMBNAIL cache_lookup result=hit elapsed_us=2 uri=/run/media/peet/Data-500GB/Work-FB/FB-2023-GrandPrix/20230502_141039.jpg
PIC_THUMBNAIL cache_lookup result=hit elapsed_us=2 uri=/run/media/peet/Data-500GB/Work-FB/FB-2023-GrandPrix/20230502_141022.jpg
PIC_THUMBNAIL cache_lookup result=hit elapsed_us=2 uri=/run/media/peet/Data-500GB/Work-FB/FB-2023-GrandPrix/20230502_141020.jpg
PIC_THUMBNAIL cache_lookup result=hit elapsed_us=2 uri=/run/media/peet/Data-500GB/Work-FB/FB-2023-GrandPrix/20230502_141011.jpg
PIC_THUMBNAIL cache_lookup result=hit elapsed_us=2 uri=/run/media/peet/Data-500GB/Work-FB/FB-2023-GrandPrix/20230502_140933.jpg
PIC_THUMBNAIL cache_lookup result=hit elapsed_us=3 uri=/run/media/peet/Data-500GB/Work-FB/FB-2023-GrandPrix/20230502_140918.jpg
PIC_THUMBNAIL cache_lookup result=hit elapsed_us=2 uri=/run/media/peet/Data-500GB/Work-FB/FB-2023-GrandPrix/20230502_140916.jpg
PIC_THUMBNAIL cache_lookup result=hit elapsed_us=3 uri=/run/media/peet/Data-500GB/Work-FB/FB-2023-GrandPrix/20230502_140216.jpg
PIC_THUMBNAIL cache_lookup result=hit elapsed_us=2 uri=/run/media/peet/Data-500GB/Work-FB/FB-2023-Defy/20230502_140159.jpg
PIC_THUMBNAIL cache_lookup result=hit elapsed_us=3 uri=/run/media/peet/Data-500GB/Work-FB/FB-2023-Defy/20230502_140152.jpg
PIC_THUMBNAIL cache_lookup result=hit elapsed_us=3 uri=/run/media/peet/Data-500GB/Work-FB/FB-2023-Defy/20230502_135946.jpg
PIC_THUMBNAIL cache_lookup result=hit elapsed_us=2 uri=/run/media/peet/Data-500GB/Work-FB/FB-2023-Defy/20230502_135940.jpg
PIC_THUMBNAIL cache_lookup result=hit elapsed_us=2 uri=/run/media/peet/Data-500GB/Work-FB/FB-2023-Defy/20230502_135936.jpg
PIC_THUMBNAIL cache_lookup result=hit elapsed_us=3 uri=/run/media/peet/Data-500GB/Work-FB/FB-2023-Defy/20230502_135838.jpg
PIC_THUMBNAIL cache_lookup result=hit elapsed_us=2 uri=/run/media/peet/Data-500GB/Work-FB/FB-2023-Defy/20230502_135830.jpg
PIC_THUMBNAIL cache_lookup result=hit elapsed_us=2 uri=/run/media/peet/Data-500GB/Work-FB/FB-2023-Defy/20230502_135827.jpg
PIC_THUMBNAIL cache_lookup result=hit elapsed_us=2 uri=/run/media/peet/Data-500GB/Work-FB/FB-2023-Defy/20230502_135738-2.jpg
PIC_THUMBNAIL cache_lookup result=hit elapsed_us=2 uri=/run/media/peet/Data-500GB/Work-FB/FB-2023-Defy/20230502_135738-3.jpg
PIC_THUMBNAIL cache_lookup result=hit elapsed_us=2 uri=/run/media/peet/Data-500GB/Work-FB/FB-2023-Defy/20230502_135738-4.jpg
PIC_THUMBNAIL cache_lookup result=hit elapsed_us=2 uri=/run/media/peet/Data-500GB/Work-FB/FB-2023-Defy/20230502_135738-5.jpg
PIC_THUMBNAIL cache_lookup result=hit elapsed_us=3 uri=/run/media/peet/Data-500GB/Work-FB/FB-2023-Defy/20230502_135738.jpg
PIC_THUMBNAIL cache_lookup result=hit elapsed_us=2 uri=/run/media/peet/Data-500GB/Work-FB/FB-2023-Defy/20230502_135730.jpg
PIC_THUMBNAIL cache_lookup result=hit elapsed_us=2 uri=/run/media/peet/Data-500GB/Work-FB/FB-2023-Defy/20230502_135722.jpg
PIC_THUMBNAIL cache_lookup result=hit elapsed_us=2 uri=/run/media/peet/Data-500GB/Work-FB/FB-2023-KabegaHomeGate/20230502_134315.jpg
PIC_THUMBNAIL cache_lookup result=hit elapsed_us=2 uri=/run/media/peet/Data-500GB/Work-FB/FB-2023-KabegaHomeGate/20230502_134312.jpg
PIC_THUMBNAIL cache_lookup result=hit elapsed_us=3 uri=/run/media/peet/Data-500GB/Work-FB/FB-2023-KabegaHomeGate/20230502_134310.jpg
PIC_THUMBNAIL cache_lookup result=hit elapsed_us=2 uri=/run/media/peet/Data-500GB/Work-FB/FB-2023-KabegaHomeGate/20230502_134309.jpg
PIC_THUMBNAIL cache_lookup result=hit elapsed_us=2 uri=/run/media/peet/Data-500GB/Work-FB/FB-2023-CPT-Get Worth Richmond Park Weskaap/20230420_111015.jpg
PIC_THUMBNAIL cache_lookup result=hit elapsed_us=2 uri=/run/media/peet/Data-500GB/Work-FB/FB-2023-CPT-Get Worth Richmond Park Weskaap/20230420_110952.jpg
PIC_THUMBNAIL cache_lookup result=hit elapsed_us=2 uri=/run/media/peet/Data-500GB/Work-FB/FB-2023-CPT-Get Worth Richmond Park Weskaap/20230420_110938.jpg
PIC_THUMBNAIL cache_lookup result=hit elapsed_us=2 uri=/run/media/peet/Data-500GB/Work-FB/FB-2023-CPT-Get Worth Richmond Park Weskaap/20230420_110922.jpg
PIC_THUMBNAIL cache_lookup result=hit elapsed_us=2 uri=/run/media/peet/Data-500GB/Work-FB/FB-2023-CPT-Get Worth Richmond Park Weskaap/20230420_110904.jpg
PIC_THUMBNAIL cache_lookup result=hit elapsed_us=2 uri=/run/media/peet/Data-500GB/Work-FB/FB-2023-CPT-Get Worth Richmond Park Weskaap/20230420_104842.jpg
PIC_THUMBNAIL cache_lookup result=hit elapsed_us=2 uri=/run/media/peet/Data-500GB/Work-FB/FB-2023-CPT-Get Worth Richmond Park Weskaap/20230420_104835.jpg
PIC_THUMBNAIL cache_lookup result=hit elapsed_us=3 uri=/run/media/peet/Data-500GB/Work-FB/FB-2023-CPT-Get Worth Richmond Park Weskaap/20230420_104830.jpg
PIC_THUMBNAIL cache_lookup result=hit elapsed_us=3 uri=/run/media/peet/Data-500GB/Work-FB/FB-2023-CPT-Get Worth Richmond Park Weskaap/20230420_104826.jpg
PIC_THUMBNAIL cache_lookup result=hit elapsed_us=2 uri=/run/media/peet/Data-500GB/Work-FB/FB-2023-CPT-Get Worth Richmond Park Weskaap/20230420_104808.jpg
PIC_THUMBNAIL cache_lookup result=hit elapsed_us=3 uri=/run/media/peet/Data-500GB/Work-FB/FB-2023-CPT-Get Worth Richmond Park Weskaap/20230420_104801.jpg
PIC_THUMBNAIL cache_lookup result=hit elapsed_us=2 uri=/run/media/peet/Data-500GB/Work-FB/FB-2023-CPT-Get Worth Richmond Park Weskaap/20230420_104746.jpg
PIC_THUMBNAIL cache_lookup result=hit elapsed_us=2 uri=/run/media/peet/Data-500GB/Work-FB/FB-2023-CPT-Get Worth Richmond Park Weskaap/20230420_104736.jpg
PIC_THUMBNAIL cache_lookup result=hit elapsed_us=2 uri=/run/media/peet/Data-500GB/Work-FB/FB-2023-CPT-Get Worth Richmond Park Weskaap/20230420_104731.jpg
PIC_THUMBNAIL cache_lookup result=hit elapsed_us=2 uri=/run/media/peet/Data-500GB/Work-FB/FB-2023-CPT-Get Worth Richmond Park Weskaap/20230420_104723.jpg
PIC_THUMBNAIL cache_lookup result=hit elapsed_us=2 uri=/run/media/peet/Data-500GB/Work-FB/FB-2023-CPT-Get Worth Richmond Park Weskaap/20230420_104711.jpg
PIC_THUMBNAIL cache_lookup result=hit elapsed_us=2 uri=/run/media/peet/Data-500GB/Work-FB/FB-2023-CPT-Get Worth Richmond Park Weskaap/20230420_104703.jpg
PIC_THUMBNAIL cache_lookup result=hit elapsed_us=2 uri=/run/media/peet/Data-500GB/Work-FB/FB-2023-CPT-Get Worth Richmond Park Weskaap/20230420_104700.jpg
PIC_THUMBNAIL cache_lookup result=hit elapsed_us=3 uri=/run/media/peet/Data-500GB/Work-FB/FB-2023-CPT-WeBuyCards Montague/20230420_104348.jpg
PIC_THUMBNAIL cache_lookup result=hit elapsed_us=3 uri=/run/media/peet/Data-500GB/Work-FB/FB-2023-CPT-WeBuyCards Montague/20230420_104344.jpg
PIC_THUMBNAIL cache_lookup result=hit elapsed_us=3 uri=/run/media/peet/Data-500GB/Work-FB/FB-2023-CPT-WeBuyCards Montague/20230420_104329.jpg
PIC_THUMBNAIL cache_lookup result=hit elapsed_us=3 uri=/run/media/peet/Data-500GB/Work-FB/FB-2023-CPT-WeBuyCards Montague/20230420_104322.jpg
PIC_THUMBNAIL cache_lookup result=hit elapsed_us=3 uri=/run/media/peet/Data-500GB/Work-FB/FB-2023-CPT-WeBuyCards Montague/20230420_104314.jpg
PIC_THUMBNAIL cache_lookup result=hit elapsed_us=3 uri=/run/media/peet/Data-500GB/Work-FB/FB-2023-CPT-WeBuyCards Montague/20230420_104302.jpg
PIC_THUMBNAIL cache_lookup result=hit elapsed_us=3 uri=/run/media/peet/Data-500GB/Work-FB/FB-2023-CPT-WeBuyCards Montague/20230420_104254.jpg
PIC_THUMBNAIL cache_lookup result=hit elapsed_us=3 uri=/run/media/peet/Data-500GB/Work-FB/FB-2023-CPT-WeBuyCards Montague/20230420_104048.jpg
PIC_THUMBNAIL cache_lookup result=hit elapsed_us=3 uri=/run/media/peet/Data-500GB/Work-FB/FB-2023-CPT-WeBuyCards Montague/20230420_104022.jpg
PIC_THUMBNAIL cache_lookup result=hit elapsed_us=3 uri=/run/media/peet/Data-500GB/Work-FB/FB-2023-CPT-WeBuyCards Montague/20230420_104016.jpg
PIC_THUMBNAIL cache_lookup result=hit elapsed_us=3 uri=/run/media/peet/Data-500GB/Work-FB/FB-2023-CPT-WeBuyCards Montague/20230420_104007.jpg
PIC_THUMBNAIL cache_lookup result=hit elapsed_us=2 uri=/run/media/peet/Data-500GB/Work-FB/FB-2023-CPT-WeBuyCards Montague/20230420_103959.jpg
PIC_THUMBNAIL cache_lookup result=hit elapsed_us=2 uri=/run/media/peet/Data-500GB/Work-FB/FB-2023-CPT-WeBuyCards Montague/20230420_103950.jpg
PIC_THUMBNAIL cache_lookup result=hit elapsed_us=2 uri=/run/media/peet/Data-500GB/Work-FB/FB-2023-CPT-WeBuyCards Montague/20230420_103937.jpg
PIC_THUMBNAIL cache_lookup result=hit elapsed_us=2 uri=/run/media/peet/Data-500GB/Work-FB/FB-2023-CPT-WeBuyCards Montague/20230420_103934.jpg
PIC_THUMBNAIL cache_lookup result=hit elapsed_us=2 uri=/run/media/peet/Data-500GB/Work-FB/FB-2023-CPT-WeBuyCards Montague/20230420_103905.jpg
PIC_THUMBNAIL cache_lookup result=hit elapsed_us=2 uri=/run/media/peet/Data-500GB/Work-FB/FB-2023-CPT-WeBuyCards Montague/20230420_102207.jpg
PIC_THUMBNAIL cache_lookup result=hit elapsed_us=3 uri=/run/media/peet/Data-500GB/Work-FB/FB-2024-Internal Fence/HMF Internal ClearVu Fence (15).jpg
PIC_THUMBNAIL cache_lookup result=hit elapsed_us=2 uri=/run/media/peet/Data-500GB/Work-FB/FB-2023-CPT-WeBuyCards Montague/20230420_102202.jpg
PIC_THUMBNAIL cache_lookup result=hit elapsed_us=3 uri=/run/media/peet/Data-500GB/Work-FB/FB-2024-Internal Fence/HMF Internal ClearVu Fence (14).jpg
PIC_THUMBNAIL cache_lookup result=hit elapsed_us=3 uri=/run/media/peet/Data-500GB/Work-FB/FB-2024-Internal Fence/HMF Internal ClearVu Fence (13).jpg
PIC_THUMBNAIL cache_lookup result=hit elapsed_us=2 uri=/run/media/peet/Data-500GB/Work-FB/FB-2023-CPT-We Buy Cars Brackenfell Weskaap/20230420_092600.jpg
PIC_THUMBNAIL cache_lookup result=hit elapsed_us=3 uri=/run/media/peet/Data-500GB/Work-FB/FB-2023-CPT-We Buy Cars Brackenfell Weskaap/20230420_092524.jpg
PIC_THUMBNAIL cache_lookup result=hit elapsed_us=3 uri=/run/media/peet/Data-500GB/Work-FB/FB-2023-CPT-We Buy Cars Brackenfell Weskaap/20230420_092511.jpg
PIC_THUMBNAIL cache_lookup result=hit elapsed_us=2 uri=/run/media/peet/Data-500GB/Work-FB/FB-2023-CPT-We Buy Cars Brackenfell Weskaap/20230420_092436.jpg
PIC_THUMBNAIL cache_lookup result=hit elapsed_us=2 uri=/run/media/peet/Data-500GB/Work-FB/FB-2023-CPT-We Buy Cars Brackenfell Weskaap/20230420_090126.jpg
PIC_THUMBNAIL cache_lookup result=hit elapsed_us=2 uri=/run/media/peet/Data-500GB/Work-FB/FB-2023-CPT-We Buy Cars Brackenfell Weskaap/20230420_090105.jpg
PIC_THUMBNAIL cache_lookup result=hit elapsed_us=3 uri=/run/media/peet/Data-500GB/Work-FB/FB-2023-CPT-We Buy Cars Brackenfell Weskaap/20230420_090057.jpg
PIC_THUMBNAIL cache_lookup result=hit elapsed_us=2 uri=/run/media/peet/Data-500GB/Work-FB/FB-2023-CPT-We Buy Cars Brackenfell Weskaap/20230420_090045.jpg
PIC_THUMBNAIL cache_lookup result=hit elapsed_us=2 uri=/run/media/peet/Data-500GB/Work-FB/FB-2023-CPT-We Buy Cars Brackenfell Weskaap/20230420_090042.jpg
PIC_THUMBNAIL cache_lookup result=hit elapsed_us=2 uri=/run/media/peet/Data-500GB/Work-FB/FB-2023-CPT-We Buy Cars Brackenfell Weskaap/20230420_090011.jpg
PIC_THUMBNAIL cache_lookup result=hit elapsed_us=3 uri=/run/media/peet/Data-500GB/Work-FB/FB-2023-CPT-Kayamnandi Weskaap/20230419_122156.jpg
PIC_THUMBNAIL cache_lookup result=hit elapsed_us=3 uri=/run/media/peet/Data-500GB/Work-FB/FB-2023-CPT-Kayamnandi Weskaap/20230419_122133.jpg
PIC_THUMBNAIL cache_lookup result=hit elapsed_us=2 uri=/run/media/peet/Data-500GB/Work-FB/FB-2023-CPT-Kayamnandi Weskaap/20230419_122125.jpg
PIC_THUMBNAIL cache_lookup result=hit elapsed_us=2 uri=/run/media/peet/Data-500GB/Work-FB/FB-2023-CPT-Kayamnandi Weskaap/20230419_122121.jpg
PIC_THUMBNAIL cache_lookup result=hit elapsed_us=2 uri=/run/media/peet/Data-500GB/Work-FB/FB-2023-CPT-Kayamnandi Weskaap/20230419_122057.jpg
PIC_THUMBNAIL cache_lookup result=hit elapsed_us=2 uri=/run/media/peet/Data-500GB/Work-FB/FB-2023-CPT-Kayamnandi Weskaap/20230419_122048.jpg
PIC_THUMBNAIL cache_lookup result=hit elapsed_us=2 uri=/run/media/peet/Data-500GB/Work-FB/FB-2023-CPT-Kayamnandi Weskaap/20230419_122040.jpg
PIC_THUMBNAIL cache_lookup result=hit elapsed_us=3 uri=/run/media/peet/Data-500GB/Work-FB/FB-2023-CPT-Kayamnandi Weskaap/20230419_122036.jpg
PIC_THUMBNAIL cache_lookup result=hit elapsed_us=3 uri=/run/media/peet/Data-500GB/Work-FB/FB-2023-CPT-Kayamnandi Weskaap/20230419_122022.jpg
PIC_THUMBNAIL cache_lookup result=hit elapsed_us=3 uri=/run/media/peet/Data-500GB/Work-FB/FB-2023-CPT-Kayamnandi Weskaap/20230419_122006.jpg
PIC_THUMBNAIL cache_lookup result=hit elapsed_us=2 uri=/run/media/peet/Data-500GB/Work-FB/FB-2023-CPT-Kayamnandi Weskaap/20230419_121956.jpg
PIC_THUMBNAIL cache_lookup result=hit elapsed_us=3 uri=/run/media/peet/Data-500GB/Work-FB/FB-2023-CPT-Kayamnandi Weskaap/20230419_121605.jpg
PIC_THUMBNAIL cache_lookup result=hit elapsed_us=2 uri=/run/media/peet/Data-500GB/Work-FB/FB-2023-Netcare akeso/20230419_112524.jpg
PIC_THUMBNAIL cache_lookup result=hit elapsed_us=3 uri=/run/media/peet/Data-500GB/Work-FB/FB-2024-Internal Fence/HMF Internal ClearVu Fence (12).jpg
PIC_THUMBNAIL cache_lookup result=hit elapsed_us=2 uri=/run/media/peet/Data-500GB/Work-FB/FB-2023-Netcare akeso/20230419_112418.jpg
PIC_THUMBNAIL cache_lookup result=hit elapsed_us=3 uri=/run/media/peet/Data-500GB/Work-FB/FB-2023-Netcare akeso/20230419_112351.jpg
PIC_THUMBNAIL cache_lookup result=hit elapsed_us=2 uri=/run/media/peet/Data-500GB/Work-FB/FB-2023-Netcare akeso/20230419_112341.jpg
PIC_THUMBNAIL cache_lookup result=hit elapsed_us=2 uri=/run/media/peet/Data-500GB/Work-FB/FB-2023-Netcare akeso/20230419_112328.jpg
PIC_THUMBNAIL cache_lookup result=hit elapsed_us=2 uri=/run/media/peet/Data-500GB/Work-FB/FB-2023-Netcare akeso/20230419_112306.jpg
PIC_THUMBNAIL cache_lookup result=hit elapsed_us=2 uri=/run/media/peet/Data-500GB/Work-FB/FB-2023-Netcare akeso/20230419_112226.jpg
PIC_THUMBNAIL cache_lookup result=hit elapsed_us=2 uri=/run/media/peet/Data-500GB/Work-FB/FB-2023-Netcare akeso/20230419_112157.jpg
PIC_THUMBNAIL cache_lookup result=hit elapsed_us=2 uri=/run/media/peet/Data-500GB/Work-FB/FB-2023-Netcare akeso/20230419_112147.jpg
PIC_THUMBNAIL cache_lookup result=hit elapsed_us=2 uri=/run/media/peet/Data-500GB/Work-FB/FB-2023-Netcare akeso/20230419_112141.jpg
PIC_THUMBNAIL cache_lookup result=hit elapsed_us=2 uri=/run/media/peet/Data-500GB/Work-FB/FB-2023-Netcare akeso/20230419_111955.jpg
PIC_THUMBNAIL cache_lookup result=hit elapsed_us=2 uri=/run/media/peet/Data-500GB/Work-FB/FB-2023-Netcare akeso/20230419_111945.jpg
PIC_THUMBNAIL cache_lookup result=hit elapsed_us=2 uri=/run/media/peet/Data-500GB/Work-FB/FB-2023-Netcare akeso/20230419_111831.jpg
PIC_THUMBNAIL cache_lookup result=hit elapsed_us=2 uri=/run/media/peet/Data-500GB/Work-FB/FB-2023-Netcare akeso/20230419_111649.jpg
PIC_THUMBNAIL cache_lookup result=hit elapsed_us=2 uri=/run/media/peet/Data-500GB/Work-FB/FB-2023-Netcare akeso/20230419_111535.jpg
PIC_THUMBNAIL cache_lookup result=hit elapsed_us=2 uri=/run/media/peet/Data-500GB/Work-FB/FB-2023-Netcare akeso/20230419_111522.jpg
PIC_THUMBNAIL cache_lookup result=hit elapsed_us=2 uri=/run/media/peet/Data-500GB/Work-FB/FB-2023-Netcare akeso/20230419_111507.jpg
PIC_THUMBNAIL cache_lookup result=hit elapsed_us=2 uri=/run/media/peet/Data-500GB/Work-FB/FB-2023-Netcare akeso/20230419_111435.jpg
PIC_THUMBNAIL cache_lookup result=hit elapsed_us=2 uri=/run/media/peet/Data-500GB/Work-FB/FB-2023-Netcare akeso/20230419_111412.jpg
PIC_THUMBNAIL cache_lookup result=hit elapsed_us=2 uri=/run/media/peet/Data-500GB/Work-FB/FB-2023-Netcare akeso/20230419_111349.jpg
PIC_THUMBNAIL cache_lookup result=hit elapsed_us=2 uri=/run/media/peet/Data-500GB/Work-FB/FB-2023-Netcare akeso/20230419_111324.jpg
PIC_THUMBNAIL cache_lookup result=hit elapsed_us=2 uri=/run/media/peet/Data-500GB/Work-FB/FB-2023-Netcare akeso/20230419_111316.jpg
PIC_THUMBNAIL cache_lookup result=hit elapsed_us=3 uri=/run/media/peet/Data-500GB/Work-FB/FB-2023-CPT-Driekoppen Farm Weskaap/20230419_101632.jpg
PIC_THUMBNAIL cache_lookup result=hit elapsed_us=2 uri=/run/media/peet/Data-500GB/Work-FB/FB-2023-CPT-Driekoppen Farm Weskaap/20230419_101553.jpg
PIC_THUMBNAIL cache_lookup result=hit elapsed_us=2 uri=/run/media/peet/Data-500GB/Work-FB/FB-2023-CPT-Driekoppen Farm Weskaap/20230419_101528.jpg
PIC_THUMBNAIL cache_lookup result=hit elapsed_us=3 uri=/run/media/peet/Data-500GB/Work-FB/FB-2023-CPT-Driekoppen Farm Weskaap/20230419_101525.jpg
PIC_THUMBNAIL cache_lookup result=hit elapsed_us=2 uri=/run/media/peet/Data-500GB/Work-FB/FB-2023-CPT-Driekoppen Farm Weskaap/20230419_101509.jpg
PIC_THUMBNAIL cache_lookup result=hit elapsed_us=3 uri=/run/media/peet/Data-500GB/Work-FB/FB-2023-CPT-Driekoppen Farm Weskaap/20230419_101450.jpg
PIC_THUMBNAIL cache_lookup result=hit elapsed_us=2 uri=/run/media/peet/Data-500GB/Work-FB/FB-2023-CPT-Driekoppen Farm Weskaap/20230419_101448.jpg
PIC_THUMBNAIL cache_lookup result=hit elapsed_us=2 uri=/run/media/peet/Data-500GB/Work-FB/FB-2023-CPT-Driekoppen Farm Weskaap/20230419_100215.jpg
PIC_THUMBNAIL cache_lookup result=hit elapsed_us=2 uri=/run/media/peet/Data-500GB/Work-FB/FB-2023-CPT-Driekoppen Farm Weskaap/20230419_100206.jpg
PIC_THUMBNAIL cache_lookup result=hit elapsed_us=2 uri=/run/media/peet/Data-500GB/Work-FB/FB-2023-CPT-Driekoppen Farm Weskaap/20230419_100203-2.jpg
PIC_THUMBNAIL cache_lookup result=hit elapsed_us=2 uri=/run/media/peet/Data-500GB/Work-FB/FB-2023-CPT-Driekoppen Farm Weskaap/20230419_100203-3.jpg
PIC_THUMBNAIL cache_lookup result=hit elapsed_us=2 uri=/run/media/peet/Data-500GB/Work-FB/FB-2023-CPT-Driekoppen Farm Weskaap/20230419_100203.jpg
PIC_THUMBNAIL cache_lookup result=hit elapsed_us=2 uri=/run/media/peet/Data-500GB/Work-FB/FB-2023-CPT-Driekoppen Farm Weskaap/20230419_100144.jpg
PIC_THUMBNAIL cache_lookup result=hit elapsed_us=2 uri=/run/media/peet/Data-500GB/Work-FB/FB-2023-CPT-Driekoppen Farm Weskaap/20230419_100140.jpg
PIC_THUMBNAIL cache_lookup result=hit elapsed_us=3 uri=/run/media/peet/Data-500GB/Work-FB/FB-2023-CPT-Driekoppen Farm Weskaap/20230419_100135.jpg
PIC_THUMBNAIL cache_lookup result=hit elapsed_us=2 uri=/run/media/peet/Data-500GB/Work-FB/FB-2023-CPT-Driekoppen Farm Weskaap/20230419_100131.jpg
PIC_THUMBNAIL cache_lookup result=hit elapsed_us=2 uri=/run/media/peet/Data-500GB/Work-FB/FB-2023-CPT-Driekoppen Farm Weskaap/20230419_100113.jpg
PIC_THUMBNAIL cache_lookup result=hit elapsed_us=3 uri=/run/media/peet/Data-500GB/Work-FB/FB-2023-CPT-Atuba Weskaap Horizon Prison/20230419_091938.jpg
PIC_THUMBNAIL cache_lookup result=hit elapsed_us=2 uri=/run/media/peet/Data-500GB/Work-FB/FB-2023-CPT-Atuba Weskaap Horizon Prison/20230419_091922.jpg
PIC_THUMBNAIL cache_lookup result=hit elapsed_us=2 uri=/run/media/peet/Data-500GB/Work-FB/FB-2023-CPT-Atuba Weskaap Horizon Prison/20230419_091919.jpg
PIC_THUMBNAIL cache_lookup result=hit elapsed_us=2 uri=/run/media/peet/Data-500GB/Work-FB/FB-2023-CPT-Atuba Weskaap Horizon Prison/20230419_091916.jpg
PIC_THUMBNAIL cache_lookup result=hit elapsed_us=2 uri=/run/media/peet/Data-500GB/Work-FB/FB-2023-CPT-Atuba Weskaap Horizon Prison/20230419_090747.jpg
PIC_THUMBNAIL cache_lookup result=hit elapsed_us=3 uri=/run/media/peet/Data-500GB/Work-FB/FB-2023-CPT-Atuba Weskaap Horizon Prison/20230419_090739.jpg
PIC_THUMBNAIL cache_lookup result=hit elapsed_us=2 uri=/run/media/peet/Data-500GB/Work-FB/FB-2023-CPT-Atuba Weskaap Horizon Prison/20230419_090731.jpg
PIC_THUMBNAIL cache_lookup result=hit elapsed_us=2 uri=/run/media/peet/Data-500GB/Work-FB/FB-2023-CPT-Atuba Weskaap Horizon Prison/20230419_090427.jpg
PIC_THUMBNAIL cache_lookup result=hit elapsed_us=2 uri=/run/media/peet/Data-500GB/Work-FB/FB-2023-CPT-Atuba Weskaap Horizon Prison/20230419_090423.jpg
PIC_THUMBNAIL cache_lookup result=hit elapsed_us=2 uri=/run/media/peet/Data-500GB/Work-FB/FB-2023-CPT-Atuba Weskaap Horizon Prison/20230419_090416.jpg
PIC_THUMBNAIL cache_lookup result=hit elapsed_us=3 uri=/run/media/peet/Data-500GB/Work-FB/FB-2023-CPT-Atuba Weskaap Horizon Prison/20230419_090319.jpg
PIC_THUMBNAIL cache_lookup result=hit elapsed_us=3 uri=/run/media/peet/Data-500GB/Work-FB/FB-2023-CPT-Atuba Weskaap Horizon Prison/20230419_090256.jpg
PIC_THUMBNAIL cache_lookup result=hit elapsed_us=2 uri=/run/media/peet/Data-500GB/Work-FB/FB-2023-CPT-Atuba Weskaap Horizon Prison/20230419_090252.jpg
PIC_THUMBNAIL cache_lookup result=hit elapsed_us=2 uri=/run/media/peet/Data-500GB/Work-FB/FB-2024-Internal Fence/HMF Internal ClearVu Fence (11).jpg
PIC_THUMBNAIL cache_lookup result=hit elapsed_us=2 uri=/run/media/peet/Data-500GB/Work-FB/FB-2023-CPT-Atuba Weskaap Horizon Prison/20230419_090245.jpg
PIC_THUMBNAIL cache_lookup result=hit elapsed_us=3 uri=/run/media/peet/Data-500GB/Work-FB/FB-2023-CPT-Atuba Weskaap Horizon Prison/20230419_090214.jpg
PIC_THUMBNAIL cache_lookup result=hit elapsed_us=3 uri=/run/media/peet/Data-500GB/Work-FB/FB-2023-CPT-Atuba Weskaap Horizon Prison/20230419_090207.jpg
PIC_THUMBNAIL cache_lookup result=hit elapsed_us=3 uri=/run/media/peet/Data-500GB/Work-FB/FB-2023-CPT-Atuba Weskaap Horizon Prison/20230419_090149.jpg
PIC_THUMBNAIL cache_lookup result=hit elapsed_us=3 uri=/run/media/peet/Data-500GB/Work-FB/FB-2023-CPT-Atuba Weskaap Horizon Prison/20230419_090140.jpg
PIC_THUMBNAIL cache_lookup result=hit elapsed_us=2 uri=/run/media/peet/Data-500GB/Work-FB/FB-2023-CPT-Atuba Weskaap Horizon Prison/20230419_090137.jpg
PIC_THUMBNAIL cache_lookup result=hit elapsed_us=3 uri=/run/media/peet/Data-500GB/Work-FB/FB-2023-CPT-Atuba Weskaap Horizon Prison/20230419_090112.jpg
PIC_THUMBNAIL cache_lookup result=hit elapsed_us=3 uri=/run/media/peet/Data-500GB/Work-FB/FB-2023-CPT-Atuba Weskaap Horizon Prison/20230419_090055.jpg
PIC_THUMBNAIL cache_lookup result=hit elapsed_us=2 uri=/run/media/peet/Data-500GB/Work-FB/FB-2023-CPT-Atuba Weskaap Horizon Prison/20230419_090050.jpg
PIC_THUMBNAIL cache_lookup result=hit elapsed_us=2 uri=/run/media/peet/Data-500GB/Work-FB/FB-2023-CPT-Atuba Weskaap Horizon Prison/20230419_090047.jpg
PIC_THUMBNAIL cache_lookup result=hit elapsed_us=3 uri=/run/media/peet/Data-500GB/Work-FB/FB-2023-CPT-Atuba Weskaap Horizon Prison/20230419_090024.jpg
PIC_THUMBNAIL cache_lookup result=hit elapsed_us=3 uri=/run/media/peet/Data-500GB/Work-FB/FB-2023-CPT-Atuba Weskaap Horizon Prison/20230419_090013.jpg
PIC_THUMBNAIL cache_lookup result=hit elapsed_us=3 uri=/run/media/peet/Data-500GB/Work-FB/FB-2023-CPT-Atuba Weskaap Horizon Prison/20230419_090008.jpg
PIC_THUMBNAIL cache_lookup result=hit elapsed_us=2 uri=/run/media/peet/Data-500GB/Work-FB/FB-2023-CPT-Atuba Weskaap Horizon Prison/20230419_090002.jpg
PIC_THUMBNAIL cache_lookup result=hit elapsed_us=2 uri=/run/media/peet/Data-500GB/Work-FB/FB-2023-CPT-Atuba Weskaap Horizon Prison/20230419_085953.jpg
PIC_THUMBNAIL cache_lookup result=hit elapsed_us=2 uri=/run/media/peet/Data-500GB/Work-FB/FB-2023-CPT-Atuba Weskaap Horizon Prison/20230419_085950.jpg
PIC_THUMBNAIL cache_lookup result=hit elapsed_us=3 uri=/run/media/peet/Data-500GB/Work-FB/FB-2023-CPT-Atuba Weskaap Horizon Prison/20230419_085940.jpg
PIC_THUMBNAIL cache_lookup result=hit elapsed_us=3 uri=/run/media/peet/Data-500GB/Work-FB/FB-2023-CPT-Atuba Weskaap Horizon Prison/20230419_085929.jpg
PIC_THUMBNAIL cache_lookup result=hit elapsed_us=3 uri=/run/media/peet/Data-500GB/Work-FB/FB-2023-Pepcor/20230330_121108.jpg
PIC_THUMBNAIL cache_lookup result=hit elapsed_us=2 uri=/run/media/peet/Data-500GB/Work-FB/FB-2023-Pepcor/20230330_120716.jpg
PIC_THUMBNAIL cache_lookup result=hit elapsed_us=2 uri=/run/media/peet/Data-500GB/Work-FB/FB-2023-Pepcor/20230330_120658.jpg
PIC_THUMBNAIL cache_lookup result=hit elapsed_us=2 uri=/run/media/peet/Data-500GB/Work-FB/FB-2023-Pepcor/20230330_120653.jpg
PIC_THUMBNAIL cache_lookup result=hit elapsed_us=2 uri=/run/media/peet/Data-500GB/Work-FB/FB-2023-Pepcor/20230330_120640.jpg
PIC_THUMBNAIL cache_lookup result=hit elapsed_us=3 uri=/run/media/peet/Data-500GB/Work-FB/FB-2023-Pepcor/20230330_120633.jpg
PIC_THUMBNAIL cache_lookup result=hit elapsed_us=3 uri=/run/media/peet/Data-500GB/Work-FB/FB-2023-Pepcor/20230330_120629.jpg
PIC_THUMBNAIL cache_lookup result=hit elapsed_us=2 uri=/run/media/peet/Data-500GB/Work-FB/FB-2023-Pepcor/20230330_120608.jpg
PIC_THUMBNAIL cache_lookup result=hit elapsed_us=2 uri=/run/media/peet/Data-500GB/Work-FB/FB-2023-Pepcor/20230330_120604.jpg
PIC_THUMBNAIL cache_lookup result=hit elapsed_us=2 uri=/run/media/peet/Data-500GB/Work-FB/FB-2023-Pepcor/20230330_120602.jpg
PIC_THUMBNAIL cache_lookup result=hit elapsed_us=2 uri=/run/media/peet/Data-500GB/Work-FB/FB-2023-Pepcor/20230330_120537.jpg
PIC_THUMBNAIL cache_lookup result=hit elapsed_us=2 uri=/run/media/peet/Data-500GB/Work-FB/FB-2023-Pepcor/20230330_120432.jpg
PIC_THUMBNAIL cache_lookup result=hit elapsed_us=2 uri=/run/media/peet/Data-500GB/Work-FB/FB-2023-Pepcor/20230330_120358.jpg
PIC_THUMBNAIL cache_lookup result=hit elapsed_us=2 uri=/run/media/peet/Data-500GB/Work-FB/FB-2023-Pepcor/20230330_120348.jpg
PIC_THUMBNAIL cache_lookup result=hit elapsed_us=2 uri=/run/media/peet/Data-500GB/Work-FB/FB-2023-Pepcor/20230330_120344.jpg
PIC_THUMBNAIL cache_lookup result=hit elapsed_us=2 uri=/run/media/peet/Data-500GB/Work-FB/FB-2023-Pepcor/20230330_120332.jpg
PIC_THUMBNAIL cache_lookup result=hit elapsed_us=2 uri=/run/media/peet/Data-500GB/Work-FB/FB-2023-Pepcor/20230330_120327.jpg
PIC_THUMBNAIL cache_lookup result=hit elapsed_us=2 uri=/run/media/peet/Data-500GB/Work-FB/FB-2023-Pepcor/20230330_120321.jpg
PIC_THUMBNAIL cache_lookup result=hit elapsed_us=3 uri=/run/media/peet/Data-500GB/Work-FB/FB-2023-Pepcor/20230330_120317.jpg
PIC_THUMBNAIL cache_lookup result=hit elapsed_us=3 uri=/run/media/peet/Data-500GB/Work-FB/FB-2023-Bennet-Grahamstown/WhatsApp Image 2023-02-16 at 13.03.02.jpg
PIC_THUMBNAIL cache_lookup result=hit elapsed_us=3 uri=/run/media/peet/Data-500GB/Work-FB/FB-2023-Bennet-Grahamstown/WhatsApp Image 2023-02-16 at 13.03.21.jpg
PIC_THUMBNAIL cache_lookup result=hit elapsed_us=3 uri=/run/media/peet/Data-500GB/Work-FB/FB-2023-Bennet-Grahamstown/WhatsApp Image 2023-03-01 at 12.24.11 (1).jpg
PIC_THUMBNAIL cache_lookup result=hit elapsed_us=4 uri=/run/media/peet/Data-500GB/Work-FB/FB-2023-Bennet-Grahamstown/WhatsApp Image 2023-03-01 at 12.24.11.jpg
PIC_THUMBNAIL cache_lookup result=hit elapsed_us=5 uri=/run/media/peet/Data-500GB/Work-FB/FB-2023-Bennet-Grahamstown/WhatsApp Image 2023-03-01 at 12.24.12 (2).jpg
PIC_THUMBNAIL cache_lookup result=hit elapsed_us=5 uri=/run/media/peet/Data-500GB/Work-FB/FB-2023-Bennet-Grahamstown/WhatsApp Image 2023-03-01 at 12.24.12 (1).jpg
PIC_THUMBNAIL cache_lookup result=hit elapsed_us=4 uri=/run/media/peet/Data-500GB/Work-FB/FB-2023-Bennet-Grahamstown/WhatsApp Image 2023-03-01 at 12.24.12.jpg
PIC_THUMBNAIL cache_lookup result=hit elapsed_us=3 uri=/run/media/peet/Data-500GB/Work-FB/FB-2023-Bennet-Grahamstown/WhatsApp Image 2023-03-01 at 12.24.13 (2).jpg
PIC_THUMBNAIL cache_lookup result=hit elapsed_us=2 uri=/run/media/peet/Data-500GB/Work-FB/FB-2023-Bennet-Grahamstown/WhatsApp Image 2023-03-01 at 12.24.13 (1).jpg
PIC_THUMBNAIL cache_lookup result=hit elapsed_us=3 uri=/run/media/peet/Data-500GB/Work-FB/FB-2023-Bennet-Grahamstown/WhatsApp Image 2023-03-01 at 12.24.13.jpg
PIC_THUMBNAIL cache_lookup result=hit elapsed_us=3 uri=/run/media/peet/Data-500GB/Work-FB/FB-2023-Bennet-Grahamstown/WhatsApp Image 2023-03-01 at 12.24.14 (2).jpg
PIC_THUMBNAIL cache_lookup result=hit elapsed_us=3 uri=/run/media/peet/Data-500GB/Work-FB/FB-2023-Bennet-Grahamstown/WhatsApp Image 2023-03-01 at 12.24.14 (1).jpg
PIC_THUMBNAIL cache_lookup result=hit elapsed_us=3 uri=/run/media/peet/Data-500GB/Work-FB/FB-2023-Bennet-Grahamstown/WhatsApp Image 2023-03-01 at 12.24.14.jpg
PIC_THUMBNAIL cache_lookup result=hit elapsed_us=3 uri=/run/media/peet/Data-500GB/Work-FB/FB-2023-Bennet-Grahamstown/WhatsApp Image 2023-03-01 at 12.28.27.jpg
PIC_THUMBNAIL cache_lookup result=hit elapsed_us=2 uri=/run/media/peet/Data-500GB/Work-FB/FB-2021-MCDonalds/20221031_161156.jpg
PIC_THUMBNAIL cache_lookup result=hit elapsed_us=2 uri=/run/media/peet/Data-500GB/Work-FB/FB-2021-MCDonalds/20221031_161149.jpg
PIC_THUMBNAIL cache_lookup result=hit elapsed_us=2 uri=/run/media/peet/Data-500GB/Work-FB/FB-2021-MCDonalds/20221031_161137.jpg
PIC_THUMBNAIL cache_lookup result=hit elapsed_us=3 uri=/run/media/peet/Data-500GB/Work-FB/FB-2021-MCDonalds/20221031_161110.jpg
PIC_THUMBNAIL cache_lookup result=hit elapsed_us=2 uri=/run/media/peet/Data-500GB/Work-FB/FB-2021-MCDonalds/20221031_161057.jpg
PIC_THUMBNAIL cache_lookup result=hit elapsed_us=2 uri=/run/media/peet/Data-500GB/Work-FB/FB-2021-MCDonalds/20221031_161045.jpg
PIC_THUMBNAIL cache_lookup result=hit elapsed_us=2 uri=/run/media/peet/Data-500GB/Work-FB/FB-2021-MCDonalds/20221031_161033.jpg
PIC_THUMBNAIL cache_lookup result=hit elapsed_us=2 uri=/run/media/peet/Data-500GB/Work-FB/FB-2021-MCDonalds/20221031_161015.jpg
PIC_THUMBNAIL cache_lookup result=hit elapsed_us=3 uri=/run/media/peet/Data-500GB/Work-FB/FB-2022-Garages/20221031_153109.jpg
PIC_THUMBNAIL cache_lookup result=hit elapsed_us=2 uri=/run/media/peet/Data-500GB/Work-FB/FB-2022-Garages/20221031_153058.jpg
PIC_THUMBNAIL cache_lookup result=hit elapsed_us=2 uri=/run/media/peet/Data-500GB/Work-FB/FB-2022-Garages/20221031_153021.jpg
PIC_THUMBNAIL cache_lookup result=hit elapsed_us=2 uri=/run/media/peet/Data-500GB/Work-FB/FB-2022-Garages/20221031_152959.jpg
PIC_THUMBNAIL cache_lookup result=hit elapsed_us=3 uri=/run/media/peet/Data-500GB/Work-FB/FB-2022-Garages/20221031_152954.jpg
PIC_THUMBNAIL cache_lookup result=hit elapsed_us=2 uri=/run/media/peet/Data-500GB/Work-FB/FB-2022-Garages/20221031_152848.jpg
PIC_THUMBNAIL cache_lookup result=hit elapsed_us=3 uri=/run/media/peet/Data-500GB/Work-FB/FB-2022-Garages/20221031_152808.jpg
PIC_THUMBNAIL cache_lookup result=hit elapsed_us=3 uri=/run/media/peet/Data-500GB/Work-FB/FB-2022-Garages/20221031_152759.jpg
PIC_THUMBNAIL cache_lookup result=hit elapsed_us=2 uri=/run/media/peet/Data-500GB/Work-FB/FB-2015-CPT-Sasol/Sasol Hyman Master Fence 1.jpg
PIC_THUMBNAIL cache_lookup result=hit elapsed_us=3 uri=/run/media/peet/Data-500GB/Work-FB/FB-2015-CPT-Vernon Proof CPT/Vernon-Proof-1.jpg
PIC_THUMBNAIL cache_lookup result=hit elapsed_us=3 uri=/run/media/peet/Data-500GB/Work-FB/FB-2015-CPT-BuildersW/HMF-Builders-Warehouse-Cape-Gate---1.jpg
PIC_THUMBNAIL cache_lookup result=hit elapsed_us=3 uri=/run/media/peet/Data-500GB/Work-FB/FB-2015-Advice Centre/Advice-8.jpg
PIC_THUMBNAIL cache_lookup result=hit elapsed_us=3 uri=/run/media/peet/Data-500GB/Work-FB/FB-2015-CPT-Sasol/Sasol Hyman Master Fence 1 (1).jpg
PIC_THUMBNAIL cache_lookup result=hit elapsed_us=2 uri=/run/media/peet/Data-500GB/Work-FB/FB-2015-Advice Centre/Advice-5.jpg
PIC_THUMBNAIL cache_lookup result=hit elapsed_us=2 uri=/run/media/peet/Data-500GB/Work-FB/FB-2015-Advice Centre/Advice-6.jpg
PIC_THUMBNAIL cache_lookup result=hit elapsed_us=4 uri=/run/media/peet/Data-500GB/Work-FB/FB-2015-Advice Centre/Advice-1.jpg
PIC_THUMBNAIL cache_lookup result=hit elapsed_us=4 uri=/run/media/peet/Data-500GB/Work-FB/FB-2015-CPT-BuildersW/HMF-Builders-Warehouse-Cape-Gate---4.jpg
PIC_THUMBNAIL cache_lookup result=hit elapsed_us=4 uri=/run/media/peet/Data-500GB/Work-FB/FB-2015-CPT-Sasol/Sasol Hyman Master Fence 1 (2).jpg
PIC_THUMBNAIL cache_lookup result=hit elapsed_us=4 uri=/run/media/peet/Data-500GB/Work-FB/FB-2015-CPT-ValueLogistics/HMF-Value-Intro.jpg
PIC_THUMBNAIL cache_lookup result=hit elapsed_us=3 uri=/run/media/peet/Data-500GB/Work-FB/FB-2015-Advice Centre/Advice-2.jpg
PIC_THUMBNAIL cache_lookup result=hit elapsed_us=4 uri=/run/media/peet/Data-500GB/Work-FB/FB-2015-CPT-Sasol/Sasol Hyman Master Fence 1 (3).jpg
PIC_THUMBNAIL cache_lookup result=hit elapsed_us=4 uri=/run/media/peet/Data-500GB/Work-FB/FB-2015-CPT-BuildersW/HMF-Builders-Warehouse-Cape-Gate---5.jpg
PIC_THUMBNAIL cache_lookup result=hit elapsed_us=3 uri=/run/media/peet/Data-500GB/Work-FB/FB-2015-Mercedes/Mercedes-HMF-ClearVU.jpg
PIC_THUMBNAIL cache_lookup result=hit elapsed_us=4 uri=/run/media/peet/Data-500GB/Work-FB/FB-2015-CPT-Vernon Proof CPT/Vernon-Proof-4.jpg
PIC_THUMBNAIL cache_lookup result=hit elapsed_us=4 uri=/run/media/peet/Data-500GB/Work-FB/FB-2015-CPT-Vernon Proof CPT/Vernon-Proof-6.jpg
PIC_THUMBNAIL cache_lookup result=hit elapsed_us=4 uri=/run/media/peet/Data-500GB/Work-FB/FB-2015-CPT-Vernon Proof CPT/Vernon-Proof-5.jpg
PIC_THUMBNAIL cache_lookup result=hit elapsed_us=4 uri=/run/media/peet/Data-500GB/Work-FB/FB-2015-CPT-Sasol/Sasol Hyman Master Fence 1 (5).jpg
PIC_THUMBNAIL cache_lookup result=hit elapsed_us=4 uri=/run/media/peet/Data-500GB/Work-FB/FB-2015-CPT-Vernon Proof CPT/Vernon-Proof-2.jpg
PIC_THUMBNAIL cache_lookup result=hit elapsed_us=4 uri=/run/media/peet/Data-500GB/Work-FB/FB-2015-CPT-Sasol/Sasol Hyman Master Fence 1 (4).jpg
PIC_THUMBNAIL cache_lookup result=hit elapsed_us=4 uri=/run/media/peet/Data-500GB/Work-FB/FB-2015-CPT-Vernon Proof CPT/Vernon-Proof-3.jpg
PIC_THUMBNAIL cache_lookup result=hit elapsed_us=3 uri=/run/media/peet/Data-500GB/Work-FB/FB-2015-CPT-BuildersW/HMF-Builders-Warehouse-Cape-Gate---2.jpg
PIC_THUMBNAIL cache_lookup result=hit elapsed_us=3 uri=/run/media/peet/Data-500GB/Work-FB/FB-2015-CPT-BuildersW/HMF-Builders-Warehouse-Cape-Gate---3.jpg
PIC_THUMBNAIL cache_lookup result=hit elapsed_us=4 uri=/run/media/peet/Data-500GB/Work-FB/FB-2016-Patensie/HMF-Enduleni-Farm-Patensie-Cover-2016.jpg
PIC_THUMBNAIL cache_lookup result=hit elapsed_us=4 uri=/run/media/peet/Data-500GB/Work-FB/FB-Wallpers/Balnd College Worcester-eXTENDED.jpg
PIC_THUMBNAIL cache_lookup result=hit elapsed_us=4 uri=/run/media/peet/Data-500GB/Work-FB/FB-2015-CPT-BuildersW/HMF-Builders-Warehouse-Cape-Gate---6.jpg
PIC_THUMBNAIL cache_lookup result=hit elapsed_us=4 uri=/run/media/peet/Data-500GB/Work-FB/FB-2015-CPT-BuildersW/HMF-Builders-Warehouse-Cape-Gate---7.jpg
PIC_THUMBNAIL cache_lookup result=hit elapsed_us=3 uri=/run/media/peet/Data-500GB/Work-FB/FB-2015-CPT-BuildersW/HMF-Builders-Warehouse-Cape-Gate---8.jpg
PIC_THUMBNAIL cache_lookup result=hit elapsed_us=3 uri=/run/media/peet/Data-500GB/Work-FB/FB-2015-CPT--PaleisHeuwel/HMF-Paleisheuwel-Intro.jpg
PIC_THUMBNAIL cache_lookup result=hit elapsed_us=4 uri=/run/media/peet/Data-500GB/Work-FB/FB-2022-Agri Diptanks/IMG-20220920-WA0347.jpg
PIC_THUMBNAIL cache_lookup result=hit elapsed_us=3 uri=/run/media/peet/Data-500GB/Work-FB/FB-2022-Agri Diptanks/IMG-20220920-WA0207.jpg
PIC_THUMBNAIL cache_lookup result=hit elapsed_us=4 uri=/run/media/peet/Data-500GB/Work-FB/FB-2022-Agri Diptanks/IMG-20220920-WA0205.jpg
PIC_THUMBNAIL cache_lookup result=hit elapsed_us=2 uri=/run/media/peet/Data-500GB/Work-FB/FB-2022-Agri Diptanks/IMG-20220919-WA0018.jpg
PIC_THUMBNAIL cache_lookup result=hit elapsed_us=2 uri=/run/media/peet/Data-500GB/Work-FB/FB-2022-Agri Diptanks/IMG-20220919-WA0025.jpg
PIC_THUMBNAIL cache_lookup result=hit elapsed_us=4 uri=/run/media/peet/Data-500GB/Work-FB/FB-2022-Agri Diptanks/IMG-20220919-WA0024.jpg
PIC_THUMBNAIL cache_lookup result=hit elapsed_us=3 uri=/run/media/peet/Data-500GB/Work-FB/FB-2022-Agri Diptanks/IMG-20220919-WA0020.jpg
PIC_THUMBNAIL cache_lookup result=hit elapsed_us=3 uri=/run/media/peet/Data-500GB/Work-FB/FB-2022-Agri Diptanks/IMG-20220919-WA0019.jpg
PIC_THUMBNAIL cache_lookup result=hit elapsed_us=3 uri=/run/media/peet/Data-500GB/Work-FB/FB-2022-Agri Diptanks/IMG-20220915-WA0079.jpg
PIC_THUMBNAIL cache_lookup result=hit elapsed_us=4 uri=/run/media/peet/Data-500GB/Work-FB/FB-2022-Agri Diptanks/IMG-20220914-WA0006.jpg
PIC_THUMBNAIL cache_lookup result=hit elapsed_us=4 uri=/run/media/peet/Data-500GB/Work-FB/FB-2022-Agri Diptanks/IMG-20220908-WA0090.jpg
PIC_THUMBNAIL cache_lookup result=hit elapsed_us=4 uri=/run/media/peet/Data-500GB/Work-FB/FB-2022-Agri Diptanks/IMG-20220908-WA0088.jpg
PIC_THUMBNAIL cache_lookup result=hit elapsed_us=3 uri=/run/media/peet/Data-500GB/Work-FB/FB-2022-Agri Diptanks/IMG-20220907-WA0073.jpg
PIC_THUMBNAIL cache_lookup result=hit elapsed_us=3 uri=/run/media/peet/Data-500GB/Work-FB/FB-2022-Agri Diptanks/IMG-20220907-WA0071.jpg
PIC_THUMBNAIL cache_lookup result=hit elapsed_us=4 uri=/run/media/peet/Data-500GB/Work-FB/FB-2022-Agri Diptanks/IMG-20220906-WA0080.jpg
PIC_THUMBNAIL cache_lookup result=hit elapsed_us=4 uri=/run/media/peet/Data-500GB/Work-FB/FB-2022-Agri Diptanks/IMG-20220906-WA0068.jpg
PIC_THUMBNAIL cache_lookup result=hit elapsed_us=4 uri=/run/media/peet/Data-500GB/Work-FB/FB-2022-Agri Diptanks/IMG-20220906-WA0067.jpg
PIC_THUMBNAIL cache_lookup result=hit elapsed_us=3 uri=/run/media/peet/Data-500GB/Work-FB/FB-2022-Agri Diptanks/IMG-20220906-WA0066.jpg
PIC_THUMBNAIL cache_lookup result=hit elapsed_us=3 uri=/run/media/peet/Data-500GB/Work-FB/FB-2022-Agri Diptanks/IMG-20220906-WA0060.jpg
PIC_THUMBNAIL cache_lookup result=hit elapsed_us=3 uri=/run/media/peet/Data-500GB/Work-FB/FB-2022-Agri Diptanks/IMG-20220906-WA0058.jpg
PIC_THUMBNAIL cache_lookup result=hit elapsed_us=2 uri=/run/media/peet/Data-500GB/Work-FB/FB-2022-Agri Diptanks/IMG-20220920-WA0206.jpg
PIC_THUMBNAIL cache_lookup result=hit elapsed_us=3 uri=/run/media/peet/Data-500GB/Work-FB/FB-2022-Agri Diptanks/IMG-20220921-WA0107.jpg
PIC_THUMBNAIL cache_lookup result=hit elapsed_us=4 uri=/run/media/peet/Data-500GB/Work-FB/FB-2022-Agri Diptanks/IMG-20220921-WA0108.jpg
PIC_THUMBNAIL cache_lookup result=hit elapsed_us=4 uri=/run/media/peet/Data-500GB/Work-FB/FB-2022-Agri Diptanks/IMG-20220921-WA0105.jpg
PIC_THUMBNAIL cache_lookup result=hit elapsed_us=2 uri=/run/media/peet/Data-500GB/Work-FB/FB-2022-Agri Diptanks/IMG-20220921-WA0106.jpg
PIC_THUMBNAIL cache_lookup result=hit elapsed_us=3 uri=/run/media/peet/Data-500GB/Work-FB/FB-2022-Agri Diptanks/IMG-20220915-WA0080.jpg
PIC_THUMBNAIL cache_lookup result=hit elapsed_us=3 uri=/run/media/peet/Data-500GB/Work-FB/FB-2022-Agri Diptanks/IMG-20220914-WA0025.jpg
PIC_THUMBNAIL cache_lookup result=hit elapsed_us=3 uri=/run/media/peet/Data-500GB/Work-FB/FB-2022-Agri Diptanks/IMG-20220914-WA0019.jpg
PIC_THUMBNAIL cache_lookup result=hit elapsed_us=4 uri=/run/media/peet/Data-500GB/Work-FB/FB-2022-Agri Diptanks/IMG-20220914-WA0020.jpg
PIC_THUMBNAIL cache_lookup result=hit elapsed_us=4 uri=/run/media/peet/Data-500GB/Work-FB/FB-2022-Agri Diptanks/IMG-20220921-WA0124.jpg
PIC_THUMBNAIL cache_lookup result=hit elapsed_us=4 uri=/run/media/peet/Data-500GB/Work-FB/FB-2022-Brick Wall/IMG-20220912-WA0043.jpg
PIC_THUMBNAIL cache_lookup result=hit elapsed_us=4 uri=/run/media/peet/Data-500GB/Work-FB/FB-2022-Brick Wall/IMG-20220912-WA0042.jpg
PIC_THUMBNAIL cache_lookup result=hit elapsed_us=3 uri=/run/media/peet/Data-500GB/Work-FB/FB-2024-WalmerGolfClub/20221018_101158.jpg
PIC_THUMBNAIL cache_lookup result=hit elapsed_us=2 uri=/run/media/peet/Data-500GB/Work-FB/FB-2024-WalmerGolfClub/20221018_101150.jpg
PIC_THUMBNAIL cache_lookup result=hit elapsed_us=4 uri=/run/media/peet/Data-500GB/Work-FB/FB-2024-WalmerGolfClub/20221018_101127.jpg
PIC_THUMBNAIL cache_lookup result=hit elapsed_us=4 uri=/run/media/peet/Data-500GB/Work-FB/FB-2024-WalmerGolfClub/20221018_101048.jpg
PIC_THUMBNAIL cache_lookup result=hit elapsed_us=4 uri=/run/media/peet/Data-500GB/Work-FB/FB-2024-WalmerGolfClub/20221018_101027.jpg
PIC_THUMBNAIL cache_lookup result=hit elapsed_us=3 uri=/run/media/peet/Data-500GB/Work-FB/FB-2024-WalmerGolfClub/20221018_101021.jpg
PIC_THUMBNAIL cache_lookup result=hit elapsed_us=3 uri=/run/media/peet/Data-500GB/Work-FB/FB-2022-Continental/20221007_122745.jpg
PIC_THUMBNAIL cache_lookup result=hit elapsed_us=2 uri=/run/media/peet/Data-500GB/Work-FB/FB-2022-Continental/20221007_122653.jpg
PIC_THUMBNAIL cache_lookup result=hit elapsed_us=4 uri=/run/media/peet/Data-500GB/Work-FB/FB-2022-Continental/20221007_122644.jpg
PIC_THUMBNAIL cache_lookup result=hit elapsed_us=4 uri=/run/media/peet/Data-500GB/Work-FB/FB-2022-Continental/20221007_122621.jpg
PIC_THUMBNAIL cache_lookup result=hit elapsed_us=2 uri=/run/media/peet/Data-500GB/Work-FB/FB-2022-Continental/20221007_122557.jpg
PIC_THUMBNAIL cache_lookup result=hit elapsed_us=2 uri=/run/media/peet/Data-500GB/Work-FB/FB-2022-Continental/20221007_122540.jpg
PIC_THUMBNAIL cache_lookup result=hit elapsed_us=2 uri=/run/media/peet/Data-500GB/Work-FB/FB-2022-Continental/20221007_122525.jpg
PIC_THUMBNAIL cache_lookup result=hit elapsed_us=2 uri=/run/media/peet/Data-500GB/Work-FB/FB-2022-Continental/20221007_114302.jpg
PIC_THUMBNAIL cache_lookup result=hit elapsed_us=2 uri=/run/media/peet/Data-500GB/Work-FB/FB-2022-Continental/20221007_114249.jpg
PIC_THUMBNAIL cache_lookup result=hit elapsed_us=4 uri=/run/media/peet/Data-500GB/Work-FB/FB-2022-Continental/20221007_114240.jpg
PIC_THUMBNAIL cache_lookup result=hit elapsed_us=4 uri=/run/media/peet/Data-500GB/Work-FB/FB-2022-Continental/20221007_114229.jpg
PIC_THUMBNAIL cache_lookup result=hit elapsed_us=4 uri=/run/media/peet/Data-500GB/Work-FB/FB-2022-Continental/20221007_114218.jpg
PIC_THUMBNAIL cache_lookup result=hit elapsed_us=4 uri=/run/media/peet/Data-500GB/Work-FB/FB-2022-StAlbans/20221004_135354.jpg
PIC_THUMBNAIL cache_lookup result=hit elapsed_us=4 uri=/run/media/peet/Data-500GB/Work-FB/FB-2022-StAlbans/20221004_135326.jpg
PIC_THUMBNAIL cache_lookup result=hit elapsed_us=3 uri=/run/media/peet/Data-500GB/Work-FB/FB-2022-StAlbans/20221004_135308.jpg
PIC_THUMBNAIL cache_lookup result=hit elapsed_us=2 uri=/run/media/peet/Data-500GB/Work-FB/FB-2022-StAlbans/20221004_135233.jpg
PIC_THUMBNAIL cache_lookup result=hit elapsed_us=3 uri=/run/media/peet/Data-500GB/Work-FB/FB-2022-StAlbans/20221004_135224.jpg
PIC_THUMBNAIL cache_lookup result=hit elapsed_us=3 uri=/run/media/peet/Data-500GB/Work-FB/FB-2022-StAlbans/20221004_135143.jpg
PIC_THUMBNAIL cache_lookup result=hit elapsed_us=2 uri=/run/media/peet/Data-500GB/Work-FB/FB-2022-StAlbans/20221004_135117.jpg
PIC_THUMBNAIL cache_lookup result=hit elapsed_us=3 uri=/run/media/peet/Data-500GB/Work-FB/FB-2022-StAlbans/20221004_135100.jpg
PIC_THUMBNAIL cache_lookup result=hit elapsed_us=4 uri=/run/media/peet/Data-500GB/Work-FB/FB-2022-StAlbans/20221004_135054.jpg
PIC_THUMBNAIL cache_lookup result=hit elapsed_us=2 uri=/run/media/peet/Data-500GB/Work-FB/FB-2022-StAlbans/20221004_134520.jpg
PIC_THUMBNAIL cache_lookup result=hit elapsed_us=2 uri=/run/media/peet/Data-500GB/Work-FB/FB-2022-StAlbans/20221004_134505.jpg
PIC_THUMBNAIL cache_lookup result=hit elapsed_us=4 uri=/run/media/peet/Data-500GB/Work-FB/FB-2022-StAlbans/20221004_134442.jpg
PIC_THUMBNAIL cache_lookup result=hit elapsed_us=4 uri=/run/media/peet/Data-500GB/Work-FB/FB-2022-StAlbans/20221004_134419.jpg
PIC_THUMBNAIL cache_lookup result=hit elapsed_us=3 uri=/run/media/peet/Data-500GB/Work-FB/FB-2022-StAlbans/20221004_134404.jpg
PIC_THUMBNAIL cache_lookup result=hit elapsed_us=2 uri=/run/media/peet/Data-500GB/Work-FB/FB-2022-StAlbans/20221004_134359.jpg
PIC_THUMBNAIL cache_lookup result=hit elapsed_us=3 uri=/run/media/peet/Data-500GB/Work-FB/FB-2022-StAlbans/20221004_134328.jpg
PIC_THUMBNAIL cache_lookup result=hit elapsed_us=4 uri=/run/media/peet/Data-500GB/Work-FB/FB-2022-StAlbans/20221004_134323.jpg
PIC_THUMBNAIL cache_lookup result=hit elapsed_us=4 uri=/run/media/peet/Data-500GB/Work-FB/FB-2022-StAlbans/20221004_134314.jpg
PIC_THUMBNAIL cache_lookup result=miss elapsed_us=5 uri=/run/media/peet/Data-500GB/Work-FB/FB-Staff-Heritage Day 2022/DSC_9075.jpg
PIC_THUMBNAIL cache_lookup result=miss elapsed_us=4 uri=/run/media/peet/Data-500GB/Work-FB/FB-Staff-Heritage Day 2022/DSC_9086.jpg
PIC_THUMBNAIL cache_lookup result=miss elapsed_us=4 uri=/run/media/peet/Data-500GB/Work-FB/FB-Staff-Heritage Day 2022/DSC_9088.jpg
PIC_THUMBNAIL cache_lookup result=miss elapsed_us=4 uri=/run/media/peet/Data-500GB/Work-FB/FB-Staff-Heritage Day 2022/DSC_9084.jpg
PIC_THUMBNAIL cache_lookup result=miss elapsed_us=4 uri=/run/media/peet/Data-500GB/Work-FB/FB-Staff-Heritage Day 2022/DSC_9083.jpg
PIC_THUMBNAIL cache_lookup result=miss elapsed_us=4 uri=/run/media/peet/Data-500GB/Work-FB/FB-Staff-Heritage Day 2022/DSC_9082.jpg
PIC_THUMBNAIL cache_lookup result=miss elapsed_us=4 uri=/run/media/peet/Data-500GB/Work-FB/FB-Staff-Heritage Day 2022/DSC_9078.jpg
PIC_THUMBNAIL cache_lookup result=hit elapsed_us=3 uri=/run/media/peet/Data-500GB/Work-FB/FB-Staff-Heritage Day 2022/DSC_9176-2.jpg
PIC_THUMBNAIL cache_lookup result=hit elapsed_us=3 uri=/run/media/peet/Data-500GB/Work-FB/FB-Staff-Heritage Day 2022/DSC_9176.jpg
PIC_THUMBNAIL cache_lookup result=hit elapsed_us=2 uri=/run/media/peet/Data-500GB/Work-FB/FB-Staff-Heritage Day 2022/DSC_9175.jpg
PIC_THUMBNAIL cache_lookup result=hit elapsed_us=4 uri=/run/media/peet/Data-500GB/Work-FB/FB-Staff-Heritage Day 2022/DSC_9174.jpg
PIC_THUMBNAIL cache_lookup result=hit elapsed_us=2 uri=/run/media/peet/Data-500GB/Work-FB/FB-Staff-Heritage Day 2022/DSC_9171.jpg
PIC_THUMBNAIL cache_lookup result=hit elapsed_us=2 uri=/run/media/peet/Data-500GB/Work-FB/FB-Staff-Heritage Day 2022/DSC_9170.jpg
PIC_THUMBNAIL cache_lookup result=hit elapsed_us=2 uri=/run/media/peet/Data-500GB/Work-FB/FB-Staff-Heritage Day 2022/DSC_9168.jpg
PIC_THUMBNAIL cache_lookup result=hit elapsed_us=4 uri=/run/media/peet/Data-500GB/Work-FB/FB-Staff-Heritage Day 2022/DSC_9163.jpg
PIC_THUMBNAIL cache_lookup result=hit elapsed_us=4 uri=/run/media/peet/Data-500GB/Work-FB/FB-Staff-Heritage Day 2022/DSC_9162.jpg
PIC_THUMBNAIL cache_lookup result=hit elapsed_us=4 uri=/run/media/peet/Data-500GB/Work-FB/FB-Staff-Heritage Day 2022/DSC_9161.jpg
PIC_THUMBNAIL cache_lookup result=hit elapsed_us=4 uri=/run/media/peet/Data-500GB/Work-FB/FB-Staff-Heritage Day 2022/DSC_9153.jpg
PIC_THUMBNAIL cache_lookup result=hit elapsed_us=2 uri=/run/media/peet/Data-500GB/Work-FB/FB-Staff-Heritage Day 2022/DSC_9152.jpg
PIC_THUMBNAIL cache_lookup result=hit elapsed_us=2 uri=/run/media/peet/Data-500GB/Work-FB/FB-Staff-Heritage Day 2022/DSC_9148.jpg
PIC_THUMBNAIL cache_lookup result=hit elapsed_us=2 uri=/run/media/peet/Data-500GB/Work-FB/FB-Staff-Heritage Day 2022/DSC_9146.jpg
PIC_THUMBNAIL cache_lookup result=hit elapsed_us=4 uri=/run/media/peet/Data-500GB/Work-FB/FB-Staff-Heritage Day 2022/DSC_9142.jpg
PIC_THUMBNAIL cache_lookup result=hit elapsed_us=3 uri=/run/media/peet/Data-500GB/Work-FB/FB-Staff-Heritage Day 2022/DSC_9141.jpg
PIC_THUMBNAIL cache_lookup result=hit elapsed_us=3 uri=/run/media/peet/Data-500GB/Work-FB/FB-Staff-Heritage Day 2022/DSC_9140.jpg
PIC_THUMBNAIL cache_lookup result=hit elapsed_us=2 uri=/run/media/peet/Data-500GB/Work-FB/FB-Staff-Heritage Day 2022/DSC_9136.jpg
PIC_THUMBNAIL cache_lookup result=hit elapsed_us=4 uri=/run/media/peet/Data-500GB/Work-FB/FB-Staff-Heritage Day 2022/DSC_9133.jpg
PIC_THUMBNAIL cache_lookup result=hit elapsed_us=4 uri=/run/media/peet/Data-500GB/Work-FB/FB-Staff-Heritage Day 2022/DSC_9126.jpg
PIC_THUMBNAIL cache_lookup result=hit elapsed_us=4 uri=/run/media/peet/Data-500GB/Work-FB/FB-Staff-Heritage Day 2022/DSC_9114.jpg
PIC_THUMBNAIL cache_lookup result=hit elapsed_us=4 uri=/run/media/peet/Data-500GB/Work-FB/FB-Staff-Heritage Day 2022/DSC_9113.jpg
PIC_THUMBNAIL cache_lookup result=hit elapsed_us=2 uri=/run/media/peet/Data-500GB/Work-FB/FB-Staff-Heritage Day 2022/DSC_9106.jpg
PIC_THUMBNAIL cache_lookup result=hit elapsed_us=2 uri=/run/media/peet/Data-500GB/Work-FB/FB-Staff-Heritage Day 2022/DSC_9101.jpg
PIC_THUMBNAIL cache_lookup result=hit elapsed_us=3 uri=/run/media/peet/Data-500GB/Work-FB/FB-Staff-Heritage Day 2022/DSC_9099.jpg
PIC_THUMBNAIL cache_lookup result=hit elapsed_us=3 uri=/run/media/peet/Data-500GB/Work-FB/FB-Staff-Heritage Day 2022/DSC_9098.jpg
PIC_THUMBNAIL cache_lookup result=hit elapsed_us=2 uri=/run/media/peet/Data-500GB/Work-FB/FB-Staff-Heritage Day 2022/DSC_9095.jpg
PIC_THUMBNAIL cache_lookup result=hit elapsed_us=2 uri=/run/media/peet/Data-500GB/Work-FB/FB-Staff-Heritage Day 2022/DSC_9096.jpg
PIC_THUMBNAIL cache_lookup result=hit elapsed_us=3 uri=/run/media/peet/Data-500GB/Work-FB/FB-Staff-Heritage Day 2022/DSC_9097.jpg
PIC_THUMBNAIL cache_lookup result=hit elapsed_us=2 uri=/run/media/peet/Data-500GB/Work-FB/FB-Staff-Heritage Day 2022/DSC_9093.jpg
PIC_THUMBNAIL cache_lookup result=hit elapsed_us=2 uri=/run/media/peet/Data-500GB/Work-FB/FB-Staff-Heritage Day 2022/DSC_9089.jpg
PIC_THUMBNAIL cache_lookup result=hit elapsed_us=2 uri=/run/media/peet/Data-500GB/Work-FB/FB-Staff-Heritage Day 2022/DSC_9074.jpg
PIC_THUMBNAIL cache_lookup result=hit elapsed_us=2 uri=/run/media/peet/Data-500GB/Work-FB/FB-Staff-Heritage Day 2022/DSC_9073.jpg
PIC_THUMBNAIL cache_lookup result=hit elapsed_us=2 uri=/run/media/peet/Data-500GB/Work-FB/FB-Staff-Heritage Day 2022/DSC_9072-2.jpg
PIC_THUMBNAIL cache_lookup result=hit elapsed_us=2 uri=/run/media/peet/Data-500GB/Work-FB/FB-Staff-Heritage Day 2022/DSC_9072.jpg
PIC_THUMBNAIL cache_lookup result=hit elapsed_us=3 uri=/run/media/peet/Data-500GB/Work-FB/FB-Staff-Heritage Day 2022/DSC_9071.jpg
PIC_THUMBNAIL cache_lookup result=hit elapsed_us=4 uri=/run/media/peet/Data-500GB/Work-FB/FB-Staff-Heritage Day 2022/DSC_9070.jpg
PIC_THUMBNAIL cache_lookup result=hit elapsed_us=4 uri=/run/media/peet/Data-500GB/Work-FB/FB-Staff-Heritage Day 2022/DSC_9068.jpg
PIC_THUMBNAIL cache_lookup result=hit elapsed_us=4 uri=/run/media/peet/Data-500GB/Work-FB/FB-Staff-Heritage Day 2022/DSC_9062.jpg
PIC_THUMBNAIL cache_lookup result=hit elapsed_us=4 uri=/run/media/peet/Data-500GB/Work-FB/FB-Staff-Heritage Day 2022/DSC_9061.jpg
PIC_THUMBNAIL cache_lookup result=hit elapsed_us=2 uri=/run/media/peet/Data-500GB/Work-FB/FB-Staff-Heritage Day 2022/DSC_9058.jpg
PIC_THUMBNAIL cache_lookup result=hit elapsed_us=3 uri=/run/media/peet/Data-500GB/Work-FB/FB-Staff-Heritage Day 2022/DSC_9057-2.jpg
PIC_THUMBNAIL cache_lookup result=hit elapsed_us=4 uri=/run/media/peet/Data-500GB/Work-FB/FB-Staff-Heritage Day 2022/DSC_9057.jpg
PIC_THUMBNAIL cache_lookup result=hit elapsed_us=2 uri=/run/media/peet/Data-500GB/Work-FB/FB-Staff-Heritage Day 2022/DSC_9056.jpg
PIC_THUMBNAIL cache_lookup result=hit elapsed_us=2 uri=/run/media/peet/Data-500GB/Work-FB/FB-Staff-Heritage Day 2022/DSC_9053.jpg
PIC_THUMBNAIL cache_lookup result=hit elapsed_us=2 uri=/run/media/peet/Data-500GB/Work-FB/FB-Staff-Heritage Day 2022/DSC_9049.jpg
PIC_THUMBNAIL cache_lookup result=hit elapsed_us=4 uri=/run/media/peet/Data-500GB/Work-FB/FB-Staff-Heritage Day 2022/DSC_9046.jpg
PIC_THUMBNAIL cache_lookup result=hit elapsed_us=4 uri=/run/media/peet/Data-500GB/Work-FB/FB-Staff-Heritage Day 2022/DSC_9045.jpg
PIC_THUMBNAIL cache_lookup result=hit elapsed_us=4 uri=/run/media/peet/Data-500GB/Work-FB/FB-Staff-Heritage Day 2022/DSC_9044.jpg
PIC_THUMBNAIL cache_lookup result=hit elapsed_us=4 uri=/run/media/peet/Data-500GB/Work-FB/FB-Staff-Heritage Day 2022/DSC_9042-2.jpg
PIC_THUMBNAIL cache_lookup result=hit elapsed_us=4 uri=/run/media/peet/Data-500GB/Work-FB/FB-Staff-Heritage Day 2022/DSC_9042.jpg
PIC_THUMBNAIL cache_lookup result=hit elapsed_us=4 uri=/run/media/peet/Data-500GB/Work-FB/FB-Staff-Heritage Day 2022/DSC_9041.jpg
PIC_THUMBNAIL cache_lookup result=hit elapsed_us=4 uri=/run/media/peet/Data-500GB/Work-FB/FB-Staff-Heritage Day 2022/DSC_9040.jpg
PIC_THUMBNAIL cache_lookup result=hit elapsed_us=4 uri=/run/media/peet/Data-500GB/Work-FB/FB-Staff-Heritage Day 2022/DSC_9038.jpg
PIC_THUMBNAIL cache_lookup result=hit elapsed_us=4 uri=/run/media/peet/Data-500GB/Work-FB/FB-Staff-Heritage Day 2022/DSC_9037.jpg
PIC_THUMBNAIL cache_lookup result=hit elapsed_us=3 uri=/run/media/peet/Data-500GB/Work-FB/FB-Staff-Heritage Day 2022/DSC_9036.jpg
PIC_THUMBNAIL cache_lookup result=hit elapsed_us=4 uri=/run/media/peet/Data-500GB/Work-FB/FB-Staff-Heritage Day 2022/DSC_9034.jpg
PIC_THUMBNAIL cache_lookup result=hit elapsed_us=4 uri=/run/media/peet/Data-500GB/Work-FB/FB-Staff-Heritage Day 2022/DSC_9033.jpg
PIC_THUMBNAIL cache_lookup result=hit elapsed_us=4 uri=/run/media/peet/Data-500GB/Work-FB/FB-Staff-Heritage Day 2022/DSC_9032.jpg
PIC_THUMBNAIL cache_lookup result=hit elapsed_us=4 uri=/run/media/peet/Data-500GB/Work-FB/FB-Staff-Heritage Day 2022/DSC_9031.jpg
PIC_THUMBNAIL cache_lookup result=hit elapsed_us=4 uri=/run/media/peet/Data-500GB/Work-FB/FB-Staff-Heritage Day 2022/DSC_9027.jpg
PIC_THUMBNAIL cache_lookup result=hit elapsed_us=4 uri=/run/media/peet/Data-500GB/Work-FB/FB-Staff-Heritage Day 2022/DSC_9026.jpg
PIC_THUMBNAIL cache_lookup result=hit elapsed_us=3 uri=/run/media/peet/Data-500GB/Work-FB/FB-Staff-Heritage Day 2022/DSC_9024.jpg
PIC_THUMBNAIL cache_lookup result=hit elapsed_us=3 uri=/run/media/peet/Data-500GB/Work-FB/FB-Staff-Heritage Day 2022/DSC_9023.jpg
PIC_THUMBNAIL cache_lookup result=hit elapsed_us=3 uri=/run/media/peet/Data-500GB/Work-FB/FB-Staff-Heritage Day 2022/DSC_9021.jpg
PIC_THUMBNAIL cache_lookup result=hit elapsed_us=4 uri=/run/media/peet/Data-500GB/Work-FB/FB-Staff-Heritage Day 2022/DSC_9020.jpg
PIC_THUMBNAIL cache_lookup result=hit elapsed_us=2 uri=/run/media/peet/Data-500GB/Work-FB/FB-Staff-Heritage Day 2022/DSC_9016.jpg
PIC_THUMBNAIL cache_lookup result=hit elapsed_us=3 uri=/run/media/peet/Data-500GB/Work-FB/FB-Staff-Heritage Day 2022/DSC_9017.jpg
PIC_THUMBNAIL cache_lookup result=hit elapsed_us=2 uri=/run/media/peet/Data-500GB/Work-FB/FB-Staff-Heritage Day 2022/DSC_9014.jpg
PIC_THUMBNAIL cache_lookup result=hit elapsed_us=4 uri=/run/media/peet/Data-500GB/Work-FB/FB-Staff-Heritage Day 2022/DSC_9013.jpg
PIC_THUMBNAIL cache_lookup result=hit elapsed_us=4 uri=/run/media/peet/Data-500GB/Work-FB/FB-Staff-Heritage Day 2022/DSC_9008-2.jpg
PIC_THUMBNAIL cache_lookup result=hit elapsed_us=3 uri=/run/media/peet/Data-500GB/Work-FB/FB-Staff-Heritage Day 2022/DSC_9008.jpg
PIC_THUMBNAIL cache_lookup result=hit elapsed_us=3 uri=/run/media/peet/Data-500GB/Work-FB/FB-Staff-Heritage Day 2022/DSC_9005-2.jpg
PIC_THUMBNAIL cache_lookup result=hit elapsed_us=4 uri=/run/media/peet/Data-500GB/Work-FB/FB-Staff-Heritage Day 2022/DSC_9005.jpg
PIC_THUMBNAIL cache_lookup result=hit elapsed_us=3 uri=/run/media/peet/Data-500GB/Work-FB/FB-Staff-Heritage Day 2022/DSC_9004-2.jpg
PIC_THUMBNAIL cache_lookup result=hit elapsed_us=2 uri=/run/media/peet/Data-500GB/Work-FB/FB-Staff-Heritage Day 2022/DSC_9004.jpg
PIC_THUMBNAIL cache_lookup result=hit elapsed_us=2 uri=/run/media/peet/Data-500GB/Work-FB/FB-Staff-Heritage Day 2022/DSC_9003.jpg
PIC_THUMBNAIL cache_lookup result=hit elapsed_us=2 uri=/run/media/peet/Data-500GB/Work-FB/FB-Staff-Heritage Day 2022/DSC_9002.jpg
PIC_THUMBNAIL cache_lookup result=hit elapsed_us=2 uri=/run/media/peet/Data-500GB/Work-FB/FB-Staff-Heritage Day 2022/DSC_9001.jpg
PIC_THUMBNAIL cache_lookup result=hit elapsed_us=3 uri=/run/media/peet/Data-500GB/Work-FB/FB-Staff-Heritage Day 2022/DSC_9000.jpg
PIC_THUMBNAIL cache_lookup result=hit elapsed_us=2 uri=/run/media/peet/Data-500GB/Work-FB/FB-Staff-Heritage Day 2022/DSC_8998.jpg
PIC_THUMBNAIL cache_lookup result=hit elapsed_us=2 uri=/run/media/peet/Data-500GB/Work-FB/FB-2022-Mdantsane CV/20220922_125938.jpg
PIC_THUMBNAIL cache_lookup result=hit elapsed_us=3 uri=/run/media/peet/Data-500GB/Work-FB/FB-2022-Mdantsane CV/20220922_125934.jpg
PIC_THUMBNAIL cache_lookup result=hit elapsed_us=3 uri=/run/media/peet/Data-500GB/Work-FB/FB-2022-Mdantsane CV/20220922_125931.jpg
PIC_THUMBNAIL cache_lookup result=hit elapsed_us=3 uri=/run/media/peet/Data-500GB/Work-FB/FB-2022-Mdantsane CV/20220922_125927.jpg
PIC_THUMBNAIL cache_lookup result=hit elapsed_us=2 uri=/run/media/peet/Data-500GB/Work-FB/FB-2022-Mdantsane CV/20220922_125911.jpg
PIC_THUMBNAIL cache_lookup result=hit elapsed_us=2 uri=/run/media/peet/Data-500GB/Work-FB/FB-2022-Mdantsane CV/20220922_125909.jpg
PIC_THUMBNAIL cache_lookup result=hit elapsed_us=3 uri=/run/media/peet/Data-500GB/Work-FB/FB-2022-Mdantsane CV/20220922_125904.jpg
PIC_THUMBNAIL cache_lookup result=hit elapsed_us=3 uri=/run/media/peet/Data-500GB/Work-FB/FB-2022-Mdantsane CV/20220922_125902.jpg
PIC_THUMBNAIL cache_lookup result=hit elapsed_us=4 uri=/run/media/peet/Data-500GB/Work-FB/FB-2022-Mdantsane CV/20220922_125845.jpg
PIC_THUMBNAIL cache_lookup result=hit elapsed_us=4 uri=/run/media/peet/Data-500GB/Work-FB/FB-2022-Mdantsane CV/20220922_125837.jpg
PIC_THUMBNAIL cache_lookup result=hit elapsed_us=3 uri=/run/media/peet/Data-500GB/Work-FB/FB-2022-Mdantsane CV/20220922_125824.jpg
PIC_THUMBNAIL cache_lookup result=hit elapsed_us=2 uri=/run/media/peet/Data-500GB/Work-FB/FB-2022-Mdantsane CV/20220922_125805.jpg
PIC_THUMBNAIL cache_lookup result=hit elapsed_us=3 uri=/run/media/peet/Data-500GB/Work-FB/FB-2022-Mdantsane CV/20220922_125804.jpg
PIC_THUMBNAIL cache_lookup result=hit elapsed_us=3 uri=/run/media/peet/Data-500GB/Work-FB/FB-2022-Mdantsane CV/20220922_125801.jpg
PIC_THUMBNAIL cache_lookup result=hit elapsed_us=4 uri=/run/media/peet/Data-500GB/Work-FB/FB-2022-Mdantsane CV/20220922_125759.jpg
PIC_THUMBNAIL cache_lookup result=hit elapsed_us=3 uri=/run/media/peet/Data-500GB/Work-FB/FB-2022-Mdantsane CV/20220922_125748.jpg
PIC_THUMBNAIL cache_lookup result=hit elapsed_us=4 uri=/run/media/peet/Data-500GB/Work-FB/FB-2022-Mdantsane CV/20220922_125745.jpg
PIC_THUMBNAIL cache_lookup result=hit elapsed_us=4 uri=/run/media/peet/Data-500GB/Work-FB/FB-2022-Mdantsane CV/20220922_125735.jpg
PIC_THUMBNAIL cache_lookup result=hit elapsed_us=2 uri=/run/media/peet/Data-500GB/Work-FB/FB-2022-Mdantsane CV/20220922_125726.jpg
PIC_THUMBNAIL cache_lookup result=hit elapsed_us=2 uri=/run/media/peet/Data-500GB/Work-FB/FB-2022-Mdantsane CV/20220922_125721.jpg
PIC_THUMBNAIL cache_lookup result=hit elapsed_us=2 uri=/run/media/peet/Data-500GB/Work-FB/FB-2022-Mdantsane CV/20220922_125643.jpg
PIC_THUMBNAIL cache_lookup result=hit elapsed_us=2 uri=/run/media/peet/Data-500GB/Work-FB/FB-2022-Brick Wall/20220922_113905.jpg
PIC_THUMBNAIL cache_lookup result=hit elapsed_us=3 uri=/run/media/peet/Data-500GB/Work-FB/FB-2022-Brick Wall/20220922_101515.jpg
PIC_THUMBNAIL cache_lookup result=hit elapsed_us=4 uri=/run/media/peet/Data-500GB/Work-FB/FB-2022-Brick Wall/20220922_101420.jpg
PIC_THUMBNAIL cache_lookup result=hit elapsed_us=4 uri=/run/media/peet/Data-500GB/Work-FB/FB-2022-Brick Wall/20220922_101411.jpg
PIC_THUMBNAIL cache_lookup result=hit elapsed_us=2 uri=/run/media/peet/Data-500GB/Work-FB/FB-2022-Brick Wall/20220922_101404.jpg
PIC_THUMBNAIL cache_lookup result=hit elapsed_us=2 uri=/run/media/peet/Data-500GB/Work-FB/FB-2022-Brick Wall/20220922_101359.jpg
PIC_THUMBNAIL cache_lookup result=hit elapsed_us=4 uri=/run/media/peet/Data-500GB/Work-FB/FB-2022-Brick Wall/20220922_101347.jpg
PIC_THUMBNAIL cache_lookup result=hit elapsed_us=4 uri=/run/media/peet/Data-500GB/Work-FB/FB-2022-Brick Wall/20220922_101342.jpg
PIC_THUMBNAIL cache_lookup result=hit elapsed_us=4 uri=/run/media/peet/Data-500GB/Work-FB/FB-2022-Brick Wall/20220922_101340.jpg
PIC_THUMBNAIL cache_lookup result=hit elapsed_us=4 uri=/run/media/peet/Data-500GB/Work-FB/FB-2022-Brick Wall/20220922_101118.jpg
PIC_THUMBNAIL cache_lookup result=hit elapsed_us=4 uri=/run/media/peet/Data-500GB/Work-FB/FB-2022-Brick Wall/20220922_101058.jpg
PIC_THUMBNAIL cache_lookup result=hit elapsed_us=3 uri=/run/media/peet/Data-500GB/Work-FB/FB-2022-Brick Wall/20220922_101050.jpg
PIC_THUMBNAIL cache_lookup result=hit elapsed_us=4 uri=/run/media/peet/Data-500GB/Work-FB/FB-2022-Brick Wall/20220922_101041.jpg
PIC_THUMBNAIL cache_lookup result=hit elapsed_us=4 uri=/run/media/peet/Data-500GB/Work-FB/FB-2022-Brick Wall/20220922_101010.jpg
PIC_THUMBNAIL cache_lookup result=hit elapsed_us=4 uri=/run/media/peet/Data-500GB/Work-FB/FB-2022-Brick Wall/20220915_131829.jpg
PIC_THUMBNAIL cache_lookup result=hit elapsed_us=4 uri=/run/media/peet/Data-500GB/Work-FB/FB-2022-Brick Wall/20220915_131806.jpg
PIC_THUMBNAIL cache_lookup result=hit elapsed_us=3 uri=/run/media/peet/Data-500GB/Work-FB/FB-2022-Ruwacon George Metro Housing/20220914_160532.jpg
PIC_THUMBNAIL cache_lookup result=hit elapsed_us=4 uri=/run/media/peet/Data-500GB/Work-FB/FB-2022-Ruwacon George Metro Housing/20220914_160523.jpg
PIC_THUMBNAIL cache_lookup result=hit elapsed_us=4 uri=/run/media/peet/Data-500GB/Work-FB/FB-2022-Ruwacon George Metro Housing/20220914_160520.jpg
PIC_THUMBNAIL cache_lookup result=hit elapsed_us=3 uri=/run/media/peet/Data-500GB/Work-FB/FB-2022-Ruwacon George Metro Housing/20220914_160512.jpg
PIC_THUMBNAIL cache_lookup result=hit elapsed_us=3 uri=/run/media/peet/Data-500GB/Work-FB/FB-2022-Ruwacon George Metro Housing/20220914_160443.jpg
PIC_THUMBNAIL cache_lookup result=hit elapsed_us=4 uri=/run/media/peet/Data-500GB/Work-FB/FB-2026-Steel Palisade/20220914_155151.jpg
PIC_THUMBNAIL cache_lookup result=hit elapsed_us=4 uri=/run/media/peet/Data-500GB/Work-FB/FB-2026-Steel Palisade/20220914_154828.jpg
PIC_THUMBNAIL cache_lookup result=hit elapsed_us=4 uri=/run/media/peet/Data-500GB/Work-FB/FB-2026-Steel Palisade/20220914_154811.jpg
PIC_THUMBNAIL cache_lookup result=hit elapsed_us=4 uri=/run/media/peet/Data-500GB/Work-FB/FB-2022-George CV/20220914_150112.jpg
PIC_THUMBNAIL cache_lookup result=hit elapsed_us=4 uri=/run/media/peet/Data-500GB/Work-FB/FB-2022-George CV/20220914_150104.jpg
PIC_THUMBNAIL cache_lookup result=hit elapsed_us=4 uri=/run/media/peet/Data-500GB/Work-FB/FB-2022-George CV/20220914_145915.jpg
PIC_THUMBNAIL cache_lookup result=hit elapsed_us=7 uri=/run/media/peet/Data-500GB/Work-FB/FB-2022-George CV/20220914_145848.jpg
PIC_THUMBNAIL cache_lookup result=hit elapsed_us=3 uri=/run/media/peet/Data-500GB/Work-FB/FB-2022-George CV/20220914_145838.jpg
PIC_THUMBNAIL cache_lookup result=hit elapsed_us=3 uri=/run/media/peet/Data-500GB/Work-FB/FB-2022-George CV/20220914_145814.jpg
PIC_THUMBNAIL cache_lookup result=hit elapsed_us=3 uri=/run/media/peet/Data-500GB/Work-FB/FB-2022-George CV/20220914_145810.jpg
PIC_THUMBNAIL cache_lookup result=hit elapsed_us=4 uri=/run/media/peet/Data-500GB/Work-FB/FB-2023-WalmerRoad/20220908_125742.jpg
PIC_THUMBNAIL cache_lookup result=hit elapsed_us=4 uri=/run/media/peet/Data-500GB/Work-FB/FB-2023-WalmerRoad/20220908_125740.jpg
PIC_THUMBNAIL cache_lookup result=hit elapsed_us=3 uri=/run/media/peet/Data-500GB/Work-FB/FB-2023-WalmerRoad/20220908_125736.jpg
PIC_THUMBNAIL cache_lookup result=hit elapsed_us=2 uri=/run/media/peet/Data-500GB/Work-FB/FB-2023-WalmerRoad/20220908_125733.jpg
PIC_THUMBNAIL cache_lookup result=hit elapsed_us=3 uri=/run/media/peet/Data-500GB/Work-FB/FB-2023-WalmerRoad/20220908_125729.jpg
PIC_THUMBNAIL cache_lookup result=hit elapsed_us=4 uri=/run/media/peet/Data-500GB/Work-FB/FB-2022-StAlbans/20220908_115350.jpg
PIC_THUMBNAIL cache_lookup result=hit elapsed_us=3 uri=/run/media/peet/Data-500GB/Work-FB/FB-2022-CPT-Airport/20220907_165404.jpg
PIC_THUMBNAIL cache_lookup result=hit elapsed_us=3 uri=/run/media/peet/Data-500GB/Work-FB/FB-2022-CPT-Airport/20220907_164942.jpg
PIC_THUMBNAIL cache_lookup result=hit elapsed_us=4 uri=/run/media/peet/Data-500GB/Work-FB/FB-2022-CPT-Airport/20220907_164558.jpg
PIC_THUMBNAIL cache_lookup result=hit elapsed_us=4 uri=/run/media/peet/Data-500GB/Work-FB/FB-2022-CPT-Airport/20220907_164553.jpg
PIC_THUMBNAIL cache_lookup result=hit elapsed_us=4 uri=/run/media/peet/Data-500GB/Work-FB/FB-2022-CPT-Airport/20220907_164550.jpg
PIC_THUMBNAIL cache_lookup result=hit elapsed_us=4 uri=/run/media/peet/Data-500GB/Work-FB/FB-2022-CPT-Airport/20220907_164528.jpg
PIC_THUMBNAIL cache_lookup result=hit elapsed_us=2 uri=/run/media/peet/Data-500GB/Work-FB/FB-2022-CPT-Airport/20220907_164407.jpg
PIC_THUMBNAIL cache_lookup result=hit elapsed_us=2 uri=/run/media/peet/Data-500GB/Work-FB/FB-2022-CPT-Airport/20220907_163616.jpg
PIC_THUMBNAIL cache_lookup result=hit elapsed_us=4 uri=/run/media/peet/Data-500GB/Work-FB/FB-2022-CPT-Airport/20220907_123506.jpg
PIC_THUMBNAIL cache_lookup result=hit elapsed_us=4 uri=/run/media/peet/Data-500GB/Work-FB/FB-2022-CPT-Airport/20220907_123334.jpg
PIC_THUMBNAIL cache_lookup result=hit elapsed_us=4 uri=/run/media/peet/Data-500GB/Work-FB/FB-2022-CPT-Airport/20220907_122153.jpg
PIC_THUMBNAIL cache_lookup result=hit elapsed_us=4 uri=/run/media/peet/Data-500GB/Work-FB/FB-2022-CPT-Airport/20220907_121954.jpg
PIC_THUMBNAIL cache_lookup result=hit elapsed_us=4 uri=/run/media/peet/Data-500GB/Work-FB/FB-2022-CPT-Airport/20220907_121839.jpg
PIC_THUMBNAIL cache_lookup result=hit elapsed_us=4 uri=/run/media/peet/Data-500GB/Work-FB/FB-2022-CPT-Airport/20220907_121835.jpg
PIC_THUMBNAIL cache_lookup result=hit elapsed_us=4 uri=/run/media/peet/Data-500GB/Work-FB/FB-2022-CPT-Airport/20220907_121828.jpg
PIC_THUMBNAIL cache_lookup result=hit elapsed_us=4 uri=/run/media/peet/Data-500GB/Work-FB/FB-2022-CPT-Airport/20220907_115411.jpg
PIC_THUMBNAIL cache_lookup result=hit elapsed_us=3 uri=/run/media/peet/Data-500GB/Work-FB/FB-2022-CPT-Airport/20220907_115409.jpg
PIC_THUMBNAIL cache_lookup result=hit elapsed_us=3 uri=/run/media/peet/Data-500GB/Work-FB/FB-2022-CPT-Airport/20220831_091814.jpg
PIC_THUMBNAIL cache_lookup result=hit elapsed_us=2 uri=/run/media/peet/Data-500GB/Work-FB/FB-2022-CPT-Airport/20220831_091805.jpg
PIC_THUMBNAIL cache_lookup result=hit elapsed_us=2 uri=/run/media/peet/Data-500GB/Work-FB/FB-2022-CPT-Airport/20220831_090738.jpg
PIC_THUMBNAIL cache_lookup result=hit elapsed_us=2 uri=/run/media/peet/Data-500GB/Work-FB/FB-2022-CPT-Airport/20220831_090442.jpg
PIC_THUMBNAIL cache_lookup result=hit elapsed_us=3 uri=/run/media/peet/Data-500GB/Work-FB/FB-2022-CPT-Airport/20220831_090344.jpg
PIC_THUMBNAIL cache_lookup result=hit elapsed_us=4 uri=/run/media/peet/Data-500GB/Work-FB/FB-2022-CPT-Airport/20220831_090333.jpg
PIC_THUMBNAIL cache_lookup result=hit elapsed_us=2 uri=/run/media/peet/Data-500GB/Work-FB/FB-2022-CPT-Airport/20220831_085950.jpg
PIC_THUMBNAIL cache_lookup result=hit elapsed_us=2 uri=/run/media/peet/Data-500GB/Work-FB/FB-2022-CPT-Airport/20220831_085939.jpg
PIC_THUMBNAIL cache_lookup result=hit elapsed_us=2 uri=/run/media/peet/Data-500GB/Work-FB/FB-2022-CPT-Airport/20220831_085715.jpg
PIC_THUMBNAIL cache_lookup result=hit elapsed_us=4 uri=/run/media/peet/Data-500GB/Work-FB/FB-2022-CPT-Airport/20220831_085449.jpg
PIC_THUMBNAIL cache_lookup result=hit elapsed_us=4 uri=/run/media/peet/Data-500GB/Work-FB/FB-2022-CPT-Airport/20220831_085351.jpg
PIC_THUMBNAIL cache_lookup result=hit elapsed_us=3 uri=/run/media/peet/Data-500GB/Work-FB/FB-2022-CPT-Airport/20220831_085345.jpg
PIC_THUMBNAIL cache_lookup result=hit elapsed_us=3 uri=/run/media/peet/Data-500GB/Work-FB/FB-2022-CPT-Airport/20220831_085336.jpg
PIC_THUMBNAIL cache_lookup result=hit elapsed_us=4 uri=/run/media/peet/Data-500GB/Work-FB/FB-2022-CPT-Airport/20220831_085325.jpg
PIC_THUMBNAIL cache_lookup result=hit elapsed_us=4 uri=/run/media/peet/Data-500GB/Work-FB/FB-2022-Brick Wall/20220824_144438.jpg
PIC_THUMBNAIL cache_lookup result=hit elapsed_us=3 uri=/run/media/peet/Data-500GB/Work-FB/FB-2022-Brick Wall/20220824_144427.jpg
PIC_THUMBNAIL cache_lookup result=hit elapsed_us=2 uri=/run/media/peet/Data-500GB/Work-FB/FB-2022-Brick Wall/20220824_144421.jpg
PIC_THUMBNAIL cache_lookup result=hit elapsed_us=4 uri=/run/media/peet/Data-500GB/Work-FB/FB-2022-Brick Wall/20220824_144415.jpg
PIC_THUMBNAIL cache_lookup result=hit elapsed_us=4 uri=/run/media/peet/Data-500GB/Work-FB/FB-2022-Brick Wall/20220824_144408.jpg
PIC_THUMBNAIL cache_lookup result=hit elapsed_us=4 uri=/run/media/peet/Data-500GB/Work-FB/FB-2022-MariaMaan/Hyman ClearVu - Master Fence.jpg
PIC_THUMBNAIL cache_lookup result=hit elapsed_us=2 uri=/run/media/peet/Data-500GB/Work-FB/FB-2022-Brick Wall/20220804_172618.jpg
PIC_THUMBNAIL cache_lookup result=hit elapsed_us=2 uri=/run/media/peet/Data-500GB/Work-FB/FB-2022-Brick Wall/20220804_172559.jpg
PIC_THUMBNAIL cache_lookup result=hit elapsed_us=2 uri=/run/media/peet/Data-500GB/Work-FB/FB-2022-StAlbans/20220728_114641.jpg
PIC_THUMBNAIL cache_lookup result=hit elapsed_us=3 uri=/run/media/peet/Data-500GB/Work-FB/FB-2022-StAlbans/20220728_114603.jpg
PIC_THUMBNAIL cache_lookup result=hit elapsed_us=4 uri=/run/media/peet/Data-500GB/Work-FB/FB-2022-StAlbans/20220728_114550.jpg
PIC_THUMBNAIL cache_lookup result=hit elapsed_us=4 uri=/run/media/peet/Data-500GB/Work-FB/FB-2022-StAlbans/20220728_112757.jpg
PIC_THUMBNAIL cache_lookup result=hit elapsed_us=3 uri=/run/media/peet/Data-500GB/Work-FB/FB-2022-CrownNational/CrownNational Thumbnail.png
PIC_THUMBNAIL cache_lookup result=hit elapsed_us=4 uri=/run/media/peet/Data-500GB/Work-FB/FB-2022-Summerstrand Bowling Club/20220725_135712.jpg
PIC_THUMBNAIL cache_lookup result=hit elapsed_us=4 uri=/run/media/peet/Data-500GB/Work-FB/FB-2022-Summerstrand Bowling Club/20220725_135703.jpg
PIC_THUMBNAIL cache_lookup result=hit elapsed_us=4 uri=/run/media/peet/Data-500GB/Work-FB/FB-2022-Summerstrand Bowling Club/20220725_135652.jpg
PIC_THUMBNAIL cache_lookup result=hit elapsed_us=4 uri=/run/media/peet/Data-500GB/Work-FB/FB-2022-Summerstrand Bowling Club/20220725_135640.jpg
PIC_THUMBNAIL cache_lookup result=hit elapsed_us=4 uri=/run/media/peet/Data-500GB/Work-FB/FB-2022-Summerstrand Bowling Club/20220725_135630.jpg
PIC_THUMBNAIL cache_lookup result=hit elapsed_us=4 uri=/run/media/peet/Data-500GB/Work-FB/FB-2024-Collegiate/20220725_122938.jpg
PIC_THUMBNAIL cache_lookup result=hit elapsed_us=2 uri=/run/media/peet/Data-500GB/Work-FB/FB-2024-Collegiate/20220725_122928.jpg
PIC_THUMBNAIL cache_lookup result=hit elapsed_us=3 uri=/run/media/peet/Data-500GB/Work-FB/FB-2024-Collegiate/20220725_122901.jpg
PIC_THUMBNAIL cache_lookup result=hit elapsed_us=4 uri=/run/media/peet/Data-500GB/Work-FB/FB-2024-Collegiate/20220725_122839.jpg
PIC_THUMBNAIL cache_lookup result=hit elapsed_us=4 uri=/run/media/peet/Data-500GB/Work-FB/FB-2024-Collegiate/20220725_122830.jpg
PIC_THUMBNAIL cache_lookup result=hit elapsed_us=4 uri=/run/media/peet/Data-500GB/Work-FB/FB-2022-CPT-Various/20220722_134254.jpg
PIC_THUMBNAIL cache_lookup result=hit elapsed_us=4 uri=/run/media/peet/Data-500GB/Work-FB/FB-2022-CPT-Various/20220722_134251.jpg
PIC_THUMBNAIL cache_lookup result=hit elapsed_us=4 uri=/run/media/peet/Data-500GB/Work-FB/FB-2022-CPT-Various/20220722_134232.jpg
PIC_THUMBNAIL cache_lookup result=hit elapsed_us=2 uri=/run/media/peet/Data-500GB/Work-FB/FB-2022-CPT-Various/Contermanskloof.jpg
PIC_THUMBNAIL cache_lookup result=hit elapsed_us=2 uri=/run/media/peet/Data-500GB/Work-FB/FB-2022-CPT-Various/20220722_133113.jpg
PIC_THUMBNAIL cache_lookup result=hit elapsed_us=2 uri=/run/media/peet/Data-500GB/Work-FB/FB-2022-HoepelFence/20220720_110224.jpg
PIC_THUMBNAIL cache_lookup result=hit elapsed_us=3 uri=/run/media/peet/Data-500GB/Work-FB/FB-2024-Internal Fence/HMF Internal ClearVu Fence (10).jpg
PIC_THUMBNAIL cache_lookup result=hit elapsed_us=2 uri=/run/media/peet/Data-500GB/Work-FB/FB-2024-Internal Fence/HMF Internal ClearVu Fence (9).jpg
PIC_THUMBNAIL cache_lookup result=hit elapsed_us=2 uri=/run/media/peet/Data-500GB/Work-FB/FB-2022-Gasbottle Cage/20220720_085933.jpg
PIC_THUMBNAIL cache_lookup result=hit elapsed_us=2 uri=/run/media/peet/Data-500GB/Work-FB/FB-2022-Gasbottle Cage/20220720_085924.jpg
PIC_THUMBNAIL cache_lookup result=hit elapsed_us=4 uri=/run/media/peet/Data-500GB/Work-FB/FB-2022-Gasbottle Cage/20220720_085917.jpg
PIC_THUMBNAIL cache_lookup result=hit elapsed_us=4 uri=/run/media/peet/Data-500GB/Work-FB/FB-2022-HoepelFence/20220713_134758.jpg
PIC_THUMBNAIL cache_lookup result=hit elapsed_us=3 uri=/run/media/peet/Data-500GB/Work-FB/FB-2026-Tunnel Mesh Fence/20220713_134758-2.jpg
PIC_THUMBNAIL cache_lookup result=hit elapsed_us=3 uri=/run/media/peet/Data-500GB/Work-FB/FB-2026-Tunnel Mesh Fence/20220713_134758.jpg
PIC_THUMBNAIL cache_lookup result=hit elapsed_us=2 uri=/run/media/peet/Data-500GB/Work-FB/FB-2022-HoepelFence/20220713_134746.jpg
PIC_THUMBNAIL cache_lookup result=hit elapsed_us=2 uri=/run/media/peet/Data-500GB/Work-FB/FB-2026-Tunnel Mesh Fence/20220713_134746.jpg
PIC_THUMBNAIL cache_lookup result=hit elapsed_us=4 uri=/run/media/peet/Data-500GB/Work-FB/FB-2022-HoepelFence/20220713_134740.jpg
PIC_THUMBNAIL cache_lookup result=hit elapsed_us=4 uri=/run/media/peet/Data-500GB/Work-FB/FB-2022-HoepelFence/20220713_134734.jpg
PIC_THUMBNAIL cache_lookup result=hit elapsed_us=2 uri=/run/media/peet/Data-500GB/Work-FB/FB-2022-HoepelFence/20220713_134730.jpg
PIC_THUMBNAIL cache_lookup result=hit elapsed_us=2 uri=/run/media/peet/Data-500GB/Work-FB/FB-2022-HoepelFence/20220713_134720.jpg
PIC_THUMBNAIL cache_lookup result=hit elapsed_us=2 uri=/run/media/peet/Data-500GB/Work-FB/FB-2022-HoepelFence/20220713_134715.jpg
PIC_THUMBNAIL cache_lookup result=hit elapsed_us=2 uri=/run/media/peet/Data-500GB/Work-FB/FB-2022-CPT-Various/20220708_110655.jpg
PIC_THUMBNAIL cache_lookup result=hit elapsed_us=2 uri=/run/media/peet/Data-500GB/Work-FB/FB-2022-CPT-Various/20220708_110645.jpg
PIC_THUMBNAIL cache_lookup result=hit elapsed_us=3 uri=/run/media/peet/Data-500GB/Work-FB/FB-2022-CPT-Various/20220704_132142.jpg
PIC_THUMBNAIL cache_lookup result=hit elapsed_us=2 uri=/run/media/peet/Data-500GB/Work-FB/FB-2022-CPT-Various/20220704_113335.jpg
PIC_THUMBNAIL cache_lookup result=hit elapsed_us=2 uri=/run/media/peet/Data-500GB/Work-FB/FB-2022-CPT-Various/20220704_111914.jpg
PIC_THUMBNAIL cache_lookup result=hit elapsed_us=4 uri=/run/media/peet/Data-500GB/Work-FB/FB-2022-EngenNewtonPark/20220630_150007.jpg
PIC_THUMBNAIL cache_lookup result=hit elapsed_us=3 uri=/run/media/peet/Data-500GB/Work-FB/FB-2022-EngenNewtonPark/20220630_145942.jpg
PIC_THUMBNAIL cache_lookup result=hit elapsed_us=2 uri=/run/media/peet/Data-500GB/Work-FB/FB-2022-EngenNewtonPark/20220630_145922.jpg
PIC_THUMBNAIL cache_lookup result=hit elapsed_us=2 uri=/run/media/peet/Data-500GB/Work-FB/FB-2022-EngenNewtonPark/20220630_145849.jpg
PIC_THUMBNAIL cache_lookup result=hit elapsed_us=3 uri=/run/media/peet/Data-500GB/Work-FB/FB-2022-EngenNewtonPark/20220630_145814.jpg
PIC_THUMBNAIL cache_lookup result=hit elapsed_us=4 uri=/run/media/peet/Data-500GB/Work-FB/FB-2022-EngenNewtonPark/20220630_145747.jpg
PIC_THUMBNAIL cache_lookup result=hit elapsed_us=4 uri=/run/media/peet/Data-500GB/Work-FB/FB-2022-EngenNewtonPark/20220630_145731.jpg
PIC_THUMBNAIL cache_lookup result=hit elapsed_us=4 uri=/run/media/peet/Data-500GB/Work-FB/FB-2022-EngenNewtonPark/20220630_145707.jpg
PIC_THUMBNAIL cache_lookup result=hit elapsed_us=4 uri=/run/media/peet/Data-500GB/Work-FB/FB-2022-EngenNewtonPark/20220630_145643.jpg
PIC_THUMBNAIL cache_lookup result=hit elapsed_us=4 uri=/run/media/peet/Data-500GB/Work-FB/FB-2022-EngenNewtonPark/20220630_145622.jpg
PIC_THUMBNAIL cache_lookup result=hit elapsed_us=4 uri=/run/media/peet/Data-500GB/Work-FB/FB-2022-EngenNewtonPark/20220630_145616.jpg
PIC_THUMBNAIL cache_lookup result=hit elapsed_us=3 uri=/run/media/peet/Data-500GB/Work-FB/FB-2022-EngenNewtonPark/20220630_145604.jpg
PIC_THUMBNAIL cache_lookup result=hit elapsed_us=3 uri=/run/media/peet/Data-500GB/Work-FB/FB-2022-RoyalBuffalo-Pt1/FB-RoyalBuffalo-Pt1.jpg
PIC_THUMBNAIL cache_lookup result=hit elapsed_us=2 uri=/run/media/peet/Data-500GB/Work-FB/FB-2022-HoepelFence/20220622_144647.jpg
PIC_THUMBNAIL cache_lookup result=hit elapsed_us=4 uri=/run/media/peet/Data-500GB/Work-FB/FB-2022-HoepelFence/20220622_144640.jpg
PIC_THUMBNAIL cache_lookup result=hit elapsed_us=4 uri=/run/media/peet/Data-500GB/Work-FB/FB-2022-HoepelFence/20220622_144636.jpg
PIC_THUMBNAIL cache_lookup result=hit elapsed_us=2 uri=/run/media/peet/Data-500GB/Work-FB/FB-2022-CPT-Various/20220620_111102.jpg
PIC_THUMBNAIL cache_lookup result=hit elapsed_us=3 uri=/run/media/peet/Data-500GB/Work-FB/FB-2022-CPT-Various/20220620_110444.jpg
PIC_THUMBNAIL cache_lookup result=hit elapsed_us=4 uri=/run/media/peet/Data-500GB/Work-FB/FB-2022-MariaMaan/20220610_114835.jpg
PIC_THUMBNAIL cache_lookup result=hit elapsed_us=4 uri=/run/media/peet/Data-500GB/Work-FB/FB-2022-MariaMaan/20220610_114757.jpg
PIC_THUMBNAIL cache_lookup result=hit elapsed_us=4 uri=/run/media/peet/Data-500GB/Work-FB/FB-2022-MariaMaan/20220610_114731.jpg
PIC_THUMBNAIL cache_lookup result=hit elapsed_us=4 uri=/run/media/peet/Data-500GB/Work-FB/FB-2022-MariaMaan/20220610_114727.jpg
PIC_THUMBNAIL cache_lookup result=hit elapsed_us=2 uri=/run/media/peet/Data-500GB/Work-FB/FB-2022-MariaMaan/20220610_114714.jpg
PIC_THUMBNAIL cache_lookup result=hit elapsed_us=2 uri=/run/media/peet/Data-500GB/Work-FB/FB-2022-MariaMaan/20220610_114709.jpg
PIC_THUMBNAIL cache_lookup result=hit elapsed_us=2 uri=/run/media/peet/Data-500GB/Work-FB/FB-2022-MariaMaan/20220610_114325.jpg
PIC_THUMBNAIL cache_lookup result=hit elapsed_us=3 uri=/run/media/peet/Data-500GB/Work-FB/FB-2022-MariaMaan/20220610_114318.jpg
PIC_THUMBNAIL cache_lookup result=hit elapsed_us=4 uri=/run/media/peet/Data-500GB/Work-FB/FB-2022-MariaMaan/20220610_114238.jpg
PIC_THUMBNAIL cache_lookup result=hit elapsed_us=4 uri=/run/media/peet/Data-500GB/Work-FB/FB-2022-MariaMaan/20220610_114201.jpg
PIC_THUMBNAIL cache_lookup result=hit elapsed_us=4 uri=/run/media/peet/Data-500GB/Work-FB/FB-2022-MariaMaan/20220610_114156.jpg
PIC_THUMBNAIL cache_lookup result=hit elapsed_us=4 uri=/run/media/peet/Data-500GB/Work-FB/FB-2022-MariaMaan/20220610_113437.jpg
PIC_THUMBNAIL cache_lookup result=hit elapsed_us=4 uri=/run/media/peet/Data-500GB/Work-FB/FB-2022-MariaMaan/20220610_113420.jpg
PIC_THUMBNAIL cache_lookup result=hit elapsed_us=2 uri=/run/media/peet/Data-500GB/Work-FB/FB-2022-MariaMaan/20220610_113259.jpg
PIC_THUMBNAIL cache_lookup result=hit elapsed_us=2 uri=/run/media/peet/Data-500GB/Work-FB/FB-2022-MariaMaan/20220610_113256.jpg
PIC_THUMBNAIL cache_lookup result=hit elapsed_us=2 uri=/run/media/peet/Data-500GB/Work-FB/FB-2022-MariaMaan/20220610_113242.jpg
PIC_THUMBNAIL cache_lookup result=hit elapsed_us=2 uri=/run/media/peet/Data-500GB/Work-FB/FB-2022-MariaMaan/20220610_113235.jpg
PIC_THUMBNAIL cache_lookup result=hit elapsed_us=3 uri=/run/media/peet/Data-500GB/Work-FB/FB-2022-MariaMaan/20220610_113223.jpg
PIC_THUMBNAIL cache_lookup result=hit elapsed_us=2 uri=/run/media/peet/Data-500GB/Work-FB/FB-2022-MariaMaan/20220610_113217.jpg
PIC_THUMBNAIL cache_lookup result=hit elapsed_us=2 uri=/run/media/peet/Data-500GB/Work-FB/FB-2022-MariaMaan/20220610_113204.jpg
PIC_THUMBNAIL cache_lookup result=hit elapsed_us=2 uri=/run/media/peet/Data-500GB/Work-FB/FB-2022-MariaMaan/20220610_113201.jpg
PIC_THUMBNAIL cache_lookup result=hit elapsed_us=4 uri=/run/media/peet/Data-500GB/Work-FB/FB-2022-MariaMaan/20220610_113034.jpg
PIC_THUMBNAIL cache_lookup result=hit elapsed_us=4 uri=/run/media/peet/Data-500GB/Work-FB/FB-2022-MariaMaan/20220610_113028.jpg
PIC_THUMBNAIL cache_lookup result=hit elapsed_us=3 uri=/run/media/peet/Data-500GB/Work-FB/FB-2022-MariaMaan/20220610_113011.jpg
PIC_THUMBNAIL cache_lookup result=hit elapsed_us=3 uri=/run/media/peet/Data-500GB/Work-FB/FB-2022-CrownNational/20220609_100859.jpg
PIC_THUMBNAIL cache_lookup result=hit elapsed_us=3 uri=/run/media/peet/Data-500GB/Work-FB/FB-2022-CrownNational/20220609_100835.jpg
PIC_THUMBNAIL cache_lookup result=hit elapsed_us=3 uri=/run/media/peet/Data-500GB/Work-FB/FB-2022-CrownNational/20220609_100803.jpg
PIC_THUMBNAIL cache_lookup result=hit elapsed_us=3 uri=/run/media/peet/Data-500GB/Work-FB/FB-2022-CrownNational/20220609_100749.jpg
PIC_THUMBNAIL cache_lookup result=hit elapsed_us=2 uri=/run/media/peet/Data-500GB/Work-FB/FB-2022-CrownNational/20220609_100737.jpg
PIC_THUMBNAIL cache_lookup result=hit elapsed_us=2 uri=/run/media/peet/Data-500GB/Work-FB/FB-2022-CrownNational/20220609_100713.jpg
PIC_THUMBNAIL cache_lookup result=hit elapsed_us=3 uri=/run/media/peet/Data-500GB/Work-FB/FB-2022-CrownNational/20220609_100659.jpg
PIC_THUMBNAIL cache_lookup result=hit elapsed_us=3 uri=/run/media/peet/Data-500GB/Work-FB/FB-2022-CrownNational/20220609_100651.jpg
PIC_THUMBNAIL cache_lookup result=hit elapsed_us=3 uri=/run/media/peet/Data-500GB/Work-FB/FB-2022-CrownNational/20220609_100631.jpg
PIC_THUMBNAIL cache_lookup result=hit elapsed_us=4 uri=/run/media/peet/Data-500GB/Work-FB/FB-2022-CrownNational/20220609_100512.jpg
PIC_THUMBNAIL cache_lookup result=hit elapsed_us=4 uri=/run/media/peet/Data-500GB/Work-FB/FB-2022-CrownNational/20220609_100459.jpg
PIC_THUMBNAIL cache_lookup result=hit elapsed_us=2 uri=/run/media/peet/Data-500GB/Work-FB/FB-2022-CrownNational/20220609_100451.jpg
PIC_THUMBNAIL cache_lookup result=hit elapsed_us=3 uri=/run/media/peet/Data-500GB/Work-FB/FB-2022-CrownNational/20220609_100417.jpg
PIC_THUMBNAIL cache_lookup result=hit elapsed_us=3 uri=/run/media/peet/Data-500GB/Work-FB/FB-2022-CrownNational/20220609_100330.jpg
PIC_THUMBNAIL cache_lookup result=hit elapsed_us=4 uri=/run/media/peet/Data-500GB/Work-FB/FB-2022-CrownNational/20220609_100322.jpg
PIC_THUMBNAIL cache_lookup result=hit elapsed_us=4 uri=/run/media/peet/Data-500GB/Work-FB/FB-2022-CrownNational/20220609_100312.jpg
PIC_THUMBNAIL cache_lookup result=hit elapsed_us=3 uri=/run/media/peet/Data-500GB/Work-FB/FB-2022-CrownNational/20220609_100245.jpg
PIC_THUMBNAIL cache_lookup result=hit elapsed_us=3 uri=/run/media/peet/Data-500GB/Work-FB/FB-2022-UniversityStores/20220608_144210.jpg
PIC_THUMBNAIL cache_lookup result=hit elapsed_us=2 uri=/run/media/peet/Data-500GB/Work-FB/FB-2022-UniversityStores/20220608_144200.jpg
PIC_THUMBNAIL cache_lookup result=hit elapsed_us=4 uri=/run/media/peet/Data-500GB/Work-FB/FB-2022-UniversityStores/20220608_144152.jpg
PIC_THUMBNAIL cache_lookup result=hit elapsed_us=4 uri=/run/media/peet/Data-500GB/Work-FB/FB-2022-UniversityStores/20220608_144127.jpg
PIC_THUMBNAIL cache_lookup result=hit elapsed_us=3 uri=/run/media/peet/Data-500GB/Work-FB/FB-2022-UniversityStores/20220608_144109.jpg
PIC_THUMBNAIL cache_lookup result=hit elapsed_us=3 uri=/run/media/peet/Data-500GB/Work-FB/FB-2022-UniversityStores/20220608_144054.jpg
PIC_THUMBNAIL cache_lookup result=hit elapsed_us=3 uri=/run/media/peet/Data-500GB/Work-FB/FB-2022-UniversityStores/20220608_144044.jpg
PIC_THUMBNAIL cache_lookup result=hit elapsed_us=2 uri=/run/media/peet/Data-500GB/Work-FB/FB-2024-Internal Fence/HMF Internal ClearVu Fence (8).jpg
PIC_THUMBNAIL cache_lookup result=hit elapsed_us=2 uri=/run/media/peet/Data-500GB/Work-FB/FB-2022-UniversityStores/20220608_144040.jpg
PIC_THUMBNAIL cache_lookup result=hit elapsed_us=3 uri=/run/media/peet/Data-500GB/Work-FB/FB-2022-UniversityStores/20220608_144031.jpg
PIC_THUMBNAIL cache_lookup result=hit elapsed_us=3 uri=/run/media/peet/Data-500GB/Work-FB/FB-2022-UniversityStores/20220608_144025.jpg
PIC_THUMBNAIL cache_lookup result=hit elapsed_us=2 uri=/run/media/peet/Data-500GB/Work-FB/FB-2022-UniversityStores/20220608_144008.jpg
PIC_THUMBNAIL cache_lookup result=hit elapsed_us=2 uri=/run/media/peet/Data-500GB/Work-FB/FB-2022-UniversityStores/20220608_143953.jpg
PIC_THUMBNAIL cache_lookup result=hit elapsed_us=3 uri=/run/media/peet/Data-500GB/Work-FB/FB-2022-UniversityStores/20220608_143940.jpg
PIC_THUMBNAIL cache_lookup result=hit elapsed_us=3 uri=/run/media/peet/Data-500GB/Work-FB/FB-2022-UniversityStores/20220608_143937.jpg
PIC_THUMBNAIL cache_lookup result=hit elapsed_us=3 uri=/run/media/peet/Data-500GB/Work-FB/FB-2024-Internal Fence/HMF Internal ClearVu Fence (7).jpg
PIC_THUMBNAIL cache_lookup result=hit elapsed_us=2 uri=/run/media/peet/A2E00CB6E00C92A9/temp/FB-Covers/20220608_095046.jpg
PIC_THUMBNAIL cache_lookup result=hit elapsed_us=2 uri=/run/media/peet/Data-500GB/Work-FB/FB-2022-WesteringHouse/20220608_095046.jpg
PIC_THUMBNAIL cache_lookup result=hit elapsed_us=2 uri=/run/media/peet/Data-500GB/Work-FB/FB-2022-WesteringHouse/20220608_095009.jpg
PIC_THUMBNAIL cache_lookup result=hit elapsed_us=2 uri=/run/media/peet/Data-500GB/Work-FB/FB-2022-WesteringHouse/20220608_095000.jpg
PIC_THUMBNAIL cache_lookup result=hit elapsed_us=2 uri=/run/media/peet/Data-500GB/Work-FB/FB-2022-WesteringHouse/20220608_094956.jpg
PIC_THUMBNAIL cache_lookup result=hit elapsed_us=3 uri=/run/media/peet/Data-500GB/Work-FB/FB-2022-WesteringHouse/20220608_094948-2.jpg
PIC_THUMBNAIL cache_lookup result=hit elapsed_us=2 uri=/run/media/peet/Data-500GB/Work-FB/FB-2022-WesteringHouse/20220608_094934.jpg
PIC_THUMBNAIL cache_lookup result=hit elapsed_us=2 uri=/run/media/peet/Data-500GB/Work-FB/FB-2022-CPT-Various/20220607_104626.jpg
PIC_THUMBNAIL cache_lookup result=hit elapsed_us=2 uri=/run/media/peet/Data-500GB/Work-FB/FB-2022-CPT-Various/20220607_104611.jpg
PIC_THUMBNAIL cache_lookup result=hit elapsed_us=2 uri=/run/media/peet/Data-500GB/Work-FB/FB-2022-CPT-Various/20220607_104605.jpg
PIC_THUMBNAIL cache_lookup result=hit elapsed_us=3 uri=/run/media/peet/Data-500GB/Work-FB/FB-2022-RoyalBuffalo-Pt2/20220518_110414.jpg
PIC_THUMBNAIL cache_lookup result=hit elapsed_us=4 uri=/run/media/peet/Data-500GB/Work-FB/FB-2022-RoyalBuffalo-Pt2/20220518_110333.jpg
PIC_THUMBNAIL cache_lookup result=hit elapsed_us=4 uri=/run/media/peet/Data-500GB/Work-FB/FB-2022-RoyalBuffalo-Pt2/20220518_110327.jpg
PIC_THUMBNAIL cache_lookup result=hit elapsed_us=3 uri=/run/media/peet/Data-500GB/Work-FB/FB-2022-RoyalBuffalo-Pt2/20220518_110325.jpg
PIC_THUMBNAIL cache_lookup result=hit elapsed_us=2 uri=/run/media/peet/Data-500GB/Work-FB/FB-2022-RoyalBuffalo-Pt2/20220518_110315.jpg
PIC_THUMBNAIL cache_lookup result=hit elapsed_us=2 uri=/run/media/peet/Data-500GB/Work-FB/FB-2022-RoyalBuffalo-Pt2/20220518_110303.jpg
PIC_THUMBNAIL cache_lookup result=hit elapsed_us=2 uri=/run/media/peet/Data-500GB/Work-FB/FB-2022-RoyalBuffalo-Pt2/20220518_110250.jpg
PIC_THUMBNAIL cache_lookup result=hit elapsed_us=2 uri=/run/media/peet/Data-500GB/Work-FB/FB-2022-RoyalBuffalo-Pt2/20220518_110241.jpg
PIC_THUMBNAIL cache_lookup result=hit elapsed_us=4 uri=/run/media/peet/Data-500GB/Work-FB/FB-2022-RoyalBuffalo-Pt2/20220518_110237.jpg
PIC_THUMBNAIL cache_lookup result=hit elapsed_us=3 uri=/run/media/peet/Data-500GB/Work-FB/FB-2022-RoyalBuffalo-Pt1/20220518_110230.jpg
PIC_THUMBNAIL cache_lookup result=hit elapsed_us=4 uri=/run/media/peet/Data-500GB/Work-FB/FB-2022-RoyalBuffalo-Pt1/20220518_110226.jpg
PIC_THUMBNAIL cache_lookup result=hit elapsed_us=3 uri=/run/media/peet/Data-500GB/Work-FB/FB-2022-RoyalBuffalo-Pt1/20220518_110156.jpg
PIC_THUMBNAIL cache_lookup result=hit elapsed_us=3 uri=/run/media/peet/Data-500GB/Work-FB/FB-2022-RoyalBuffalo-Pt1/20220518_110153.jpg
PIC_THUMBNAIL cache_lookup result=hit elapsed_us=3 uri=/run/media/peet/Data-500GB/Work-FB/FB-2022-RoyalBuffalo-Pt1/20220518_110150.jpg
PIC_THUMBNAIL cache_lookup result=hit elapsed_us=3 uri=/run/media/peet/Data-500GB/Work-FB/FB-2022-RoyalBuffalo-Pt1/20220518_110145.jpg
PIC_THUMBNAIL cache_lookup result=hit elapsed_us=3 uri=/run/media/peet/Data-500GB/Work-FB/FB-2022-RoyalBuffalo-Pt1/20220518_110136.jpg
PIC_THUMBNAIL cache_lookup result=hit elapsed_us=4 uri=/run/media/peet/Data-500GB/Work-FB/FB-2022-RoyalBuffalo-Pt1/20220518_110132.jpg
PIC_THUMBNAIL cache_lookup result=hit elapsed_us=4 uri=/run/media/peet/Data-500GB/Work-FB/FB-2022-RoyalBuffalo-Pt1/20220518_110124.jpg
PIC_THUMBNAIL cache_lookup result=hit elapsed_us=3 uri=/run/media/peet/Data-500GB/Work-FB/FB-2022-RoyalBuffalo-Pt1/20220518_110120.jpg
PIC_THUMBNAIL cache_lookup result=hit elapsed_us=2 uri=/run/media/peet/Data-500GB/Work-FB/FB-2022-RoyalBuffalo-Pt1/20220518_110118.jpg
PIC_THUMBNAIL cache_lookup result=hit elapsed_us=2 uri=/run/media/peet/Data-500GB/Work-FB/FB-2022-RoyalBuffalo-Pt1/20220518_110111.jpg
PIC_THUMBNAIL cache_lookup result=hit elapsed_us=2 uri=/run/media/peet/Data-500GB/Work-FB/FB-2022-RoyalBuffalo-Pt2/20220518_110017.jpg
PIC_THUMBNAIL cache_lookup result=hit elapsed_us=4 uri=/run/media/peet/Data-500GB/Work-FB/FB-2022-RoyalBuffalo-Pt2/20220518_110007.jpg
PIC_THUMBNAIL cache_lookup result=hit elapsed_us=4 uri=/run/media/peet/Data-500GB/Work-FB/FB-2022-RoyalBuffalo-Pt2/20220518_105954.jpg
PIC_THUMBNAIL cache_lookup result=hit elapsed_us=3 uri=/run/media/peet/Data-500GB/Work-FB/FB-2022-RoyalBuffalo-Pt2/20220518_105951.jpg
PIC_THUMBNAIL cache_lookup result=hit elapsed_us=3 uri=/run/media/peet/Data-500GB/Work-FB/FB-2022-RoyalBuffalo-Pt2/20220518_105943.jpg
PIC_THUMBNAIL cache_lookup result=hit elapsed_us=3 uri=/run/media/peet/Data-500GB/Work-FB/FB-2022-RoyalBuffalo-Pt2/20220518_105901.jpg
PIC_THUMBNAIL cache_lookup result=hit elapsed_us=3 uri=/run/media/peet/Data-500GB/Work-FB/FB-2022-RoyalBuffalo-Pt2/20220518_105859.jpg
PIC_THUMBNAIL cache_lookup result=hit elapsed_us=4 uri=/run/media/peet/Data-500GB/Work-FB/FB-2022-RoyalBuffalo-Pt2/20220518_105853.jpg
PIC_THUMBNAIL cache_lookup result=hit elapsed_us=3 uri=/run/media/peet/Data-500GB/Work-FB/FB-2022-RoyalBuffalo-Pt2/20220518_105743.jpg
PIC_THUMBNAIL cache_lookup result=hit elapsed_us=4 uri=/run/media/peet/Data-500GB/Work-FB/FB-2022-RoyalBuffalo-Pt2/20220518_105723.jpg
PIC_THUMBNAIL cache_lookup result=hit elapsed_us=4 uri=/run/media/peet/Data-500GB/Work-FB/FB-2022-RoyalBuffalo-Pt2/20220518_105720.jpg
PIC_THUMBNAIL cache_lookup result=hit elapsed_us=2 uri=/run/media/peet/Data-500GB/Work-FB/FB-2022-RoyalBuffalo-Pt2/20220518_105713.jpg
PIC_THUMBNAIL cache_lookup result=hit elapsed_us=2 uri=/run/media/peet/Data-500GB/Work-FB/FB-2022-RoyalBuffalo-Pt2/20220518_105654.jpg
PIC_THUMBNAIL cache_lookup result=hit elapsed_us=3 uri=/run/media/peet/Data-500GB/Work-FB/FB-2022-RoyalBuffalo-Pt2/20220518_105612.jpg
PIC_THUMBNAIL cache_lookup result=hit elapsed_us=4 uri=/run/media/peet/Data-500GB/Work-FB/FB-2022-RoyalBuffalo-Pt2/20220518_105604.jpg
PIC_THUMBNAIL cache_lookup result=hit elapsed_us=3 uri=/run/media/peet/Data-500GB/Work-FB/FB-2022-RoyalBuffalo-Pt2/20220518_105456.jpg
PIC_THUMBNAIL cache_lookup result=hit elapsed_us=4 uri=/run/media/peet/Data-500GB/Work-FB/FB-2022-RoyalBuffalo-Pt2/20220518_105452.jpg
PIC_THUMBNAIL cache_lookup result=hit elapsed_us=4 uri=/run/media/peet/Data-500GB/Work-FB/FB-2022-RoyalBuffalo-Pt2/20220518_105445.jpg
PIC_THUMBNAIL cache_lookup result=hit elapsed_us=4 uri=/run/media/peet/Data-500GB/Work-FB/FB-2020-CureDay Hospital/20220518_103753.jpg
PIC_THUMBNAIL cache_lookup result=hit elapsed_us=2 uri=/run/media/peet/Data-500GB/Work-FB/FB-2020-CureDay Hospital/20220518_103746.jpg
PIC_THUMBNAIL cache_lookup result=hit elapsed_us=4 uri=/run/media/peet/Data-500GB/Work-FB/FB-2020-CureDay Hospital/20220518_103734.jpg
PIC_THUMBNAIL cache_lookup result=hit elapsed_us=4 uri=/run/media/peet/Data-500GB/Work-FB/FB-2020-CureDay Hospital/20220518_103717.jpg
PIC_THUMBNAIL cache_lookup result=hit elapsed_us=4 uri=/run/media/peet/Data-500GB/Work-FB/FB-2020-CureDay Hospital/20220518_103716.jpg
PIC_THUMBNAIL cache_lookup result=hit elapsed_us=4 uri=/run/media/peet/Data-500GB/Work-FB/FB-2020-CureDay Hospital/20220518_103658.jpg
PIC_THUMBNAIL cache_lookup result=hit elapsed_us=4 uri=/run/media/peet/Data-500GB/Work-FB/FB-2020-CureDay Hospital/20220518_103652.jpg
PIC_THUMBNAIL cache_lookup result=hit elapsed_us=4 uri=/run/media/peet/Data-500GB/Work-FB/FB-2020-CureDay Hospital/20220518_103638.jpg
PIC_THUMBNAIL cache_lookup result=hit elapsed_us=4 uri=/run/media/peet/Data-500GB/Work-FB/FB-2020-CureDay Hospital/20220518_103618.jpg
PIC_THUMBNAIL cache_lookup result=hit elapsed_us=2 uri=/run/media/peet/Data-500GB/Work-FB/FB-2021-Munilek/20220518_103618.jpg
PIC_THUMBNAIL cache_lookup result=hit elapsed_us=3 uri=/run/media/peet/Data-500GB/Work-FB/FB-2020-CureDay Hospital/20220518_103537.jpg
PIC_THUMBNAIL cache_lookup result=hit elapsed_us=2 uri=/run/media/peet/Data-500GB/Work-FB/FB-2020-CureDay Hospital/20220518_103458.jpg
PIC_THUMBNAIL cache_lookup result=hit elapsed_us=4 uri=/run/media/peet/Data-500GB/Work-FB/FB-2021-Munilek/20220518_103458.jpg
PIC_THUMBNAIL cache_lookup result=hit elapsed_us=4 uri=/run/media/peet/Data-500GB/Work-FB/FB-2020-CureDay Hospital/20220518_103450.jpg
PIC_THUMBNAIL cache_lookup result=hit elapsed_us=3 uri=/run/media/peet/Data-500GB/Work-FB/FB-2021-Munilek/20220518_103450.jpg
PIC_THUMBNAIL cache_lookup result=hit elapsed_us=3 uri=/run/media/peet/Data-500GB/Work-FB/FB-2020-CureDay Hospital/20220518_103228.jpg
PIC_THUMBNAIL cache_lookup result=hit elapsed_us=3 uri=/run/media/peet/Data-500GB/Work-FB/FB-2020-CureDay Hospital/20220518_103206.jpg
PIC_THUMBNAIL cache_lookup result=hit elapsed_us=2 uri=/run/media/peet/Data-500GB/Work-FB/FB-2020-CureDay Hospital/20220518_103135.jpg
PIC_THUMBNAIL cache_lookup result=hit elapsed_us=5 uri=/run/media/peet/Data-500GB/Work-FB/FB-2020-CureDay Hospital/20220518_103059.jpg
PIC_THUMBNAIL cache_lookup result=hit elapsed_us=4 uri=/run/media/peet/Data-500GB/Work-FB/FB-2022-CPT-Various/20220504_085736.jpg
PIC_THUMBNAIL cache_lookup result=hit elapsed_us=5 uri=/run/media/peet/Data-500GB/Work-FB/FB-2022-CPT-Various/20220504_085724.jpg
PIC_THUMBNAIL cache_lookup result=hit elapsed_us=5 uri=/run/media/peet/Data-500GB/Work-FB/FB-2022-CPT-Various/20220504_085714.jpg
PIC_THUMBNAIL cache_lookup result=hit elapsed_us=5 uri=/run/media/peet/Data-500GB/Work-FB/FB-2022-CPT-Various/20220504_085709.jpg
PIC_THUMBNAIL cache_lookup result=hit elapsed_us=6 uri=/run/media/peet/Data-500GB/Work-FB/FB-2022-Bennet-2022/IMG_20220329_083428.jpg
PIC_THUMBNAIL cache_lookup result=hit elapsed_us=4 uri=/run/media/peet/Data-500GB/Work-FB/FB-2022-Bennet-2022/IMG_20220329_083245.jpg
PIC_THUMBNAIL cache_lookup result=hit elapsed_us=4 uri=/run/media/peet/Data-500GB/Work-FB/FB-2022-Bennet-2022/IMG_20220329_083144.jpg
PIC_THUMBNAIL cache_lookup result=hit elapsed_us=3 uri=/run/media/peet/Data-500GB/Work-FB/FB-2022-Bennet-2022/IMG_20220329_083130.jpg
PIC_THUMBNAIL cache_lookup result=hit elapsed_us=3 uri=/run/media/peet/Data-500GB/Work-FB/FB-2022-Bennet-2022/IMG_20220329_083051.jpg
PIC_THUMBNAIL cache_lookup result=hit elapsed_us=2 uri=/run/media/peet/Data-500GB/Work-FB/FB-2022-Bennet-2022/IMG_20220329_082809.jpg
PIC_THUMBNAIL cache_lookup result=hit elapsed_us=2 uri=/run/media/peet/Data-500GB/Work-FB/FB-2022-Bennet-2022/IMG_20220329_082804.jpg
PIC_THUMBNAIL cache_lookup result=hit elapsed_us=3 uri=/run/media/peet/Data-500GB/Work-FB/FB-2022-Bennet-2022/IMG_20220329_082335.jpg
PIC_THUMBNAIL cache_lookup result=hit elapsed_us=4 uri=/run/media/peet/Data-500GB/Work-FB/FB-2022-Bennet-2022/IMG_20220329_082308.jpg
PIC_THUMBNAIL cache_lookup result=hit elapsed_us=4 uri=/run/media/peet/Data-500GB/Work-FB/FB-2022-Bennet-2022/IMG_20220329_082257.jpg
PIC_THUMBNAIL cache_lookup result=hit elapsed_us=4 uri=/run/media/peet/Data-500GB/Work-FB/FB-2022-Bennet-2022/IMG-20220329-WA0005.jpg
PIC_THUMBNAIL cache_lookup result=hit elapsed_us=3 uri=/run/media/peet/Data-500GB/Work-FB/FB-2022-Bennet-2022/IMG-20220329-WA0003.jpg
PIC_THUMBNAIL cache_lookup result=hit elapsed_us=2 uri=/run/media/peet/Data-500GB/Work-FB/FB-2022-CPT-Various/20220325_114953.jpg
PIC_THUMBNAIL cache_lookup result=hit elapsed_us=3 uri=/run/media/peet/Data-500GB/Work-FB/FB-2022-CPT-Various/20220303_112905.jpg
PIC_THUMBNAIL cache_lookup result=hit elapsed_us=3 uri=/run/media/peet/Data-500GB/Work-FB/FB-2022-CPT-Various/20220303_112844.jpg
PIC_THUMBNAIL cache_lookup result=hit elapsed_us=4 uri=/run/media/peet/Data-500GB/Work-FB/FB-2022-WedgeWood/20220211_104052-Edit-2.jpg
PIC_THUMBNAIL cache_lookup result=hit elapsed_us=4 uri=/run/media/peet/Data-500GB/Work-FB/FB-2022-WedgeWood/20220211_104052-Edit.jpg
PIC_THUMBNAIL cache_lookup result=hit elapsed_us=4 uri=/run/media/peet/Data-500GB/Work-FB/FB-2022-PreCast/IMG_20220214_150221.jpg
PIC_THUMBNAIL cache_lookup result=hit elapsed_us=4 uri=/run/media/peet/Data-500GB/Work-FB/FB-2022-PreCast/IMG_20220214_150208.jpg
PIC_THUMBNAIL cache_lookup result=hit elapsed_us=4 uri=/run/media/peet/Data-500GB/Work-FB/FB-2022-PreCast/IMG_20220214_150155.jpg
PIC_THUMBNAIL cache_lookup result=hit elapsed_us=4 uri=/run/media/peet/Data-500GB/Work-FB/FB-2022-PreCast/IMG_20220214_150147.jpg
PIC_THUMBNAIL cache_lookup result=hit elapsed_us=4 uri=/run/media/peet/Data-500GB/Work-FB/FB-2022-PreCast/IMG_20220214_150134.jpg
PIC_THUMBNAIL cache_lookup result=hit elapsed_us=4 uri=/run/media/peet/Data-500GB/Work-FB/FB-2026-Precast/IMG_20220214_150134.jpg
PIC_THUMBNAIL cache_lookup result=hit elapsed_us=2 uri=/run/media/peet/Data-500GB/Work-FB/FB-2022-WedgeWood/20220211_104104.jpg
PIC_THUMBNAIL cache_lookup result=hit elapsed_us=2 uri=/run/media/peet/Data-500GB/Work-FB/FB-2022-WedgeWood/20220211_104052.jpg
PIC_THUMBNAIL cache_lookup result=hit elapsed_us=4 uri=/run/media/peet/Data-500GB/Work-FB/FB-2022-PreCast/IMG_20220201_170914.jpg
PIC_THUMBNAIL cache_lookup result=hit elapsed_us=4 uri=/run/media/peet/Data-500GB/Work-FB/FB-2022-PreCast/IMG_20220201_170827.jpg
PIC_THUMBNAIL cache_lookup result=hit elapsed_us=4 uri=/run/media/peet/Data-500GB/Work-FB/FB-2022-PreCast/IMG_20220201_170431.jpg
PIC_THUMBNAIL cache_lookup result=hit elapsed_us=4 uri=/run/media/peet/Data-500GB/Work-FB/FB-2022-EdgeDayHospital/20220131_104431.jpg
PIC_THUMBNAIL cache_lookup result=hit elapsed_us=4 uri=/run/media/peet/Data-500GB/Work-FB/FB-2022-EdgeDayHospital/20220131_104421.jpg
PIC_THUMBNAIL cache_lookup result=hit elapsed_us=4 uri=/run/media/peet/Data-500GB/Work-FB/FB-2022-EdgeDayHospital/20220131_104416.jpg
PIC_THUMBNAIL cache_lookup result=hit elapsed_us=3 uri=/run/media/peet/Data-500GB/Work-FB/FB-2022-EdgeDayHospital/20220131_104407.jpg
PIC_THUMBNAIL cache_lookup result=hit elapsed_us=3 uri=/run/media/peet/Data-500GB/Work-FB/FB-2022-EdgeDayHospital/20220131_104401.jpg
PIC_THUMBNAIL cache_lookup result=hit elapsed_us=2 uri=/run/media/peet/Data-500GB/Work-FB/FB-2022-EdgeDayHospital/20220131_104358.jpg
PIC_THUMBNAIL cache_lookup result=hit elapsed_us=3 uri=/run/media/peet/Data-500GB/Work-FB/FB-2022-EdgeDayHospital/20220131_104250.jpg
PIC_THUMBNAIL cache_lookup result=hit elapsed_us=4 uri=/run/media/peet/Data-500GB/Work-FB/FB-2022-EdgeDayHospital/20220131_104229.jpg
PIC_THUMBNAIL cache_lookup result=hit elapsed_us=3 uri=/run/media/peet/Data-500GB/Work-FB/FB-2022-EdgeDayHospital/20220131_103347.jpg
PIC_THUMBNAIL cache_lookup result=hit elapsed_us=3 uri=/run/media/peet/Data-500GB/Work-FB/FB-2022-EdgeDayHospital/20220131_103252.jpg
PIC_THUMBNAIL cache_lookup result=hit elapsed_us=4 uri=/run/media/peet/Data-500GB/Work-FB/FB-2022-EdgeDayHospital/20220131_103230.jpg
PIC_THUMBNAIL cache_lookup result=hit elapsed_us=4 uri=/run/media/peet/Data-500GB/Work-FB/FB-2022-EdgeDayHospital/20220131_103215.jpg
PIC_THUMBNAIL cache_lookup result=hit elapsed_us=4 uri=/run/media/peet/Data-500GB/Work-FB/FB-2022-Wela/IMG_20220119_130419.jpg
PIC_THUMBNAIL cache_lookup result=hit elapsed_us=3 uri=/run/media/peet/Data-500GB/Work-FB/FB-2022-Wela/IMG_20220119_130321.jpg
PIC_THUMBNAIL cache_lookup result=hit elapsed_us=4 uri=/run/media/peet/Data-500GB/Work-FB/FB-2022-Wela/IMG_20220119_130244.jpg
PIC_THUMBNAIL cache_lookup result=hit elapsed_us=4 uri=/run/media/peet/Data-500GB/Work-FB/FB-2022-Wela/IMG_20220119_130238.jpg
PIC_THUMBNAIL cache_lookup result=hit elapsed_us=4 uri=/run/media/peet/Data-500GB/Work-FB/FB-2022-Wela/IMG_20220119_130226.jpg
PIC_THUMBNAIL cache_lookup result=hit elapsed_us=4 uri=/run/media/peet/Data-500GB/Work-FB/FB-2022-Wela/IMG_20220119_130209.jpg
PIC_THUMBNAIL cache_lookup result=hit elapsed_us=4 uri=/run/media/peet/Data-500GB/Work-FB/FB-2022-Wela/IMG_20220119_130122.jpg
PIC_THUMBNAIL cache_lookup result=hit elapsed_us=4 uri=/run/media/peet/Data-500GB/Work-FB/FB-2022-Wela/IMG_20220119_130108.jpg
PIC_THUMBNAIL cache_lookup result=hit elapsed_us=4 uri=/run/media/peet/Data-500GB/Work-FB/FB-2022-Wela/IMG_20220119_130041.jpg
PIC_THUMBNAIL cache_lookup result=hit elapsed_us=4 uri=/run/media/peet/Data-500GB/Work-FB/FB-2022-Wela/IMG_20220119_130005.jpg
PIC_THUMBNAIL cache_lookup result=hit elapsed_us=4 uri=/run/media/peet/Data-500GB/Work-FB/FB-2024-Internal Fence/HMF Internal ClearVu Fence (28).jpg
PIC_THUMBNAIL cache_lookup result=hit elapsed_us=4 uri=/run/media/peet/Data-500GB/Work-FB/FB-2022-Corkwood/IMG_20220119_124219.jpg
PIC_THUMBNAIL cache_lookup result=hit elapsed_us=4 uri=/run/media/peet/Data-500GB/Work-FB/FB-2022-Corkwood/IMG_20220119_123855.jpg
PIC_THUMBNAIL cache_lookup result=hit elapsed_us=3 uri=/run/media/peet/Data-500GB/Work-FB/FB-2022-Corkwood/IMG_20220119_123819.jpg
PIC_THUMBNAIL cache_lookup result=hit elapsed_us=4 uri=/run/media/peet/Data-500GB/Work-FB/FB-2024-Internal Fence/HMF Internal ClearVu Fence (27).jpg
PIC_THUMBNAIL cache_lookup result=hit elapsed_us=4 uri=/run/media/peet/Data-500GB/Work-FB/FB-2022-Corkwood/IMG_20220119_123747.jpg
PIC_THUMBNAIL cache_lookup result=hit elapsed_us=4 uri=/run/media/peet/Data-500GB/Work-FB/FB-2022-Corkwood/IMG_20220119_123722.jpg
PIC_THUMBNAIL cache_lookup result=hit elapsed_us=3 uri=/run/media/peet/Data-500GB/Work-FB/FB-2024-Internal Fence/HMF Internal ClearVu Fence (26).jpg
PIC_THUMBNAIL cache_lookup result=hit elapsed_us=4 uri=/run/media/peet/Data-500GB/Work-FB/FB-2022-Apostolic Church/IMG_20220114_135619.jpg
PIC_THUMBNAIL cache_lookup result=hit elapsed_us=3 uri=/run/media/peet/Data-500GB/Work-FB/FB-2022-Apostolic Church/IMG_20220114_135610.jpg
PIC_THUMBNAIL cache_lookup result=hit elapsed_us=4 uri=/run/media/peet/Data-500GB/Work-FB/FB-2022-Apostolic Church/IMG_20220114_135528_1.jpg
PIC_THUMBNAIL cache_lookup result=hit elapsed_us=3 uri=/run/media/peet/Data-500GB/Work-FB/FB-2022-Apostolic Church/IMG_20220114_135517.jpg
PIC_THUMBNAIL cache_lookup result=hit elapsed_us=2 uri=/run/media/peet/Data-500GB/Work-FB/FB-2022-Apostolic Church/IMG_20220114_135500.jpg
PIC_THUMBNAIL cache_lookup result=hit elapsed_us=4 uri=/run/media/peet/Data-500GB/Work-FB/FB-2022-Apostolic Church/IMG_20220114_135456.jpg
PIC_THUMBNAIL cache_lookup result=hit elapsed_us=4 uri=/run/media/peet/Data-500GB/Work-FB/FB-2022-Apostolic Church/IMG_20220114_135354.jpg
PIC_THUMBNAIL cache_lookup result=hit elapsed_us=3 uri=/run/media/peet/Data-500GB/Work-FB/FB-2022-Apostolic Church/IMG_20220114_135342.jpg
PIC_THUMBNAIL cache_lookup result=hit elapsed_us=4 uri=/run/media/peet/Data-500GB/Work-FB/FB-2022-Apostolic Church/IMG_20220114_135319.jpg
PIC_THUMBNAIL cache_lookup result=hit elapsed_us=4 uri=/run/media/peet/Data-500GB/Work-FB/FB-2022-Apostolic Church/IMG_20220114_135311.jpg
PIC_THUMBNAIL cache_lookup result=hit elapsed_us=4 uri=/run/media/peet/Data-500GB/Work-FB/FB-2022-Apostolic Church/IMG_20220114_135233.jpg
PIC_THUMBNAIL cache_lookup result=hit elapsed_us=4 uri=/run/media/peet/Data-500GB/Work-FB/FB-2022-Apostolic Church/IMG_20220114_135211.jpg
PIC_THUMBNAIL cache_lookup result=hit elapsed_us=2 uri=/run/media/peet/Data-500GB/Work-FB/FB-2022-Corkwood/20220113_092115.jpg
PIC_THUMBNAIL cache_lookup result=hit elapsed_us=3 uri=/run/media/peet/Data-500GB/Work-FB/FB-2022-Corkwood/20220113_091935.jpg
PIC_THUMBNAIL cache_lookup result=hit elapsed_us=3 uri=/run/media/peet/Data-500GB/Work-FB/FB-2022-Corkwood/20220113_091923.jpg
PIC_THUMBNAIL cache_lookup result=hit elapsed_us=2 uri=/run/media/peet/Data-500GB/Work-FB/FB-2022-Corkwood/20220113_091915.jpg
PIC_THUMBNAIL cache_lookup result=hit elapsed_us=3 uri=/run/media/peet/Data-500GB/Work-FB/FB-2022-Corkwood/20220113_091509.jpg
PIC_THUMBNAIL cache_lookup result=hit elapsed_us=4 uri=/run/media/peet/Data-500GB/Work-FB/FB-2022-Corkwood/20220113_091118.jpg
PIC_THUMBNAIL cache_lookup result=hit elapsed_us=4 uri=/run/media/peet/Data-500GB/Work-FB/FB-2022-Corkwood/20220113_091102.jpg
PIC_THUMBNAIL cache_lookup result=hit elapsed_us=4 uri=/run/media/peet/Data-500GB/Work-FB/FB-2022-Corkwood/20220113_091054.jpg
PIC_THUMBNAIL cache_lookup result=hit elapsed_us=5 uri=/run/media/peet/Data-500GB/Work-FB/FB-2022-Corkwood/20220113_091015.jpg
PIC_THUMBNAIL cache_lookup result=hit elapsed_us=2 uri=/run/media/peet/Data-500GB/Work-FB/FB-2022-Corkwood/20220113_090921.jpg
PIC_THUMBNAIL cache_lookup result=hit elapsed_us=2 uri=/run/media/peet/Data-500GB/Work-FB/FB-2022-Corkwood/20220113_090917.jpg
PIC_THUMBNAIL cache_lookup result=hit elapsed_us=3 uri=/run/media/peet/Data-500GB/Work-FB/FB-2022-Corkwood/20220113_090806.jpg
PIC_THUMBNAIL cache_lookup result=hit elapsed_us=3 uri=/run/media/peet/Data-500GB/Work-FB/FB-2022-Corkwood/20220113_090802.jpg
PIC_THUMBNAIL cache_lookup result=hit elapsed_us=4 uri=/run/media/peet/Data-500GB/Work-FB/FB-2022-Corkwood/20220113_090028.jpg
PIC_THUMBNAIL cache_lookup result=hit elapsed_us=4 uri=/run/media/peet/Data-500GB/Work-FB/FB-2022-Corkwood/20220113_090004.jpg
PIC_THUMBNAIL cache_lookup result=hit elapsed_us=4 uri=/run/media/peet/Data-500GB/Work-FB/FB-2022-Corkwood/20220113_085946.jpg
PIC_THUMBNAIL cache_lookup result=hit elapsed_us=2 uri=/run/media/peet/Data-500GB/Work-FB/FB-2022-Corkwood/20220113_085830.jpg
PIC_THUMBNAIL cache_lookup result=hit elapsed_us=2 uri=/run/media/peet/Data-500GB/Work-FB/FB-2022-Corkwood/20220113_085815.jpg
PIC_THUMBNAIL cache_lookup result=hit elapsed_us=3 uri=/run/media/peet/Data-500GB/Work-FB/FB-2022-Apostolic Church/IMG_20220111_124647.jpg
PIC_THUMBNAIL cache_lookup result=hit elapsed_us=4 uri=/run/media/peet/Data-500GB/Work-FB/FB-2022-Apostolic Church/IMG_20220111_124626.jpg
PIC_THUMBNAIL cache_lookup result=hit elapsed_us=4 uri=/run/media/peet/Data-500GB/Work-FB/FB-2022-Apostolic Church/IMG_20220111_124605.jpg
PIC_THUMBNAIL cache_lookup result=hit elapsed_us=3 uri=/run/media/peet/Data-500GB/Work-FB/FB-Staff-Xmas21/Start HMF Xmas 2021 - Part3.jpg
PIC_THUMBNAIL cache_lookup result=hit elapsed_us=3 uri=/run/media/peet/Data-500GB/Work-FB/FB-2021-George-Electric/20211130_082646.jpg
PIC_THUMBNAIL cache_lookup result=hit elapsed_us=4 uri=/run/media/peet/Data-500GB/Work-FB/FB-2021-George-Electric/20211130_082639.jpg
PIC_THUMBNAIL cache_lookup result=hit elapsed_us=4 uri=/run/media/peet/Data-500GB/Work-FB/FB-2021-George-Electric/20211130_082240.jpg
PIC_THUMBNAIL cache_lookup result=hit elapsed_us=4 uri=/run/media/peet/Data-500GB/Work-FB/FB-2021-George-Electric/20211130_082220.jpg
PIC_THUMBNAIL cache_lookup result=hit elapsed_us=8 uri=/run/media/peet/Data-500GB/Work-FB/FB-2021-George-Electric/20211130_081649.jpg
PIC_THUMBNAIL cache_lookup result=hit elapsed_us=3 uri=/run/media/peet/Data-500GB/Work-FB/FB-2021-George-Electric/20211130_081630.jpg
PIC_THUMBNAIL cache_lookup result=hit elapsed_us=3 uri=/run/media/peet/Data-500GB/Work-FB/FB-2021-George-Electric/20211130_081215.jpg
PIC_THUMBNAIL cache_lookup result=hit elapsed_us=3 uri=/run/media/peet/Data-500GB/Work-FB/FB-2021-George-Electric/20211130_081211.jpg
PIC_THUMBNAIL cache_lookup result=hit elapsed_us=2 uri=/run/media/peet/Data-500GB/Work-FB/FB-2021-George-Electric/20211130_081150.jpg
PIC_THUMBNAIL cache_lookup result=hit elapsed_us=2 uri=/run/media/peet/Data-500GB/Work-FB/FB-2021-George-Electric/20211130_081147.jpg
PIC_THUMBNAIL cache_lookup result=hit elapsed_us=2 uri=/run/media/peet/Data-500GB/Work-FB/FB-2021-George-Electric/20211130_081125.jpg
PIC_THUMBNAIL cache_lookup result=hit elapsed_us=3 uri=/run/media/peet/Data-500GB/Work-FB/FB-2021-George-Electric/20211130_081120.jpg
PIC_THUMBNAIL cache_lookup result=hit elapsed_us=2 uri=/run/media/peet/Data-500GB/Work-FB/FB-Staff-Xmas21/Start HMF Xmas 2021 - Part2.jpg
PIC_THUMBNAIL cache_lookup result=hit elapsed_us=3 uri=/run/media/peet/Data-500GB/Work-FB/FB-Staff-Xmas21/Start HMF Xmas 2021.jpg
PIC_THUMBNAIL cache_lookup result=hit elapsed_us=2 uri=/run/media/peet/Data-500GB/Work-FB/FB-Staff-Xmas21/DSC_8438.jpg
PIC_THUMBNAIL cache_lookup result=hit elapsed_us=2 uri=/run/media/peet/Data-500GB/Work-FB/FB-Staff-Xmas21/DSC_8430.jpg
PIC_THUMBNAIL cache_lookup result=hit elapsed_us=2 uri=/run/media/peet/Data-500GB/Work-FB/FB-Staff-Xmas21/DSC_8428.jpg
PIC_THUMBNAIL cache_lookup result=hit elapsed_us=4 uri=/run/media/peet/Data-500GB/Work-FB/FB-Staff-Xmas21/DSC_8427.jpg
PIC_THUMBNAIL cache_lookup result=hit elapsed_us=4 uri=/run/media/peet/Data-500GB/Work-FB/FB-Staff-Xmas21/20211119_103417.jpg
PIC_THUMBNAIL cache_lookup result=hit elapsed_us=4 uri=/run/media/peet/Data-500GB/Work-FB/FB-Staff-Xmas21/20211119_103416.jpg
PIC_THUMBNAIL cache_lookup result=hit elapsed_us=4 uri=/run/media/peet/Data-500GB/Work-FB/FB-Staff-Xmas21/20211119_103402.jpg
PIC_THUMBNAIL cache_lookup result=hit elapsed_us=4 uri=/run/media/peet/Data-500GB/Work-FB/FB-Staff-Xmas21/DSC_8424.jpg
PIC_THUMBNAIL cache_lookup result=hit elapsed_us=4 uri=/run/media/peet/Data-500GB/Work-FB/FB-Staff-Xmas21/20211119_103323.jpg
PIC_THUMBNAIL cache_lookup result=hit elapsed_us=4 uri=/run/media/peet/Data-500GB/Work-FB/FB-Staff-Xmas21/DSC_8421.jpg
PIC_THUMBNAIL cache_lookup result=hit elapsed_us=4 uri=/run/media/peet/Data-500GB/Work-FB/FB-Staff-Xmas21/20211119_103311.jpg
PIC_THUMBNAIL cache_lookup result=hit elapsed_us=3 uri=/run/media/peet/Data-500GB/Work-FB/FB-Staff-Xmas21/20211119_103256.jpg
PIC_THUMBNAIL cache_lookup result=hit elapsed_us=4 uri=/run/media/peet/Data-500GB/Work-FB/FB-Staff-Xmas21/DSC_8419.jpg
PIC_THUMBNAIL cache_lookup result=hit elapsed_us=4 uri=/run/media/peet/Data-500GB/Work-FB/FB-Staff-Xmas21/20211119_103130.jpg
PIC_THUMBNAIL cache_lookup result=hit elapsed_us=4 uri=/run/media/peet/Data-500GB/Work-FB/FB-Staff-Xmas21/DSC_8416.jpg
PIC_THUMBNAIL cache_lookup result=hit elapsed_us=4 uri=/run/media/peet/Data-500GB/Work-FB/FB-Staff-Xmas21/DSC_8411.jpg
PIC_THUMBNAIL cache_lookup result=hit elapsed_us=4 uri=/run/media/peet/Data-500GB/Work-FB/FB-Staff-Xmas21/20211119_103042.jpg
PIC_THUMBNAIL cache_lookup result=hit elapsed_us=4 uri=/run/media/peet/Data-500GB/Work-FB/FB-Staff-Xmas21/DSC_8408.jpg
PIC_THUMBNAIL cache_lookup result=hit elapsed_us=4 uri=/run/media/peet/Data-500GB/Work-FB/FB-Staff-Xmas21/20211119_103010.jpg
PIC_THUMBNAIL cache_lookup result=hit elapsed_us=4 uri=/run/media/peet/Data-500GB/Work-FB/FB-Staff-Xmas21/20211119_102850.jpg
PIC_THUMBNAIL cache_lookup result=hit elapsed_us=4 uri=/run/media/peet/Data-500GB/Work-FB/FB-Staff-Xmas21/20211119_102843.jpg
PIC_THUMBNAIL cache_lookup result=hit elapsed_us=4 uri=/run/media/peet/Data-500GB/Work-FB/FB-Staff-Xmas21/20211119_102840.jpg
PIC_THUMBNAIL cache_lookup result=hit elapsed_us=4 uri=/run/media/peet/Data-500GB/Work-FB/FB-Staff-Xmas21/20211119_102833.jpg
PIC_THUMBNAIL cache_lookup result=hit elapsed_us=3 uri=/run/media/peet/Data-500GB/Work-FB/FB-Staff-Xmas21/DSC_8405.jpg
PIC_THUMBNAIL cache_lookup result=hit elapsed_us=4 uri=/run/media/peet/Data-500GB/Work-FB/FB-Staff-Xmas21/20211119_102734.jpg
PIC_THUMBNAIL cache_lookup result=hit elapsed_us=4 uri=/run/media/peet/Data-500GB/Work-FB/FB-Staff-Xmas21/20211119_102717.jpg
PIC_THUMBNAIL cache_lookup result=hit elapsed_us=4 uri=/run/media/peet/Data-500GB/Work-FB/FB-Staff-Xmas21/20211119_102707.jpg
PIC_THUMBNAIL cache_lookup result=hit elapsed_us=4 uri=/run/media/peet/Data-500GB/Work-FB/FB-Staff-Xmas21/20211119_102657.jpg
PIC_THUMBNAIL cache_lookup result=hit elapsed_us=4 uri=/run/media/peet/Data-500GB/Work-FB/FB-Staff-Xmas21/20211119_102637.jpg
PIC_THUMBNAIL cache_lookup result=hit elapsed_us=4 uri=/run/media/peet/Data-500GB/Work-FB/FB-Staff-Xmas21/20211119_102632.jpg
PIC_THUMBNAIL cache_lookup result=hit elapsed_us=4 uri=/run/media/peet/Data-500GB/Work-FB/FB-Staff-Xmas21/20211119_102628.jpg
PIC_THUMBNAIL cache_lookup result=hit elapsed_us=3 uri=/run/media/peet/Data-500GB/Work-FB/FB-Staff-Xmas21/20211119_102622.jpg
PIC_THUMBNAIL cache_lookup result=hit elapsed_us=4 uri=/run/media/peet/Data-500GB/Work-FB/FB-Staff-Xmas21/20211119_102618.jpg
PIC_THUMBNAIL cache_lookup result=hit elapsed_us=4 uri=/run/media/peet/Data-500GB/Work-FB/FB-Staff-Xmas21/20211119_102615.jpg
PIC_THUMBNAIL cache_lookup result=hit elapsed_us=4 uri=/run/media/peet/Data-500GB/Work-FB/FB-Staff-Xmas21/20211119_102601.jpg
PIC_THUMBNAIL cache_lookup result=hit elapsed_us=4 uri=/run/media/peet/Data-500GB/Work-FB/FB-Staff-Xmas21/20211119_102557.jpg
PIC_THUMBNAIL cache_lookup result=hit elapsed_us=4 uri=/run/media/peet/Data-500GB/Work-FB/FB-Staff-Xmas21/20211119_102449.jpg
PIC_THUMBNAIL cache_lookup result=hit elapsed_us=4 uri=/run/media/peet/Data-500GB/Work-FB/FB-Staff-Xmas21/20211119_102445(0).jpg
PIC_THUMBNAIL cache_lookup result=hit elapsed_us=3 uri=/run/media/peet/Data-500GB/Work-FB/FB-Staff-Xmas21/20211119_102444.jpg
PIC_THUMBNAIL cache_lookup result=hit elapsed_us=3 uri=/run/media/peet/Data-500GB/Work-FB/FB-Staff-Xmas21/20211119_102439.jpg
PIC_THUMBNAIL cache_lookup result=hit elapsed_us=4 uri=/run/media/peet/Data-500GB/Work-FB/FB-Staff-Xmas21/DSC_8395.jpg
PIC_THUMBNAIL cache_lookup result=hit elapsed_us=4 uri=/run/media/peet/Data-500GB/Work-FB/FB-Staff-Xmas21/DSC_8392.jpg
PIC_THUMBNAIL cache_lookup result=hit elapsed_us=4 uri=/run/media/peet/Data-500GB/Work-FB/FB-Staff-Xmas21/20211119_102333.jpg
PIC_THUMBNAIL cache_lookup result=hit elapsed_us=4 uri=/run/media/peet/Data-500GB/Work-FB/FB-Staff-Xmas21/20211119_102326.jpg
PIC_THUMBNAIL cache_lookup result=hit elapsed_us=3 uri=/run/media/peet/Data-500GB/Work-FB/FB-Staff-Xmas21/DSC_8388.jpg
PIC_THUMBNAIL cache_lookup result=hit elapsed_us=2 uri=/run/media/peet/Data-500GB/Work-FB/FB-Staff-Xmas21/DSC_8385.jpg
PIC_THUMBNAIL cache_lookup result=hit elapsed_us=3 uri=/run/media/peet/Data-500GB/Work-FB/FB-Staff-Xmas21/DSC_8384.jpg
PIC_THUMBNAIL cache_lookup result=hit elapsed_us=2 uri=/run/media/peet/Data-500GB/Work-FB/FB-Staff-Xmas21/20211119_102122.jpg
PIC_THUMBNAIL cache_lookup result=hit elapsed_us=2 uri=/run/media/peet/Data-500GB/Work-FB/FB-Staff-Xmas21/DSC_8381.jpg
PIC_THUMBNAIL cache_lookup result=hit elapsed_us=2 uri=/run/media/peet/Data-500GB/Work-FB/FB-Staff-Xmas21/DSC_8380.jpg
PIC_THUMBNAIL cache_lookup result=hit elapsed_us=3 uri=/run/media/peet/Data-500GB/Work-FB/FB-Staff-Xmas21/20211119_102105-2.jpg
PIC_THUMBNAIL cache_lookup result=hit elapsed_us=2 uri=/run/media/peet/Data-500GB/Work-FB/FB-Staff-Xmas21/20211119_102105.jpg
PIC_THUMBNAIL cache_lookup result=hit elapsed_us=2 uri=/run/media/peet/Data-500GB/Work-FB/FB-Staff-Xmas21/20211119_101957.jpg
PIC_THUMBNAIL cache_lookup result=hit elapsed_us=2 uri=/run/media/peet/Data-500GB/Work-FB/FB-Staff-Xmas21/20211119_101944.jpg
PIC_THUMBNAIL cache_lookup result=hit elapsed_us=2 uri=/run/media/peet/Data-500GB/Work-FB/FB-Staff-Xmas21/20211119_101814.jpg
PIC_THUMBNAIL cache_lookup result=hit elapsed_us=3 uri=/run/media/peet/Data-500GB/Work-FB/FB-Staff-Xmas21/20211119_101752.jpg
PIC_THUMBNAIL cache_lookup result=hit elapsed_us=2 uri=/run/media/peet/Data-500GB/Work-FB/FB-Staff-Xmas21/20211119_101738-2.jpg
PIC_THUMBNAIL cache_lookup result=hit elapsed_us=2 uri=/run/media/peet/Data-500GB/Work-FB/FB-Staff-Xmas21/20211119_101738.jpg
PIC_THUMBNAIL cache_lookup result=hit elapsed_us=2 uri=/run/media/peet/Data-500GB/Work-FB/FB-Staff-Xmas21/20211119_101526.jpg
PIC_THUMBNAIL cache_lookup result=hit elapsed_us=3 uri=/run/media/peet/Data-500GB/Work-FB/FB-Staff-Xmas21/20211119_101525.jpg
PIC_THUMBNAIL cache_lookup result=hit elapsed_us=2 uri=/run/media/peet/Data-500GB/Work-FB/FB-Staff-Xmas21/20211119_101521.jpg
PIC_THUMBNAIL cache_lookup result=hit elapsed_us=2 uri=/run/media/peet/Data-500GB/Work-FB/FB-Staff-Xmas21/20211119_101111(0).jpg
PIC_THUMBNAIL cache_lookup result=hit elapsed_us=2 uri=/run/media/peet/Data-500GB/Work-FB/FB-Staff-Xmas21/20211119_101053.jpg
PIC_THUMBNAIL cache_lookup result=hit elapsed_us=2 uri=/run/media/peet/Data-500GB/Work-FB/FB-Staff-Xmas21/20211119_101045.jpg
PIC_THUMBNAIL cache_lookup result=hit elapsed_us=2 uri=/run/media/peet/Data-500GB/Work-FB/FB-Staff-Xmas21/20211119_100240.jpg
PIC_THUMBNAIL cache_lookup result=hit elapsed_us=2 uri=/run/media/peet/Data-500GB/Work-FB/FB-Staff-Xmas21/20211119_100143.jpg
PIC_THUMBNAIL cache_lookup result=hit elapsed_us=2 uri=/run/media/peet/Data-500GB/Work-FB/FB-Staff-Xmas21/20211119_100100.jpg
PIC_THUMBNAIL cache_lookup result=hit elapsed_us=2 uri=/run/media/peet/Data-500GB/Work-FB/FB-Staff-Xmas21/20211119_100021.jpg
PIC_THUMBNAIL cache_lookup result=hit elapsed_us=2 uri=/run/media/peet/Data-500GB/Work-FB/FB-Staff-Xmas21/20211119_095955.jpg
PIC_THUMBNAIL cache_lookup result=hit elapsed_us=3 uri=/run/media/peet/Data-500GB/Work-FB/FB-Staff-Xmas21/20211119_095941.jpg
PIC_THUMBNAIL cache_lookup result=hit elapsed_us=4 uri=/run/media/peet/Data-500GB/Work-FB/FB-Staff-Xmas21/20211119_095729.jpg
PIC_THUMBNAIL cache_lookup result=hit elapsed_us=4 uri=/run/media/peet/Data-500GB/Work-FB/FB-Staff-Xmas21/20211119_095716.jpg
PIC_THUMBNAIL cache_lookup result=hit elapsed_us=4 uri=/run/media/peet/Data-500GB/Work-FB/FB-Staff-Xmas21/20211119_095642.jpg
PIC_THUMBNAIL cache_lookup result=hit elapsed_us=2 uri=/run/media/peet/Data-500GB/Work-FB/FB-Staff-Xmas21/20211119_095605.jpg
PIC_THUMBNAIL cache_lookup result=hit elapsed_us=2 uri=/run/media/peet/Data-500GB/Work-FB/FB-Staff-Xmas21/20211119_095603.jpg
PIC_THUMBNAIL cache_lookup result=hit elapsed_us=2 uri=/run/media/peet/Data-500GB/Work-FB/FB-Staff-Xmas21/20211119_095542.jpg
PIC_THUMBNAIL cache_lookup result=hit elapsed_us=3 uri=/run/media/peet/Data-500GB/Work-FB/FB-2022-CPT-Various/20211115_100514.jpg
PIC_THUMBNAIL cache_lookup result=hit elapsed_us=2 uri=/run/media/peet/Data-500GB/Work-FB/FB-2022-CPT-Various/20211115_100511.jpg
PIC_THUMBNAIL cache_lookup result=hit elapsed_us=2 uri=/run/media/peet/Data-500GB/Work-FB/FB-2022-CPT-Various/20211115_100331.jpg
PIC_THUMBNAIL cache_lookup result=hit elapsed_us=3 uri=/run/media/peet/Data-500GB/Work-FB/FB-2021-Dam ClearVu Fence/IMG_20211019_132431.jpg
PIC_THUMBNAIL cache_lookup result=hit elapsed_us=3 uri=/run/media/peet/Data-500GB/Work-FB/FB-2021-Dam ClearVu Fence/IMG_20211019_132310.jpg
PIC_THUMBNAIL cache_lookup result=hit elapsed_us=3 uri=/run/media/peet/Data-500GB/Work-FB/FB-2021-Dam ClearVu Fence/IMG_20211019_132247.jpg
PIC_THUMBNAIL cache_lookup result=hit elapsed_us=2 uri=/run/media/peet/Data-500GB/Work-FB/FB-2021-Dam ClearVu Fence/IMG_20211019_132241.jpg
PIC_THUMBNAIL cache_lookup result=hit elapsed_us=2 uri=/run/media/peet/Data-500GB/Work-FB/FB-2021-Dam ClearVu Fence/IMG_20211019_132109.jpg
PIC_THUMBNAIL cache_lookup result=hit elapsed_us=3 uri=/run/media/peet/Data-500GB/Work-FB/FB-2021-Dam ClearVu Fence/IMG_20211019_132040.jpg
PIC_THUMBNAIL cache_lookup result=hit elapsed_us=3 uri=/run/media/peet/Data-500GB/Work-FB/FB-2021-Dam ClearVu Fence/IMG_20211019_131840.jpg
PIC_THUMBNAIL cache_lookup result=hit elapsed_us=2 uri=/run/media/peet/Data-500GB/Work-FB/FB-2021-Dam ClearVu Fence/IMG_20211019_131832.jpg
PIC_THUMBNAIL cache_lookup result=hit elapsed_us=3 uri=/run/media/peet/Data-500GB/Work-FB/FB-2021-Newton Park Library/20210929_135619.jpg
PIC_THUMBNAIL cache_lookup result=hit elapsed_us=2 uri=/run/media/peet/Data-500GB/Work-FB/FB-2021-Newton Park Library/20210929_135616.jpg
PIC_THUMBNAIL cache_lookup result=hit elapsed_us=3 uri=/run/media/peet/Data-500GB/Work-FB/FB-2021-Newton Park Library/20210929_135613.jpg
PIC_THUMBNAIL cache_lookup result=hit elapsed_us=2 uri=/run/media/peet/Data-500GB/Work-FB/FB-2021-Newton Park Library/20210929_135455.jpg
PIC_THUMBNAIL cache_lookup result=hit elapsed_us=3 uri=/run/media/peet/Data-500GB/Work-FB/FB-2021-Newton Park Library/20210929_135450.jpg
PIC_THUMBNAIL cache_lookup result=hit elapsed_us=3 uri=/run/media/peet/Data-500GB/Work-FB/FB-2021-Newton Park Library/20210929_135443.jpg
PIC_THUMBNAIL cache_lookup result=hit elapsed_us=2 uri=/run/media/peet/Data-500GB/Work-FB/FB-2021-Newton Park Library/20210929_135427.jpg
PIC_THUMBNAIL cache_lookup result=hit elapsed_us=2 uri=/run/media/peet/Data-500GB/Work-FB/FB-2021-Newton Park Library/20210929_135418.jpg
PIC_THUMBNAIL cache_lookup result=hit elapsed_us=4 uri=/run/media/peet/Data-500GB/Work-FB/FB-2021-Newton Park Library/20210929_135132.jpg
PIC_THUMBNAIL cache_lookup result=hit elapsed_us=3 uri=/run/media/peet/Data-500GB/Work-FB/FB-2021-Newton Park Library/20210929_135119.jpg
PIC_THUMBNAIL cache_lookup result=hit elapsed_us=3 uri=/run/media/peet/Data-500GB/Work-FB/FB-2021-Newton Park Library/20210929_135102.jpg
PIC_THUMBNAIL cache_lookup result=hit elapsed_us=2 uri=/run/media/peet/Data-500GB/Work-FB/FB-2021-Newton Park Library/20210929_135058.jpg
PIC_THUMBNAIL cache_lookup result=hit elapsed_us=2 uri=/run/media/peet/Data-500GB/Work-FB/FB-2021-Newton Park Library/20210929_135041.jpg
PIC_THUMBNAIL cache_lookup result=hit elapsed_us=2 uri=/run/media/peet/Data-500GB/Work-FB/FB-2021-Newton Park Library/20210929_135038.jpg
PIC_THUMBNAIL cache_lookup result=hit elapsed_us=2 uri=/run/media/peet/Data-500GB/Work-FB/FB-2021-Newton Park Library/20210929_135031.jpg
PIC_THUMBNAIL cache_lookup result=hit elapsed_us=2 uri=/run/media/peet/Data-500GB/Work-FB/FB-2021-Newton Park Library/20210929_135028.jpg
PIC_THUMBNAIL cache_lookup result=hit elapsed_us=3 uri=/run/media/peet/Data-500GB/Work-FB/FB-2021-Westbrook/20210929_115609.jpg
PIC_THUMBNAIL cache_lookup result=hit elapsed_us=3 uri=/run/media/peet/Data-500GB/Work-FB/FB-2021-Westbrook/20210929_115558.jpg
PIC_THUMBNAIL cache_lookup result=hit elapsed_us=2 uri=/run/media/peet/Data-500GB/Work-FB/FB-2021-Westbrook/20210929_115422.jpg
PIC_THUMBNAIL cache_lookup result=hit elapsed_us=2 uri=/run/media/peet/Data-500GB/Work-FB/FB-2021-Westbrook/20210929_115414.jpg
PIC_THUMBNAIL cache_lookup result=hit elapsed_us=2 uri=/run/media/peet/Data-500GB/Work-FB/FB-2021-Westbrook/20210929_115400.jpg
PIC_THUMBNAIL cache_lookup result=hit elapsed_us=2 uri=/run/media/peet/Data-500GB/Work-FB/FB-2021-Westbrook/20210929_114354.jpg
PIC_THUMBNAIL cache_lookup result=hit elapsed_us=2 uri=/run/media/peet/Data-500GB/Work-FB/FB-2021-Westbrook/20210929_114349.jpg
PIC_THUMBNAIL cache_lookup result=hit elapsed_us=2 uri=/run/media/peet/Data-500GB/Work-FB/FB-2021-Westbrook/20210929_114343.jpg
PIC_THUMBNAIL cache_lookup result=hit elapsed_us=2 uri=/run/media/peet/Data-500GB/Work-FB/FB-2021-Westbrook/20210929_114052.jpg
PIC_THUMBNAIL cache_lookup result=hit elapsed_us=2 uri=/run/media/peet/Data-500GB/Work-FB/FB-2021-Westbrook/20210929_114043.jpg
PIC_THUMBNAIL cache_lookup result=hit elapsed_us=2 uri=/run/media/peet/Data-500GB/Work-FB/FB-2021-Westbrook/20210929_114015.jpg
PIC_THUMBNAIL cache_lookup result=hit elapsed_us=2 uri=/run/media/peet/Data-500GB/Work-FB/FB-2021-Westbrook/20210929_113948.jpg
PIC_THUMBNAIL cache_lookup result=hit elapsed_us=2 uri=/run/media/peet/Data-500GB/Work-FB/FB-2021-Westbrook/20210929_113215.jpg
PIC_THUMBNAIL cache_lookup result=hit elapsed_us=2 uri=/run/media/peet/Data-500GB/Work-FB/FB-2021-StJoseph/20210929_111854.jpg
PIC_THUMBNAIL cache_lookup result=hit elapsed_us=3 uri=/run/media/peet/Data-500GB/Work-FB/FB-2021-StJoseph/20210929_111845.jpg
PIC_THUMBNAIL cache_lookup result=hit elapsed_us=2 uri=/run/media/peet/Data-500GB/Work-FB/FB-2021-Latterday/20210929_101846.jpg
PIC_THUMBNAIL cache_lookup result=hit elapsed_us=2 uri=/run/media/peet/Data-500GB/Work-FB/FB-2021-Latterday/20210929_101840.jpg
PIC_THUMBNAIL cache_lookup result=hit elapsed_us=2 uri=/run/media/peet/Data-500GB/Work-FB/FB-2021-Latterday/20210929_101638.jpg
PIC_THUMBNAIL cache_lookup result=hit elapsed_us=2 uri=/run/media/peet/Data-500GB/Work-FB/FB-2021-Latterday/20210929_101629.jpg
PIC_THUMBNAIL cache_lookup result=hit elapsed_us=2 uri=/run/media/peet/Data-500GB/Work-FB/FB-Staff-Heritage Day 2021/DSC_7336.jpg
PIC_THUMBNAIL cache_lookup result=hit elapsed_us=2 uri=/run/media/peet/Data-500GB/Work-FB/FB-Staff-Heritage Day 2021/DSC_7329.jpg
PIC_THUMBNAIL cache_lookup result=hit elapsed_us=3 uri=/run/media/peet/Data-500GB/Work-FB/FB-Staff-Heritage Day 2021/20210923_142852.jpg
PIC_THUMBNAIL cache_lookup result=hit elapsed_us=3 uri=/run/media/peet/Data-500GB/Work-FB/FB-Staff-Heritage Day 2021/DSC_7286.jpg
PIC_THUMBNAIL cache_lookup result=hit elapsed_us=2 uri=/run/media/peet/Data-500GB/Work-FB/FB-Staff-Heritage Day 2021/DSC_7278.jpg
PIC_THUMBNAIL cache_lookup result=hit elapsed_us=2 uri=/run/media/peet/Data-500GB/Work-FB/FB-Staff-Heritage Day 2021/DSC_7276.jpg
PIC_THUMBNAIL cache_lookup result=hit elapsed_us=2 uri=/run/media/peet/Data-500GB/Work-FB/FB-Staff-Heritage Day 2021/DSC_7268.jpg
PIC_THUMBNAIL cache_lookup result=hit elapsed_us=2 uri=/run/media/peet/Data-500GB/Work-FB/FB-Staff-Heritage Day 2021/DSC_7263.jpg
PIC_THUMBNAIL cache_lookup result=hit elapsed_us=2 uri=/run/media/peet/Data-500GB/Work-FB/FB-Staff-Heritage Day 2021/DSC_7258.jpg
PIC_THUMBNAIL cache_lookup result=hit elapsed_us=2 uri=/run/media/peet/Data-500GB/Work-FB/FB-Staff-Heritage Day 2021/DSC_7252.jpg
PIC_THUMBNAIL cache_lookup result=hit elapsed_us=2 uri=/run/media/peet/Data-500GB/Work-FB/FB-Staff-Heritage Day 2021/DSC_7223.jpg
PIC_THUMBNAIL cache_lookup result=hit elapsed_us=2 uri=/run/media/peet/Data-500GB/Work-FB/FB-Staff-Heritage Day 2021/DSC_7218.jpg
PIC_THUMBNAIL cache_lookup result=hit elapsed_us=2 uri=/run/media/peet/Data-500GB/Work-FB/FB-Staff-Heritage Day 2021/DSC_7215.jpg
PIC_THUMBNAIL cache_lookup result=hit elapsed_us=2 uri=/run/media/peet/Data-500GB/Work-FB/FB-Staff-Heritage Day 2021/DSC_7212.jpg
PIC_THUMBNAIL cache_lookup result=hit elapsed_us=2 uri=/run/media/peet/Data-500GB/Work-FB/FB-Staff-Heritage Day 2021/DSC_7211.jpg
PIC_THUMBNAIL cache_lookup result=hit elapsed_us=2 uri=/run/media/peet/Data-500GB/Work-FB/FB-Staff-Heritage Day 2021/DSC_7206.jpg
PIC_THUMBNAIL cache_lookup result=hit elapsed_us=3 uri=/run/media/peet/Data-500GB/Work-FB/FB-Staff-Heritage Day 2021/DSC_7195.jpg
PIC_THUMBNAIL cache_lookup result=hit elapsed_us=2 uri=/run/media/peet/Data-500GB/Work-FB/FB-Staff-Heritage Day 2021/DSC_7186.jpg
PIC_THUMBNAIL cache_lookup result=hit elapsed_us=2 uri=/run/media/peet/Data-500GB/Work-FB/FB-Staff-Heritage Day 2021/DSC_7163.jpg
PIC_THUMBNAIL cache_lookup result=hit elapsed_us=2 uri=/run/media/peet/Data-500GB/Work-FB/FB-Staff-Heritage Day 2021/DSC_7159.jpg
PIC_THUMBNAIL cache_lookup result=hit elapsed_us=2 uri=/run/media/peet/Data-500GB/Work-FB/FB-Staff-Heritage Day 2021/DSC_7151.jpg
PIC_THUMBNAIL cache_lookup result=hit elapsed_us=3 uri=/run/media/peet/Data-500GB/Work-FB/FB-Staff-Heritage Day 2021/DSC_7141.jpg
PIC_THUMBNAIL cache_lookup result=hit elapsed_us=2 uri=/run/media/peet/Data-500GB/Work-FB/FB-Staff-Heritage Day 2021/DSC_7140.jpg
PIC_THUMBNAIL cache_lookup result=hit elapsed_us=3 uri=/run/media/peet/Data-500GB/Work-FB/FB-Staff-Heritage Day 2021/DSC_7135.jpg
PIC_THUMBNAIL cache_lookup result=hit elapsed_us=2 uri=/run/media/peet/Data-500GB/Work-FB/FB-Staff-Heritage Day 2021/DSC_7127.jpg
PIC_THUMBNAIL cache_lookup result=hit elapsed_us=2 uri=/run/media/peet/Data-500GB/Work-FB/FB-Staff-Heritage Day 2021/DSC_7123.jpg
PIC_THUMBNAIL cache_lookup result=hit elapsed_us=2 uri=/run/media/peet/Data-500GB/Work-FB/FB-Staff-Heritage Day 2021/DSC_7119.jpg
PIC_THUMBNAIL cache_lookup result=hit elapsed_us=3 uri=/run/media/peet/Data-500GB/Work-FB/FB-2022-PreCast/IMG_20210828_103546.jpg
PIC_THUMBNAIL cache_lookup result=hit elapsed_us=2 uri=/run/media/peet/Data-500GB/Work-FB/FB-2022-PreCast/IMG_20210828_103543.jpg
PIC_THUMBNAIL cache_lookup result=hit elapsed_us=2 uri=/run/media/peet/Data-500GB/Work-FB/FB-2022-PreCast/IMG_20210828_103519.jpg
PIC_THUMBNAIL cache_lookup result=hit elapsed_us=2 uri=/run/media/peet/Data-500GB/Work-FB/FB-2022-PreCast/IMG_20210828_103456.jpg
PIC_THUMBNAIL cache_lookup result=hit elapsed_us=2 uri=/run/media/peet/Data-500GB/Work-FB/FB-2022-PreCast/IMG_20210828_103451.jpg
PIC_THUMBNAIL cache_lookup result=hit elapsed_us=2 uri=/run/media/peet/Data-500GB/Work-FB/FB-2021-Gas Tank Fence/IMG_20210805_155554.jpg
PIC_THUMBNAIL cache_lookup result=hit elapsed_us=2 uri=/run/media/peet/Data-500GB/Work-FB/FB-2021-Gas Tank Fence/IMG_20210805_155528.jpg
PIC_THUMBNAIL cache_lookup result=hit elapsed_us=2 uri=/run/media/peet/Data-500GB/Work-FB/FB-2021-Gas Tank Fence/IMG_20210805_155516.jpg
PIC_THUMBNAIL cache_lookup result=hit elapsed_us=3 uri=/run/media/peet/Data-500GB/Work-FB/FB-2021-Custom Gates/IMG_20210805_153756.jpg
PIC_THUMBNAIL cache_lookup result=hit elapsed_us=2 uri=/run/media/peet/Data-500GB/Work-FB/FB-2021-Custom Gates/IMG_20210805_153749.jpg
PIC_THUMBNAIL cache_lookup result=hit elapsed_us=3 uri=/run/media/peet/Data-500GB/Work-FB/FB-2024-Internal Fence/HMF Internal ClearVu Fence (25).jpg
PIC_THUMBNAIL cache_lookup result=hit elapsed_us=3 uri=/run/media/peet/Data-500GB/Work-FB/FB-2021-Custom Gates/IMG_20210805_153714.jpg
PIC_THUMBNAIL cache_lookup result=hit elapsed_us=3 uri=/run/media/peet/Data-500GB/Work-FB/FB-2021-Oyster Bay Wind Farm/IMG_20210625_142143.jpg
PIC_THUMBNAIL cache_lookup result=hit elapsed_us=2 uri=/run/media/peet/Data-500GB/Work-FB/FB-2021-Oyster Bay Wind Farm/IMG_20210625_134401.jpg
PIC_THUMBNAIL cache_lookup result=hit elapsed_us=2 uri=/run/media/peet/Data-500GB/Work-FB/FB-2021-Oyster Bay Wind Farm/IMG_20210625_134348.jpg
PIC_THUMBNAIL cache_lookup result=hit elapsed_us=3 uri=/run/media/peet/Data-500GB/Work-FB/FB-2021-Oyster Bay Wind Farm/IMG_20210625_134339.jpg
PIC_THUMBNAIL cache_lookup result=hit elapsed_us=2 uri=/run/media/peet/Data-500GB/Work-FB/FB-2021-Oyster Bay Wind Farm/IMG_20210625_123415.jpg
PIC_THUMBNAIL cache_lookup result=hit elapsed_us=3 uri=/run/media/peet/Data-500GB/Work-FB/FB-2021-Oyster Bay Wind Farm/IMG_20210625_123410.jpg
PIC_THUMBNAIL cache_lookup result=hit elapsed_us=2 uri=/run/media/peet/Data-500GB/Work-FB/FB-2021-Oyster Bay Wind Farm/IMG_20210625_123341.jpg
PIC_THUMBNAIL cache_lookup result=hit elapsed_us=2 uri=/run/media/peet/Data-500GB/Work-FB/FB-2021-Oyster Bay Wind Farm/IMG_20210625_104735.jpg
PIC_THUMBNAIL cache_lookup result=hit elapsed_us=2 uri=/run/media/peet/Data-500GB/Work-FB/FB-2021-Oyster Bay Wind Farm/IMG_20210625_104727.jpg
PIC_THUMBNAIL cache_lookup result=hit elapsed_us=3 uri=/run/media/peet/Data-500GB/Work-FB/FB-2021-Oyster Bay Wind Farm/IMG_20210625_103233.jpg
PIC_THUMBNAIL cache_lookup result=hit elapsed_us=3 uri=/run/media/peet/Data-500GB/Work-FB/FB-2021-Oyster Bay Wind Farm/IMG_20210625_103225.jpg
PIC_THUMBNAIL cache_lookup result=hit elapsed_us=3 uri=/run/media/peet/Data-500GB/Work-FB/FB-2021-Oyster Bay Wind Farm/IMG_20210625_103207.jpg
PIC_THUMBNAIL cache_lookup result=hit elapsed_us=3 uri=/run/media/peet/Data-500GB/Work-FB/FB-2021-JBay/20210624_111728.jpg
PIC_THUMBNAIL cache_lookup result=hit elapsed_us=2 uri=/run/media/peet/Data-500GB/Work-FB/FB-2021-JBay/20210624_105730.jpg
PIC_THUMBNAIL cache_lookup result=hit elapsed_us=2 uri=/run/media/peet/Data-500GB/Work-FB/FB-2021-JBay/20210624_105705.jpg
PIC_THUMBNAIL cache_lookup result=hit elapsed_us=3 uri=/run/media/peet/Data-500GB/Work-FB/FB-2024-Internal Fence/HMF Internal ClearVu Fence (24).jpg
PIC_THUMBNAIL cache_lookup result=hit elapsed_us=3 uri=/run/media/peet/Data-500GB/Work-FB/FB-2024-Internal Fence/HMF Internal ClearVu Fence (23).jpg
PIC_THUMBNAIL cache_lookup result=hit elapsed_us=3 uri=/run/media/peet/Data-500GB/Work-FB/FB-2022-PreCast/IMG_20210607_125654.jpg
PIC_THUMBNAIL cache_lookup result=hit elapsed_us=3 uri=/run/media/peet/Data-500GB/Work-FB/FB-2022-PreCast/IMG_20210607_125638.jpg
PIC_THUMBNAIL cache_lookup result=hit elapsed_us=3 uri=/run/media/peet/Data-500GB/Work-FB/FB-2022-PreCast/IMG_20210607_125629.jpg
PIC_THUMBNAIL cache_lookup result=hit elapsed_us=2 uri=/run/media/peet/Data-500GB/Work-FB/FB-2021-Munilek/20210524_140534.jpg
PIC_THUMBNAIL cache_lookup result=hit elapsed_us=3 uri=/run/media/peet/Data-500GB/Work-FB/FB-2021-Munilek/20210524_140525.jpg
PIC_THUMBNAIL cache_lookup result=hit elapsed_us=3 uri=/run/media/peet/Data-500GB/Work-FB/FB-2021-Munilek/20210524_140512.jpg
PIC_THUMBNAIL cache_lookup result=hit elapsed_us=3 uri=/run/media/peet/Data-500GB/Work-FB/FB-2021-Munilek/20210520_134843.jpg
PIC_THUMBNAIL cache_lookup result=hit elapsed_us=3 uri=/run/media/peet/Data-500GB/Work-FB/FB-2021-Munilek/20210520_134823.jpg
PIC_THUMBNAIL cache_lookup result=hit elapsed_us=3 uri=/run/media/peet/Data-500GB/Work-FB/FB-2021-Peddie/20210519_105157.jpg
PIC_THUMBNAIL cache_lookup result=hit elapsed_us=3 uri=/run/media/peet/Data-500GB/Work-FB/FB-2021-Peddie/20210519_105149.jpg
PIC_THUMBNAIL cache_lookup result=hit elapsed_us=3 uri=/run/media/peet/Data-500GB/Work-FB/FB-2021-Peddie/20210519_100721.jpg
PIC_THUMBNAIL cache_lookup result=hit elapsed_us=2 uri=/run/media/peet/Data-500GB/Work-FB/FB-2021-Peddie/20210519_100704.jpg
PIC_THUMBNAIL cache_lookup result=hit elapsed_us=2 uri=/run/media/peet/Data-500GB/Work-FB/FB-2021-Peddie/20210519_100653.jpg
PIC_THUMBNAIL cache_lookup result=hit elapsed_us=2 uri=/run/media/peet/Data-500GB/Work-FB/FB-2021-Peddie/20210519_100645.jpg
PIC_THUMBNAIL cache_lookup result=hit elapsed_us=2 uri=/run/media/peet/Data-500GB/Work-FB/FB-2021-Peddie/20210519_100511.jpg
PIC_THUMBNAIL cache_lookup result=hit elapsed_us=3 uri=/run/media/peet/Data-500GB/Work-FB/FB-2021-Peddie/20210519_100505.jpg
PIC_THUMBNAIL cache_lookup result=hit elapsed_us=2 uri=/run/media/peet/Data-500GB/Work-FB/FB-2021-Peddie/20210519_100501.jpg
PIC_THUMBNAIL cache_lookup result=hit elapsed_us=3 uri=/run/media/peet/Data-500GB/Work-FB/FB-2021-Peddie/20210519_100455.jpg
PIC_THUMBNAIL cache_lookup result=hit elapsed_us=3 uri=/run/media/peet/Data-500GB/Work-FB/FB-2021-Peddie/20210519_100446.jpg
PIC_THUMBNAIL cache_lookup result=hit elapsed_us=3 uri=/run/media/peet/Data-500GB/Work-FB/FB-2021-Peddie/20210519_100419.jpg
PIC_THUMBNAIL cache_lookup result=hit elapsed_us=3 uri=/run/media/peet/Data-500GB/Work-FB/FB-2021-Claudio/20210518_101752.jpg
PIC_THUMBNAIL cache_lookup result=hit elapsed_us=3 uri=/run/media/peet/Data-500GB/Work-FB/FB-2021-Claudio/20210518_101711.jpg
PIC_THUMBNAIL cache_lookup result=hit elapsed_us=3 uri=/run/media/peet/Data-500GB/Work-FB/FB-2021-Ambition/20210514_120938.jpg
PIC_THUMBNAIL cache_lookup result=hit elapsed_us=3 uri=/run/media/peet/Data-500GB/Work-FB/FB-2021-Ambition/20210514_120936.jpg
PIC_THUMBNAIL cache_lookup result=hit elapsed_us=2 uri=/run/media/peet/Data-500GB/Work-FB/FB-2021-Ambition/20210514_120928.jpg
PIC_THUMBNAIL cache_lookup result=hit elapsed_us=4 uri=/run/media/peet/Data-500GB/Work-FB/FB-2021-Ambition/20210514_120835.jpg
PIC_THUMBNAIL cache_lookup result=hit elapsed_us=3 uri=/run/media/peet/Data-500GB/Work-FB/FB-2021-Ambition/20210514_120631.jpg
PIC_THUMBNAIL cache_lookup result=hit elapsed_us=3 uri=/run/media/peet/Data-500GB/Work-FB/FB-2021-Ambition/20210514_120613.jpg
PIC_THUMBNAIL cache_lookup result=hit elapsed_us=3 uri=/run/media/peet/Data-500GB/Work-FB/FB-2021-Ambition/20210514_120606.jpg
PIC_THUMBNAIL cache_lookup result=hit elapsed_us=4 uri=/run/media/peet/Data-500GB/Work-FB/FB-2021-Ambition/20210514_120548.jpg
PIC_THUMBNAIL cache_lookup result=hit elapsed_us=3 uri=/run/media/peet/Data-500GB/Work-FB/FB-2021-Ambition/20210514_120541.jpg
PIC_THUMBNAIL cache_lookup result=hit elapsed_us=3 uri=/run/media/peet/Data-500GB/Work-FB/FB-2021-Ambition/20210514_120529.jpg
PIC_THUMBNAIL cache_lookup result=hit elapsed_us=2 uri=/run/media/peet/Data-500GB/Work-FB/FB-2021-Ambition/20210514_120504.jpg
PIC_THUMBNAIL cache_lookup result=hit elapsed_us=2 uri=/run/media/peet/Data-500GB/Work-FB/FB-2021-Ambition/20210514_120457.jpg
PIC_THUMBNAIL cache_lookup result=hit elapsed_us=2 uri=/run/media/peet/Data-500GB/Work-FB/FB-2021-Ambition/20210514_120454.jpg
PIC_THUMBNAIL cache_lookup result=hit elapsed_us=3 uri=/run/media/peet/Data-500GB/Work-FB/FB-2021-Ambition/20210514_120449.jpg
PIC_THUMBNAIL cache_lookup result=hit elapsed_us=2 uri=/run/media/peet/Data-500GB/Work-FB/FB-2021-Ambition/20210514_120432.jpg
PIC_THUMBNAIL cache_lookup result=hit elapsed_us=3 uri=/run/media/peet/Data-500GB/Work-FB/FB-2021-Ambition/20210514_120412.jpg
PIC_THUMBNAIL cache_lookup result=hit elapsed_us=3 uri=/run/media/peet/Data-500GB/Work-FB/FB-2021-Ambition/20210514_120404.jpg
PIC_THUMBNAIL cache_lookup result=hit elapsed_us=3 uri=/run/media/peet/Data-500GB/Work-FB/FB-2021-Ambition/20210514_120400.jpg
PIC_THUMBNAIL cache_lookup result=hit elapsed_us=3 uri=/run/media/peet/Data-500GB/Work-FB/FB-2021-Ambition/20210514_120331.jpg
PIC_THUMBNAIL cache_lookup result=hit elapsed_us=2 uri=/run/media/peet/Data-500GB/Work-FB/FB-2021-Ambition/20210514_120020.jpg
PIC_THUMBNAIL cache_lookup result=hit elapsed_us=2 uri=/run/media/peet/Data-500GB/Work-FB/FB-2021-Ambition/20210514_120009.jpg
PIC_THUMBNAIL cache_lookup result=hit elapsed_us=3 uri=/run/media/peet/Data-500GB/Work-FB/FB-2021-Ambition/20210514_115959.jpg
PIC_THUMBNAIL cache_lookup result=hit elapsed_us=2 uri=/run/media/peet/Data-500GB/Work-FB/FB-2021-Ambition/20210514_115952.jpg
PIC_THUMBNAIL cache_lookup result=hit elapsed_us=2 uri=/run/media/peet/Data-500GB/Work-FB/FB-2021-Ambition/20210514_115926.jpg
PIC_THUMBNAIL cache_lookup result=hit elapsed_us=2 uri=/run/media/peet/Data-500GB/Work-FB/FB-2021-Ambition/20210514_115922-2.jpg
PIC_THUMBNAIL cache_lookup result=hit elapsed_us=2 uri=/run/media/peet/Data-500GB/Work-FB/FB-2021-Ambition/20210514_115922.jpg
PIC_THUMBNAIL cache_lookup result=hit elapsed_us=2 uri=/run/media/peet/Data-500GB/Work-FB/FB-2021-Ambition/20210514_115911.jpg
PIC_THUMBNAIL cache_lookup result=hit elapsed_us=2 uri=/run/media/peet/Data-500GB/Work-FB/FB-2021-Ambition/20210514_115835.jpg
PIC_THUMBNAIL cache_lookup result=hit elapsed_us=2 uri=/run/media/peet/Data-500GB/Work-FB/FB-2021-Ambition/20210514_115831.jpg
PIC_THUMBNAIL cache_lookup result=hit elapsed_us=2 uri=/run/media/peet/Data-500GB/Work-FB/FB-2021-Ambition/20210514_115828.jpg
PIC_THUMBNAIL cache_lookup result=hit elapsed_us=2 uri=/run/media/peet/Data-500GB/Work-FB/FB-2021-Ambition/20210514_115811.jpg
PIC_THUMBNAIL cache_lookup result=hit elapsed_us=3 uri=/run/media/peet/Data-500GB/Work-FB/FB-2021-Ambition/20210514_115802.jpg
PIC_THUMBNAIL cache_lookup result=hit elapsed_us=2 uri=/run/media/peet/Data-500GB/Work-FB/FB-2021-Ambition/20210514_115712.jpg
PIC_THUMBNAIL cache_lookup result=hit elapsed_us=2 uri=/run/media/peet/Data-500GB/Work-FB/FB-2021-AutoCast/20210511_113616.jpg
PIC_THUMBNAIL cache_lookup result=hit elapsed_us=2 uri=/run/media/peet/Data-500GB/Work-FB/FB-2021-AutoCast/20210511_113608.jpg
PIC_THUMBNAIL cache_lookup result=hit elapsed_us=2 uri=/run/media/peet/Data-500GB/Work-FB/FB-2021-AutoCast/20210511_113502.jpg
PIC_THUMBNAIL cache_lookup result=hit elapsed_us=2 uri=/run/media/peet/Data-500GB/Work-FB/FB-2026-Precast/20210511_113502.jpg
PIC_THUMBNAIL cache_lookup result=hit elapsed_us=3 uri=/run/media/peet/Data-500GB/Work-FB/FB-2026-Precast/20210511_113455.jpg
PIC_THUMBNAIL cache_lookup result=hit elapsed_us=2 uri=/run/media/peet/Data-500GB/Work-FB/FB-2021-AutoCast/20210511_113446.jpg
PIC_THUMBNAIL cache_lookup result=hit elapsed_us=2 uri=/run/media/peet/Data-500GB/Work-FB/FB-2021-AutoCast/20210511_113438.jpg
PIC_THUMBNAIL cache_lookup result=hit elapsed_us=3 uri=/run/media/peet/Data-500GB/Work-FB/FB-2022-PreCast/IMG_20210510_134256.jpg
PIC_THUMBNAIL cache_lookup result=hit elapsed_us=3 uri=/run/media/peet/Data-500GB/Work-FB/FB-2022-PreCast/IMG_20210510_134245.jpg
PIC_THUMBNAIL cache_lookup result=hit elapsed_us=3 uri=/run/media/peet/Data-500GB/Work-FB/FB-2022-PreCast/IMG_20210510_134238.jpg
PIC_THUMBNAIL cache_lookup result=hit elapsed_us=3 uri=/run/media/peet/Data-500GB/Work-FB/FB-2021-ConCrete Blocks/IMG-20201218-WA0031.jpg
PIC_THUMBNAIL cache_lookup result=hit elapsed_us=3 uri=/run/media/peet/Data-500GB/Work-FB/FB-2021-ConCrete Blocks/IMG-20201218-WA0033.jpg
PIC_THUMBNAIL cache_lookup result=hit elapsed_us=3 uri=/run/media/peet/Data-500GB/Work-FB/FB-2021-ConCrete Blocks/IMG-20201218-WA0030.jpg
PIC_THUMBNAIL cache_lookup result=hit elapsed_us=3 uri=/run/media/peet/Data-500GB/Work-FB/FB-2021-ConCrete Blocks/IMG-20201218-WA0026.jpg
PIC_THUMBNAIL cache_lookup result=hit elapsed_us=3 uri=/run/media/peet/Data-500GB/Work-FB/FB-2021-ConCrete Blocks/IMG-20201218-WA0028.jpg
PIC_THUMBNAIL cache_lookup result=hit elapsed_us=2 uri=/run/media/peet/Data-500GB/Work-FB/FB-2021-ConCrete Blocks/IMG-20201218-WA0029.jpg
PIC_THUMBNAIL cache_lookup result=hit elapsed_us=3 uri=/run/media/peet/Data-500GB/Work-FB/FB-2021-ConCrete Blocks/IMG-20201218-WA0021.jpg
PIC_THUMBNAIL cache_lookup result=hit elapsed_us=3 uri=/run/media/peet/Data-500GB/Work-FB/FB-2021-ConCrete Blocks/IMG-20201218-WA0024.jpg
PIC_THUMBNAIL cache_lookup result=hit elapsed_us=3 uri=/run/media/peet/Data-500GB/Work-FB/FB-2021-ConCrete Blocks/IMG-20201218-WA0025.jpg
PIC_THUMBNAIL cache_lookup result=hit elapsed_us=2 uri=/run/media/peet/Data-500GB/Work-FB/FB-2021-ConCrete Blocks/IMG-20201218-WA0016.jpg
PIC_THUMBNAIL cache_lookup result=hit elapsed_us=3 uri=/run/media/peet/Data-500GB/Work-FB/FB-2021-ConCrete Blocks/IMG-20201218-WA0018.jpg
PIC_THUMBNAIL cache_lookup result=hit elapsed_us=3 uri=/run/media/peet/Data-500GB/Work-FB/FB-2021-ConCrete Blocks/IMG-20201218-WA0019.jpg
PIC_THUMBNAIL cache_lookup result=hit elapsed_us=3 uri=/run/media/peet/Data-500GB/Work-FB/FB-2021-ConCrete Blocks/IMG-20201218-WA0020.jpg
PIC_THUMBNAIL cache_lookup result=hit elapsed_us=3 uri=/run/media/peet/Data-500GB/Work-FB/FB-2021-GasWorks/IMG_20210423_095538.jpg
PIC_THUMBNAIL cache_lookup result=hit elapsed_us=3 uri=/run/media/peet/Data-500GB/Work-FB/FB-2021-GasWorks/IMG_20210423_095534.jpg
PIC_THUMBNAIL cache_lookup result=hit elapsed_us=2 uri=/run/media/peet/Data-500GB/Work-FB/FB-2021-GasWorks/IMG_20210423_095524.jpg
PIC_THUMBNAIL cache_lookup result=hit elapsed_us=2 uri=/run/media/peet/Data-500GB/Work-FB/FB-2021-GasWorks/IMG_20210423_095457.jpg
PIC_THUMBNAIL cache_lookup result=hit elapsed_us=2 uri=/run/media/peet/Data-500GB/Work-FB/FB-2021-GasWorks/IMG_20210423_095448.jpg
PIC_THUMBNAIL cache_lookup result=hit elapsed_us=2 uri=/run/media/peet/Data-500GB/Work-FB/FB-2021-GasWorks/IMG_20210423_095432.jpg
PIC_THUMBNAIL cache_lookup result=hit elapsed_us=3 uri=/run/media/peet/Data-500GB/Work-FB/FB-2022-PreCast/IMG_20210421_160650.jpg
PIC_THUMBNAIL cache_lookup result=hit elapsed_us=2 uri=/run/media/peet/Data-500GB/Work-FB/FB-2021-Flats/IMG_20210421_152348.jpg
PIC_THUMBNAIL cache_lookup result=hit elapsed_us=3 uri=/run/media/peet/Data-500GB/Work-FB/FB-2021-Flats/HMF-Washing Lines-004.jpg
PIC_THUMBNAIL cache_lookup result=hit elapsed_us=3 uri=/run/media/peet/Data-500GB/Work-FB/FB-2021-Flats/HMF-Washing Lines-003.jpg
PIC_THUMBNAIL cache_lookup result=hit elapsed_us=2 uri=/run/media/peet/Data-500GB/Work-FB/FB-2021-Flats/HMF-Washing Lines-001.jpg
PIC_THUMBNAIL cache_lookup result=hit elapsed_us=2 uri=/run/media/peet/Data-500GB/Work-FB/FB-2021-Flats/IMG_20210421_151738.jpg
PIC_THUMBNAIL cache_lookup result=hit elapsed_us=3 uri=/run/media/peet/Data-500GB/Work-FB/FB-2021-Flats/IMG_20210421_150607.jpg
PIC_THUMBNAIL cache_lookup result=hit elapsed_us=2 uri=/run/media/peet/Data-500GB/Work-FB/FB-2021-Flats/IMG_20210421_150354.jpg
PIC_THUMBNAIL cache_lookup result=hit elapsed_us=2 uri=/run/media/peet/Data-500GB/Work-FB/FB-2021-Flats/IMG_20210421_150155.jpg
PIC_THUMBNAIL cache_lookup result=hit elapsed_us=3 uri=/run/media/peet/Data-500GB/Work-FB/FB-2021-Flats/IMG_20210421_150132.jpg
PIC_THUMBNAIL cache_lookup result=hit elapsed_us=3 uri=/run/media/peet/Data-500GB/Work-FB/FB-2021-Flats/IMG_20210421_150011.jpg
PIC_THUMBNAIL cache_lookup result=hit elapsed_us=3 uri=/run/media/peet/Data-500GB/Work-FB/FB-2021-Flats/HMF-Washing Lines.jpg
PIC_THUMBNAIL cache_lookup result=hit elapsed_us=2 uri=/run/media/peet/Data-500GB/Work-FB/FB-2026-Precast/IMG_20210421_145804.jpg
PIC_THUMBNAIL cache_lookup result=hit elapsed_us=3 uri=/run/media/peet/Data-500GB/Work-FB/FB-2026-Precast/IMG_20210421_145800.jpg
PIC_THUMBNAIL cache_lookup result=hit elapsed_us=3 uri=/run/media/peet/Data-500GB/Work-FB/FB-2021-Flats/IMG_20210421_145621.jpg
PIC_THUMBNAIL cache_lookup result=hit elapsed_us=3 uri=/run/media/peet/Data-500GB/Work-FB/FB-2021-Flats/HMF-Washing Lines-009.jpg
PIC_THUMBNAIL cache_lookup result=hit elapsed_us=3 uri=/run/media/peet/Data-500GB/Work-FB/FB-2021-Flats/HMF-Washing Lines-008.jpg
PIC_THUMBNAIL cache_lookup result=hit elapsed_us=3 uri=/run/media/peet/Data-500GB/Work-FB/FB-2021-Flats/HMF-Washing Lines-000.jpg
PIC_THUMBNAIL cache_lookup result=hit elapsed_us=3 uri=/run/media/peet/Data-500GB/Work-FB/FB-2021-Flats/HMF-Washing Lines-006.jpg
PIC_THUMBNAIL cache_lookup result=hit elapsed_us=3 uri=/run/media/peet/Data-500GB/Work-FB/FB-2021-Flats/HMF-Washing Lines-005.jpg
PIC_THUMBNAIL cache_lookup result=hit elapsed_us=3 uri=/run/media/peet/Data-500GB/Work-FB/FB-2022-PreCast/IMG_20210419_092631.jpg
PIC_THUMBNAIL cache_lookup result=hit elapsed_us=2 uri=/run/media/peet/Data-500GB/Work-FB/FB-2022-PreCast/IMG_20210419_092629.jpg
PIC_THUMBNAIL cache_lookup result=hit elapsed_us=2 uri=/run/media/peet/Data-500GB/Work-FB/FB-2022-PreCast/IMG_20210419_092337.jpg
PIC_THUMBNAIL cache_lookup result=hit elapsed_us=2 uri=/run/media/peet/Data-500GB/Work-FB/FB-2022-PreCast/IMG_20210414_112321.jpg
PIC_THUMBNAIL cache_lookup result=hit elapsed_us=2 uri=/run/media/peet/Data-500GB/Work-FB/FB-2022-PreCast/IMG_20210414_110007-2.jpg
PIC_THUMBNAIL cache_lookup result=hit elapsed_us=3 uri=/run/media/peet/Data-500GB/Work-FB/FB-2022-PreCast/IMG_20210414_110007.jpg
PIC_THUMBNAIL cache_lookup result=hit elapsed_us=3 uri=/run/media/peet/Data-500GB/Work-FB/FB-2022-PreCast/IMG_20210414_105946.jpg
PIC_THUMBNAIL cache_lookup result=hit elapsed_us=2 uri=/run/media/peet/Data-500GB/Work-FB/FB-2022-PreCast/IMG_20210414_105756.jpg
PIC_THUMBNAIL cache_lookup result=hit elapsed_us=3 uri=/run/media/peet/Data-500GB/Work-FB/FB-2022-PreCast/IMG_20210414_105730.jpg
PIC_THUMBNAIL cache_lookup result=hit elapsed_us=2 uri=/run/media/peet/Data-500GB/Work-FB/FB-2021-Aspen/IMG_20210331_121739.jpg
PIC_THUMBNAIL cache_lookup result=hit elapsed_us=2 uri=/run/media/peet/Data-500GB/Work-FB/FB-2021-Aspen/IMG_20210331_120848.jpg
PIC_THUMBNAIL cache_lookup result=hit elapsed_us=3 uri=/run/media/peet/Data-500GB/Work-FB/FB-2021-Aspen/IMG_20210331_120823.jpg
PIC_THUMBNAIL cache_lookup result=hit elapsed_us=2 uri=/run/media/peet/Data-500GB/Work-FB/FB-2021-Aspen/IMG_20210331_120618.jpg
PIC_THUMBNAIL cache_lookup result=hit elapsed_us=3 uri=/run/media/peet/Data-500GB/Work-FB/FB-2021-Aspen/HMF-Elec4.jpg
PIC_THUMBNAIL cache_lookup result=hit elapsed_us=3 uri=/run/media/peet/Data-500GB/Work-FB/FB-2021-Aspen/HMF-Elec2.jpg
PIC_THUMBNAIL cache_lookup result=hit elapsed_us=3 uri=/run/media/peet/Data-500GB/Work-FB/FB-2021-Aspen/HMF-Elec3.jpg
PIC_THUMBNAIL cache_lookup result=hit elapsed_us=2 uri=/run/media/peet/Data-500GB/Work-FB/FB-2021-Aspen/HMF-Elec1.jpg
PIC_THUMBNAIL cache_lookup result=hit elapsed_us=3 uri=/run/media/peet/Data-500GB/Work-FB/FB-2021-WBHO/20210331_114150-2.jpg
PIC_THUMBNAIL cache_lookup result=hit elapsed_us=2 uri=/run/media/peet/Data-500GB/Work-FB/FB-2021-WBHO/20210331_114150-3.jpg
PIC_THUMBNAIL cache_lookup result=hit elapsed_us=3 uri=/run/media/peet/Data-500GB/Work-FB/FB-2021-WBHO/20210331_114150-4.jpg
PIC_THUMBNAIL cache_lookup result=hit elapsed_us=3 uri=/run/media/peet/Data-500GB/Work-FB/FB-2021-WBHO/20210331_114144(0)-2.jpg
PIC_THUMBNAIL cache_lookup result=hit elapsed_us=3 uri=/run/media/peet/Data-500GB/Work-FB/FB-2021-WBHO/20210331_114144(0)-3.jpg
PIC_THUMBNAIL cache_lookup result=hit elapsed_us=2 uri=/run/media/peet/Data-500GB/Work-FB/FB-2021-Aspen/20210331_112008.jpg
PIC_THUMBNAIL cache_lookup result=hit elapsed_us=2 uri=/run/media/peet/Data-500GB/Work-FB/FB-2021-Aspen/20210331_112006.jpg
PIC_THUMBNAIL cache_lookup result=hit elapsed_us=2 uri=/run/media/peet/Data-500GB/Work-FB/FB-2021-Aspen/20210331_111504.jpg
PIC_THUMBNAIL cache_lookup result=hit elapsed_us=3 uri=/run/media/peet/Data-500GB/Work-FB/FB-2021-Aspen/HMF-Elec7.jpg
PIC_THUMBNAIL cache_lookup result=hit elapsed_us=3 uri=/run/media/peet/Data-500GB/Work-FB/FB-2021-Aspen/HMF-Elec6.jpg
PIC_THUMBNAIL cache_lookup result=hit elapsed_us=3 uri=/run/media/peet/Data-500GB/Work-FB/FB-2021-Aspen/HMF-Elec5.jpg
PIC_THUMBNAIL cache_lookup result=hit elapsed_us=2 uri=/run/media/peet/Data-500GB/Work-FB/FB-2021-Aspen/20210331_111309.jpg
PIC_THUMBNAIL cache_lookup result=hit elapsed_us=2 uri=/run/media/peet/Data-500GB/Work-FB/FB-2021-Aspen/20210331_111221.jpg
PIC_THUMBNAIL cache_lookup result=hit elapsed_us=2 uri=/run/media/peet/Data-500GB/Work-FB/FB-2021-Aspen/20210331_111049.jpg
PIC_THUMBNAIL cache_lookup result=hit elapsed_us=3 uri=/run/media/peet/Data-500GB/Work-FB/FB-2021-Aspen/20210331_111016.jpg
PIC_THUMBNAIL cache_lookup result=hit elapsed_us=3 uri=/run/media/peet/Data-500GB/Work-FB/FB-2021-Aspen/20210331_111007.jpg
PIC_THUMBNAIL cache_lookup result=hit elapsed_us=3 uri=/run/media/peet/Data-500GB/Work-FB/FB-2021-Aspen/20210331_110950.jpg
PIC_THUMBNAIL cache_lookup result=hit elapsed_us=2 uri=/run/media/peet/Data-500GB/Work-FB/FB-2021-Aspen/20210331_110939.jpg
PIC_THUMBNAIL cache_lookup result=hit elapsed_us=2 uri=/run/media/peet/Data-500GB/Work-FB/FB-2021-Aspen/20210331_110922.jpg
PIC_THUMBNAIL cache_lookup result=hit elapsed_us=3 uri=/run/media/peet/Data-500GB/Work-FB/FB-2021-Aspen/20210331_110852.jpg
PIC_THUMBNAIL cache_lookup result=hit elapsed_us=4 uri=/run/media/peet/Data-500GB/Work-FB/FB-2021-Aspen/HMF-Elec8.jpg
PIC_THUMBNAIL cache_lookup result=hit elapsed_us=3 uri=/run/media/peet/Data-500GB/Work-FB/FB-2021-Aspen/20210331_110811.jpg
PIC_THUMBNAIL cache_lookup result=hit elapsed_us=4 uri=/run/media/peet/Data-500GB/Work-FB/FB-2021-Aspen/20210331_110621.jpg
PIC_THUMBNAIL cache_lookup result=hit elapsed_us=3 uri=/run/media/peet/Data-500GB/Work-FB/FB-2021-Aspen/20210331_110508.jpg
PIC_THUMBNAIL cache_lookup result=hit elapsed_us=3 uri=/run/media/peet/Data-500GB/Work-FB/FB-2021-Aspen/HMF-Elec10.jpg
PIC_THUMBNAIL cache_lookup result=hit elapsed_us=3 uri=/run/media/peet/Data-500GB/Work-FB/FB-2021-Aspen/20210331_110342.jpg
PIC_THUMBNAIL cache_lookup result=hit elapsed_us=3 uri=/run/media/peet/Data-500GB/Work-FB/FB-2021-Aspen/HMF-Elec9.jpg
PIC_THUMBNAIL cache_lookup result=hit elapsed_us=3 uri=/run/media/peet/Data-500GB/Work-FB/FB-2021-Aspen/20210331_110251.jpg
PIC_THUMBNAIL cache_lookup result=hit elapsed_us=3 uri=/run/media/peet/Data-500GB/Work-FB/FB-2021-Aspen/20210331_110245.jpg
PIC_THUMBNAIL cache_lookup result=hit elapsed_us=3 uri=/run/media/peet/Data-500GB/Work-FB/FB-2021-Aspen/HMF-Elec11.jpg
PIC_THUMBNAIL cache_lookup result=hit elapsed_us=3 uri=/run/media/peet/Data-500GB/Work-FB/FB-2021-Aspen/HMF-Elec12.jpg
PIC_THUMBNAIL cache_lookup result=hit elapsed_us=3 uri=/run/media/peet/Data-500GB/Work-FB/FB-2021-Aspen/20210331_110148.jpg
PIC_THUMBNAIL cache_lookup result=hit elapsed_us=3 uri=/run/media/peet/Data-500GB/Work-FB/FB-2021-Aspen/20210331_110138.jpg
PIC_THUMBNAIL cache_lookup result=hit elapsed_us=4 uri=/run/media/peet/Data-500GB/Work-FB/FB-2021-Aspen/20210331_110130.jpg
PIC_THUMBNAIL cache_lookup result=hit elapsed_us=4 uri=/run/media/peet/Data-500GB/Work-FB/FB-2021-Aspen/20210331_110123.jpg
PIC_THUMBNAIL cache_lookup result=hit elapsed_us=4 uri=/run/media/peet/Data-500GB/Work-FB/FB-2021-Aspen/20210331_110029.jpg
PIC_THUMBNAIL cache_lookup result=hit elapsed_us=4 uri=/run/media/peet/Data-500GB/Work-FB/FB-2021-Aspen/20210331_110002.jpg
PIC_THUMBNAIL cache_lookup result=hit elapsed_us=3 uri=/run/media/peet/Data-500GB/Work-FB/FB-2021-Aspen/20210331_105943.jpg
PIC_THUMBNAIL cache_lookup result=hit elapsed_us=3 uri=/run/media/peet/Data-500GB/Work-FB/FB-2021-Aspen/HMF-Elec13.jpg
PIC_THUMBNAIL cache_lookup result=hit elapsed_us=3 uri=/run/media/peet/Data-500GB/Work-FB/FB-2021-Precast/20210304_114128(0).jpg
PIC_THUMBNAIL cache_lookup result=hit elapsed_us=2 uri=/run/media/peet/Data-500GB/Work-FB/FB-2021-Precast/Precast - Hyman Master Fence.jpg
PIC_THUMBNAIL cache_lookup result=hit elapsed_us=3 uri=/run/media/peet/Data-500GB/Work-FB/FB-2021-Aspen/IMG_20210303_140210.jpg
PIC_THUMBNAIL cache_lookup result=hit elapsed_us=3 uri=/run/media/peet/Data-500GB/Work-FB/FB-2021-Aspen/IMG_20210303_140117.jpg
PIC_THUMBNAIL cache_lookup result=hit elapsed_us=2 uri=/run/media/peet/Data-500GB/Work-FB/FB-2021-Aspen/IMG_20210303_140011.jpg
PIC_THUMBNAIL cache_lookup result=hit elapsed_us=2 uri=/run/media/peet/Data-500GB/Work-FB/FB-2022-PreCast/IMG_20210301_133034.jpg
PIC_THUMBNAIL cache_lookup result=hit elapsed_us=3 uri=/run/media/peet/Data-500GB/Work-FB/FB-2022-PreCast/IMG_20210301_133030.jpg
PIC_THUMBNAIL cache_lookup result=hit elapsed_us=4 uri=/run/media/peet/Data-500GB/Work-FB/FB-2024-Internal Fence/HMF Internal ClearVu Fence (22).jpg
PIC_THUMBNAIL cache_lookup result=hit elapsed_us=4 uri=/run/media/peet/Data-500GB/Work-FB/FB-2024-Internal Fence/HMF Internal ClearVu Fence (21).jpg
PIC_THUMBNAIL cache_lookup result=hit elapsed_us=4 uri=/run/media/peet/Data-500GB/Work-FB/FB-2024-Internal Fence/HMF Internal ClearVu Fence (20).jpg
PIC_THUMBNAIL cache_lookup result=hit elapsed_us=4 uri=/run/media/peet/Data-500GB/Work-FB/FB-2024-Internal Fence/HMF Internal ClearVu Fence (19).jpg
PIC_THUMBNAIL cache_lookup result=hit elapsed_us=4 uri=/run/media/peet/Data-500GB/Work-FB/FB-2024-Internal Fence/HMF Internal ClearVu Fence (18).jpg
PIC_THUMBNAIL cache_lookup result=hit elapsed_us=4 uri=/run/media/peet/Data-500GB/Work-FB/FB-2021-CPT-Stillbaai/_DSC5786.jpg
PIC_THUMBNAIL cache_lookup result=hit elapsed_us=2 uri=/run/media/peet/Data-500GB/Work-FB/FB-2021-CPT-Stillbaai/_DSC5783.jpg
PIC_THUMBNAIL cache_lookup result=hit elapsed_us=3 uri=/run/media/peet/Data-500GB/Work-FB/FB-2021-CPT-Stillbaai/_DSC5782-2.jpg
PIC_THUMBNAIL cache_lookup result=hit elapsed_us=4 uri=/run/media/peet/Data-500GB/Work-FB/FB-2021-CPT-Stillbaai/_DSC5782.jpg
PIC_THUMBNAIL cache_lookup result=hit elapsed_us=4 uri=/run/media/peet/Data-500GB/Work-FB/FB-2021-CPT-Stillbaai/_DSC5780.jpg
PIC_THUMBNAIL cache_lookup result=hit elapsed_us=4 uri=/run/media/peet/Data-500GB/Work-FB/FB-2021-CPT-Stillbaai/_DSC5779.jpg
PIC_THUMBNAIL cache_lookup result=hit elapsed_us=3 uri=/run/media/peet/Data-500GB/Work-FB/FB-2021-CPT-Stillbaai/_DSC5778.jpg
PIC_THUMBNAIL cache_lookup result=hit elapsed_us=3 uri=/run/media/peet/Data-500GB/Work-FB/FB-2021-CPT-Stillbaai/_DSC5774.jpg
PIC_THUMBNAIL cache_lookup result=hit elapsed_us=4 uri=/run/media/peet/Data-500GB/Work-FB/FB-2021-CPT-Stillbaai/_DSC5772.jpg
PIC_THUMBNAIL cache_lookup result=hit elapsed_us=4 uri=/run/media/peet/Data-500GB/Work-FB/FB-2021-CPT-Stillbaai/_DSC5771.jpg
PIC_THUMBNAIL cache_lookup result=hit elapsed_us=3 uri=/run/media/peet/Data-500GB/Work-FB/FB-2021-CPT-Stillbaai/_DSC5767.jpg
PIC_THUMBNAIL cache_lookup result=hit elapsed_us=2 uri=/run/media/peet/Data-500GB/Work-FB/FB-2021-CPT-Stillbaai/_DSC5765-2.jpg
PIC_THUMBNAIL cache_lookup result=hit elapsed_us=2 uri=/run/media/peet/Data-500GB/Work-FB/FB-2021-CPT-Stillbaai/_DSC5765.jpg
PIC_THUMBNAIL cache_lookup result=hit elapsed_us=3 uri=/run/media/peet/Data-500GB/Work-FB/FB-2021-CPT-Stillbaai/_DSC5761-2.jpg
PIC_THUMBNAIL cache_lookup result=hit elapsed_us=2 uri=/run/media/peet/Data-500GB/Work-FB/FB-2021-CPT-Stillbaai/_DSC5761.jpg
PIC_THUMBNAIL cache_lookup result=hit elapsed_us=3 uri=/run/media/peet/Data-500GB/Work-FB/FB-2021-CPT-Stillbaai/_DSC5760.jpg
PIC_THUMBNAIL cache_lookup result=hit elapsed_us=2 uri=/run/media/peet/Data-500GB/Work-FB/FB-2021-CPT-Stillbaai/_DSC5759.jpg
PIC_THUMBNAIL cache_lookup result=hit elapsed_us=3 uri=/run/media/peet/Data-500GB/Work-FB/FB-2021-CPT-Stillbaai/_DSC5758.jpg
PIC_THUMBNAIL cache_lookup result=hit elapsed_us=3 uri=/run/media/peet/Data-500GB/Work-FB/FB-2021-CPT-Stillbaai/_DSC5756-2.jpg
PIC_THUMBNAIL cache_lookup result=hit elapsed_us=3 uri=/run/media/peet/Data-500GB/Work-FB/FB-2021-CPT-Stillbaai/_DSC5756.jpg
PIC_THUMBNAIL cache_lookup result=hit elapsed_us=3 uri=/run/media/peet/Data-500GB/Work-FB/FB-2021-CPT-Stillbaai/_DSC5755.jpg
PIC_THUMBNAIL cache_lookup result=hit elapsed_us=2 uri=/run/media/peet/Data-500GB/Work-FB/FB-2021-CPT-Stillbaai/_DSC5754.jpg
PIC_THUMBNAIL cache_lookup result=hit elapsed_us=3 uri=/run/media/peet/Data-500GB/Work-FB/FB-2021-CPT-Stillbaai/_DSC5751.jpg
PIC_THUMBNAIL cache_lookup result=hit elapsed_us=3 uri=/run/media/peet/Data-500GB/Work-FB/FB-2021-CPT-Stillbaai/_DSC5750.jpg
PIC_THUMBNAIL cache_lookup result=hit elapsed_us=2 uri=/run/media/peet/Data-500GB/Work-FB/FB-2021-CPT-Stillbaai/_DSC5749.jpg
PIC_THUMBNAIL cache_lookup result=hit elapsed_us=3 uri=/run/media/peet/Data-500GB/Work-FB/FB-2021-CPT-Stillbaai/_DSC5743.jpg
PIC_THUMBNAIL cache_lookup result=hit elapsed_us=3 uri=/run/media/peet/Data-500GB/Work-FB/FB-2021-CPT-Stillbaai/_DSC5739.jpg
PIC_THUMBNAIL cache_lookup result=hit elapsed_us=3 uri=/run/media/peet/Data-500GB/Work-FB/FB-2021-CPT-Stillbaai/_DSC5727-2.jpg
PIC_THUMBNAIL cache_lookup result=hit elapsed_us=3 uri=/run/media/peet/Data-500GB/Work-FB/FB-2021-CPT-Stillbaai/_DSC5727.jpg
PIC_THUMBNAIL cache_lookup result=hit elapsed_us=3 uri=/run/media/peet/Data-500GB/Work-FB/FB-2021-CPT-Stillbaai/_DSC5663.jpg
PIC_THUMBNAIL cache_lookup result=hit elapsed_us=3 uri=/run/media/peet/Data-500GB/Work-FB/FB-2021-Lori/20210125_111104.jpg
PIC_THUMBNAIL cache_lookup result=hit elapsed_us=2 uri=/run/media/peet/Data-500GB/Work-FB/FB-2021-Lori/20210125_111052.jpg
PIC_THUMBNAIL cache_lookup result=hit elapsed_us=2 uri=/run/media/peet/Data-500GB/Work-FB/FB-2021-Lori/20210125_111043.jpg
PIC_THUMBNAIL cache_lookup result=hit elapsed_us=2 uri=/run/media/peet/Data-500GB/Work-FB/FB-2021-Lori/20210125_111015.jpg
PIC_THUMBNAIL cache_lookup result=hit elapsed_us=3 uri=/run/media/peet/Data-500GB/Work-FB/FB-2021-Lori/20210125_111003.jpg
PIC_THUMBNAIL cache_lookup result=hit elapsed_us=3 uri=/run/media/peet/Data-500GB/Work-FB/FB-2021-Lori/20210125_110946.jpg
PIC_THUMBNAIL cache_lookup result=hit elapsed_us=2 uri=/run/media/peet/Data-500GB/Work-FB/FB-2021-Lori/20210125_110934.jpg
PIC_THUMBNAIL cache_lookup result=hit elapsed_us=2 uri=/run/media/peet/Data-500GB/Work-FB/FB-2021-CPT-Stillbaai/_DSC5641.jpg
PIC_THUMBNAIL cache_lookup result=hit elapsed_us=3 uri=/run/media/peet/Data-500GB/Work-FB/FB-2021-Wilandi/20210121_104256.jpg
PIC_THUMBNAIL cache_lookup result=hit elapsed_us=2 uri=/run/media/peet/Data-500GB/Work-FB/FB-2021-Wilandi/20210121_104139.jpg
PIC_THUMBNAIL cache_lookup result=hit elapsed_us=3 uri=/run/media/peet/Data-500GB/Work-FB/FB-2021-Wilandi/20210121_104115.jpg
PIC_THUMBNAIL cache_lookup result=hit elapsed_us=2 uri=/run/media/peet/Data-500GB/Work-FB/FB-2021-Wilandi/20210121_104111.jpg
PIC_THUMBNAIL cache_lookup result=hit elapsed_us=3 uri=/run/media/peet/Data-500GB/Work-FB/FB-2021-Wilandi/20210121_104053.jpg
PIC_THUMBNAIL cache_lookup result=hit elapsed_us=2 uri=/run/media/peet/Data-500GB/Work-FB/FB-2021-Wilandi/20210121_104034.jpg
PIC_THUMBNAIL cache_lookup result=hit elapsed_us=2 uri=/run/media/peet/Data-500GB/Work-FB/FB-2021-Wilandi/20210121_104029.jpg
PIC_THUMBNAIL cache_lookup result=hit elapsed_us=3 uri=/run/media/peet/Data-500GB/Work-FB/FB-2021-Wilandi/20210121_104009.jpg
PIC_THUMBNAIL cache_lookup result=hit elapsed_us=2 uri=/run/media/peet/Data-500GB/Work-FB/FB-2021-Wilandi/20210121_103918.jpg
PIC_THUMBNAIL cache_lookup result=hit elapsed_us=2 uri=/run/media/peet/Data-500GB/Work-FB/FB-2021-Spar/20201213_110554.jpg
PIC_THUMBNAIL cache_lookup result=hit elapsed_us=3 uri=/run/media/peet/Data-500GB/Work-FB/FB-2021-Spar/Hyman Master Fence - Security Fence.jpg
PIC_THUMBNAIL cache_lookup result=hit elapsed_us=3 uri=/run/media/peet/Data-500GB/Work-FB/FB-2020-Galv Gate/IMG_20201210_092800.jpg
PIC_THUMBNAIL cache_lookup result=hit elapsed_us=2 uri=/run/media/peet/Data-500GB/Work-FB/FB-2020-Galv Gate/IMG_20201210_092756.jpg
PIC_THUMBNAIL cache_lookup result=hit elapsed_us=3 uri=/run/media/peet/Data-500GB/Work-FB/FB-2020-Galv Gate/IMG_20201210_092742.jpg
PIC_THUMBNAIL cache_lookup result=hit elapsed_us=2 uri=/run/media/peet/Data-500GB/Work-FB/FB-2020-Galv Gate/IMG_20201210_092328.jpg
PIC_THUMBNAIL cache_lookup result=hit elapsed_us=3 uri=/run/media/peet/Data-500GB/Work-FB/FB-2020-Galv Gate/IMG_20201210_092319.jpg
PIC_THUMBNAIL cache_lookup result=hit elapsed_us=2 uri=/run/media/peet/Data-500GB/Work-FB/FB-2020-Galv Gate/IMG_20201210_092300.jpg
PIC_THUMBNAIL cache_lookup result=hit elapsed_us=3 uri=/run/media/peet/Data-500GB/Work-FB/FB-2020-Galv Gate/IMG_20201210_092256.jpg
PIC_THUMBNAIL cache_lookup result=hit elapsed_us=2 uri=/run/media/peet/Data-500GB/Work-FB/FB-2020-Galv Gate/IMG_20201210_092218.jpg
PIC_THUMBNAIL cache_lookup result=hit elapsed_us=2 uri=/run/media/peet/Data-500GB/Work-FB/FB-2020-Galv Gate/IMG_20201210_091625.jpg
PIC_THUMBNAIL cache_lookup result=hit elapsed_us=3 uri=/run/media/peet/Data-500GB/Work-FB/FB-2020-Galv Gate/IMG_20201210_091540.jpg
PIC_THUMBNAIL cache_lookup result=hit elapsed_us=3 uri=/run/media/peet/Data-500GB/Work-FB/FB-2020-Galv Gate/IMG_20201210_091532.jpg
PIC_THUMBNAIL cache_lookup result=hit elapsed_us=2 uri=/run/media/peet/Data-500GB/Work-FB/FB-Staff-Xmas-Elves-2020/DSC_6725-2.jpg
PIC_THUMBNAIL cache_lookup result=hit elapsed_us=3 uri=/run/media/peet/Data-500GB/Work-FB/FB-Staff-Xmas-Elves-2020/DSC_6729-2.jpg
PIC_THUMBNAIL cache_lookup result=hit elapsed_us=2 uri=/run/media/peet/Data-500GB/Work-FB/FB-Staff-Xmas-Elves-2020/DSC_6729.jpg
PIC_THUMBNAIL cache_lookup result=hit elapsed_us=3 uri=/run/media/peet/Data-500GB/Work-FB/FB-Staff-Xmas-Elves-2020/DSC_6727.jpg
PIC_THUMBNAIL cache_lookup result=hit elapsed_us=3 uri=/run/media/peet/Data-500GB/Work-FB/FB-Staff-Xmas-Elves-2020/DSC_6726.jpg
PIC_THUMBNAIL cache_lookup result=hit elapsed_us=2 uri=/run/media/peet/Data-500GB/Work-FB/FB-Staff-Xmas-Elves-2020/DSC_6725.jpg
PIC_THUMBNAIL cache_lookup result=hit elapsed_us=3 uri=/run/media/peet/Data-500GB/Work-FB/FB-2020-VW/20201203_113947.jpg
PIC_THUMBNAIL cache_lookup result=hit elapsed_us=2 uri=/run/media/peet/Data-500GB/Work-FB/FB-2020-VW/20201203_113943.jpg
PIC_THUMBNAIL cache_lookup result=hit elapsed_us=3 uri=/run/media/peet/Data-500GB/Work-FB/FB-2020-VW/20201203_113401.jpg
PIC_THUMBNAIL cache_lookup result=hit elapsed_us=3 uri=/run/media/peet/Data-500GB/Work-FB/FB-2020-VW/20201203_113352.jpg
PIC_THUMBNAIL cache_lookup result=hit elapsed_us=2 uri=/run/media/peet/Data-500GB/Work-FB/FB-2020-VW/20201203_113250.jpg
PIC_THUMBNAIL cache_lookup result=hit elapsed_us=3 uri=/run/media/peet/Data-500GB/Work-FB/FB-Staff-Xmas-Elves-2020/DSC_6713.jpg
PIC_THUMBNAIL cache_lookup result=hit elapsed_us=3 uri=/run/media/peet/Data-500GB/Work-FB/FB-2020-VW/20201203_113038.jpg
PIC_THUMBNAIL cache_lookup result=hit elapsed_us=3 uri=/run/media/peet/Data-500GB/Work-FB/FB-2020-VW/20201203_112735.jpg
PIC_THUMBNAIL cache_lookup result=hit elapsed_us=2 uri=/run/media/peet/Data-500GB/Work-FB/FB-2020-VW/20201203_112659.jpg
PIC_THUMBNAIL cache_lookup result=hit elapsed_us=3 uri=/run/media/peet/Data-500GB/Work-FB/FB-2020-VW/20201203_112631.jpg
PIC_THUMBNAIL cache_lookup result=hit elapsed_us=4 uri=/run/media/peet/Data-500GB/Work-FB/FB-2020-VW/20201203_112607.jpg
PIC_THUMBNAIL cache_lookup result=hit elapsed_us=4 uri=/run/media/peet/Data-500GB/Work-FB/FB-2020-VW/20201203_112232.jpg
PIC_THUMBNAIL cache_lookup result=hit elapsed_us=3 uri=/run/media/peet/Data-500GB/Work-FB/FB-Staff-Xmas-Elves-2020/DSC_6676.jpg
PIC_THUMBNAIL cache_lookup result=hit elapsed_us=2 uri=/run/media/peet/Data-500GB/Work-FB/FB-Staff-Xmas-Elves-2020/DSC_6657.jpg
PIC_THUMBNAIL cache_lookup result=hit elapsed_us=2 uri=/run/media/peet/Data-500GB/Work-FB/FB-Staff-Xmas-Elves-2020/DSC_6655.jpg
PIC_THUMBNAIL cache_lookup result=hit elapsed_us=4 uri=/run/media/peet/Data-500GB/Work-FB/FB-Staff-Xmas-Elves-2020/DSC_6651.jpg
PIC_THUMBNAIL cache_lookup result=hit elapsed_us=3 uri=/run/media/peet/Data-500GB/Work-FB/FB-Staff-Xmas-Elves-2020/DSC_6648.jpg
PIC_THUMBNAIL cache_lookup result=hit elapsed_us=2 uri=/run/media/peet/Data-500GB/Work-FB/FB-Staff-Xmas-Elves-2020/DSC_6646.jpg
PIC_THUMBNAIL cache_lookup result=hit elapsed_us=2 uri=/run/media/peet/Data-500GB/Work-FB/FB-Staff-Xmas-Elves-2020/DSC_6644.jpg
PIC_THUMBNAIL cache_lookup result=hit elapsed_us=2 uri=/run/media/peet/Data-500GB/Work-FB/FB-Staff-Xmas-Elves-2020/DSC_6641.jpg
PIC_THUMBNAIL cache_lookup result=hit elapsed_us=2 uri=/run/media/peet/Data-500GB/Work-FB/FB-Staff-Xmas-Elves-2020/DSC_6640.jpg
PIC_THUMBNAIL cache_lookup result=hit elapsed_us=2 uri=/run/media/peet/Data-500GB/Work-FB/FB-Staff-Xmas-Elves-2020/DSC_6638.jpg
PIC_THUMBNAIL cache_lookup result=hit elapsed_us=3 uri=/run/media/peet/Data-500GB/Work-FB/FB-Staff-Xmas-Elves-2020/DSC_6635.jpg
PIC_THUMBNAIL cache_lookup result=hit elapsed_us=2 uri=/run/media/peet/Data-500GB/Work-FB/FB-Staff-Xmas-Elves-2020/DSC_6632.jpg
PIC_THUMBNAIL cache_lookup result=hit elapsed_us=2 uri=/run/media/peet/Data-500GB/Work-FB/FB-Staff-Xmas-Elves-2020/DSC_6630.jpg
PIC_THUMBNAIL cache_lookup result=hit elapsed_us=2 uri=/run/media/peet/Data-500GB/Work-FB/FB-Staff-Xmas-Elves-2020/DSC_6628.jpg
PIC_THUMBNAIL cache_lookup result=hit elapsed_us=2 uri=/run/media/peet/Data-500GB/Work-FB/FB-Staff-Xmas-Elves-2020/DSC_6627.jpg
PIC_THUMBNAIL cache_lookup result=hit elapsed_us=2 uri=/run/media/peet/Data-500GB/Work-FB/FB-Staff-Xmas-Elves-2020/DSC_6623.jpg
PIC_THUMBNAIL cache_lookup result=hit elapsed_us=2 uri=/run/media/peet/Data-500GB/Work-FB/FB-Staff-Xmas-Elves-2020/DSC_6618.jpg
PIC_THUMBNAIL cache_lookup result=hit elapsed_us=2 uri=/run/media/peet/Data-500GB/Work-FB/FB-Staff-Xmas-Elves-2020/DSC_6616.jpg
PIC_THUMBNAIL cache_lookup result=hit elapsed_us=3 uri=/run/media/peet/Data-500GB/Work-FB/FB-Staff-Xmas-Elves-2020/DSC_6613.jpg
PIC_THUMBNAIL cache_lookup result=hit elapsed_us=3 uri=/run/media/peet/Data-500GB/Work-FB/FB-Staff-Xmas-Elves-2020/DSC_6612.jpg
PIC_THUMBNAIL cache_lookup result=hit elapsed_us=2 uri=/run/media/peet/Data-500GB/Work-FB/FB-Staff-Xmas-Elves-2020/DSC_6611.jpg
PIC_THUMBNAIL cache_lookup result=hit elapsed_us=3 uri=/run/media/peet/Data-500GB/Work-FB/FB-Staff-Xmas-Elves-2020/Hyman Master Fence - Elf (1).jpg
PIC_THUMBNAIL cache_lookup result=hit elapsed_us=2 uri=/run/media/peet/Data-500GB/Work-FB/FB-Staff-Xmas-Elves-2020/Hyman Master Fence - Elf (6).jpg
PIC_THUMBNAIL cache_lookup result=hit elapsed_us=3 uri=/run/media/peet/Data-500GB/Work-FB/FB-Staff-Xmas-Elves-2020/Hyman Master Fence - Elf (5).jpg
PIC_THUMBNAIL cache_lookup result=hit elapsed_us=3 uri=/run/media/peet/Data-500GB/Work-FB/FB-Staff-Xmas-Elves-2020/Hyman Master Fence - Elf (4).jpg
PIC_THUMBNAIL cache_lookup result=hit elapsed_us=3 uri=/run/media/peet/Data-500GB/Work-FB/FB-Staff-Xmas-Elves-2020/Hyman Master Fence - Elf (3).jpg
PIC_THUMBNAIL cache_lookup result=hit elapsed_us=3 uri=/run/media/peet/Data-500GB/Work-FB/FB-Staff-Xmas-Elves-2020/Hyman Master Fence - Elf (2).jpg
PIC_THUMBNAIL cache_lookup result=hit elapsed_us=3 uri=/run/media/peet/Data-500GB/Work-FB/FB-2020-Carlton Court/20201127_092327.jpg
PIC_THUMBNAIL cache_lookup result=hit elapsed_us=2 uri=/run/media/peet/Data-500GB/Work-FB/FB-2020-Carlton Court/20201127_092038.jpg
PIC_THUMBNAIL cache_lookup result=hit elapsed_us=3 uri=/run/media/peet/Data-500GB/Work-FB/FB-2020-Carlton Court/20201126_121432.jpg
PIC_THUMBNAIL cache_lookup result=hit elapsed_us=3 uri=/run/media/peet/Data-500GB/Work-FB/FB-2020-Diere Kliniek/20201123_102832.jpg
PIC_THUMBNAIL cache_lookup result=hit elapsed_us=3 uri=/run/media/peet/Data-500GB/Work-FB/FB-2020-Diere Kliniek/20201123_102635.jpg
PIC_THUMBNAIL cache_lookup result=hit elapsed_us=3 uri=/run/media/peet/Data-500GB/Work-FB/FB-2020-Diere Kliniek/20201123_102617.jpg
PIC_THUMBNAIL cache_lookup result=hit elapsed_us=3 uri=/run/media/peet/Data-500GB/Work-FB/FB-2020-Diere Kliniek/20201123_102604.jpg
PIC_THUMBNAIL cache_lookup result=hit elapsed_us=3 uri=/run/media/peet/Data-500GB/Work-FB/FB-2020-Diere Kliniek/20201123_102533.jpg
PIC_THUMBNAIL cache_lookup result=hit elapsed_us=3 uri=/run/media/peet/Data-500GB/Work-FB/FB-2020-Diere Kliniek/20201123_102518.jpg
PIC_THUMBNAIL cache_lookup result=hit elapsed_us=2 uri=/run/media/peet/Data-500GB/Work-FB/FB-2020-Diere Kliniek/20201110_124644.jpg
PIC_THUMBNAIL cache_lookup result=hit elapsed_us=3 uri=/run/media/peet/Data-500GB/Work-FB/FB-2020-Kirkwood/HMF - Kirkwood - ClearVu (7).jpg
PIC_THUMBNAIL cache_lookup result=hit elapsed_us=3 uri=/run/media/peet/Data-500GB/Work-FB/FB-2020-Kirkwood/Kirkwood - ClearVu Fence (7).jpg
PIC_THUMBNAIL cache_lookup result=hit elapsed_us=3 uri=/run/media/peet/Data-500GB/Work-FB/FB-2020-Kirkwood/HMF - Kirkwood - ClearVu (6).jpg
PIC_THUMBNAIL cache_lookup result=hit elapsed_us=3 uri=/run/media/peet/Data-500GB/Work-FB/FB-2020-Kirkwood/Kirkwood - ClearVu Fence (6).jpg
PIC_THUMBNAIL cache_lookup result=hit elapsed_us=3 uri=/run/media/peet/Data-500GB/Work-FB/FB-2020-Kirkwood/HMF - Kirkwood - ClearVu (5).jpg
PIC_THUMBNAIL cache_lookup result=hit elapsed_us=4 uri=/run/media/peet/Data-500GB/Work-FB/FB-2020-Kirkwood/Kirkwood - ClearVu Fence (5).jpg
PIC_THUMBNAIL cache_lookup result=hit elapsed_us=3 uri=/run/media/peet/Data-500GB/Work-FB/FB-2020-Kirkwood/HMF - Kirkwood - ClearVu (4).jpg
PIC_THUMBNAIL cache_lookup result=hit elapsed_us=3 uri=/run/media/peet/Data-500GB/Work-FB/FB-2020-Kirkwood/Kirkwood - ClearVu Fence (4).jpg
PIC_THUMBNAIL cache_lookup result=hit elapsed_us=3 uri=/run/media/peet/Data-500GB/Work-FB/FB-2020-Kirkwood/HMF - Kirkwood - ClearVu (3).jpg
PIC_THUMBNAIL cache_lookup result=hit elapsed_us=2 uri=/run/media/peet/Data-500GB/Work-FB/FB-2020-Kirkwood/Kirkwood - ClearVu Fence (3).jpg
PIC_THUMBNAIL cache_lookup result=hit elapsed_us=2 uri=/run/media/peet/Data-500GB/Work-FB/FB-2020-Kirkwood/HMF - Kirkwood - ClearVu (2).jpg
PIC_THUMBNAIL cache_lookup result=hit elapsed_us=2 uri=/run/media/peet/Data-500GB/Work-FB/FB-2020-Kirkwood/Kirkwood - ClearVu Fence (2).jpg
PIC_THUMBNAIL cache_lookup result=hit elapsed_us=2 uri=/run/media/peet/Data-500GB/Work-FB/FB-Staff-Workers 2020/DSC_6605.jpg
PIC_THUMBNAIL cache_lookup result=hit elapsed_us=2 uri=/run/media/peet/Data-500GB/Work-FB/FB-Staff-Workers 2020/DSC_6599.jpg
PIC_THUMBNAIL cache_lookup result=hit elapsed_us=2 uri=/run/media/peet/Data-500GB/Work-FB/FB-Staff-Workers 2020/DSC_6595.jpg
PIC_THUMBNAIL cache_lookup result=hit elapsed_us=2 uri=/run/media/peet/Data-500GB/Work-FB/FB-Staff-Workers 2020/DSC_6591.jpg
PIC_THUMBNAIL cache_lookup result=hit elapsed_us=2 uri=/run/media/peet/Data-500GB/Work-FB/FB-Staff-Workers 2020/DSC_6588.jpg
PIC_THUMBNAIL cache_lookup result=hit elapsed_us=2 uri=/run/media/peet/Data-500GB/Work-FB/FB-Staff-Workers 2020/DSC_6586.jpg
PIC_THUMBNAIL cache_lookup result=hit elapsed_us=2 uri=/run/media/peet/Data-500GB/Work-FB/FB-Staff-Workers 2020/DSC_6585.jpg
PIC_THUMBNAIL cache_lookup result=hit elapsed_us=3 uri=/run/media/peet/Data-500GB/Work-FB/FB-Staff-Workers 2020/DSC_6583.jpg
PIC_THUMBNAIL cache_lookup result=hit elapsed_us=2 uri=/run/media/peet/Data-500GB/Work-FB/FB-Staff-Workers 2020/DSC_6580.jpg
PIC_THUMBNAIL cache_lookup result=hit elapsed_us=2 uri=/run/media/peet/Data-500GB/Work-FB/FB-Staff-Workers 2020/DSC_6579.jpg
PIC_THUMBNAIL cache_lookup result=hit elapsed_us=3 uri=/run/media/peet/Data-500GB/Work-FB/FB-Staff-Workers 2020/DSC_6578.jpg
PIC_THUMBNAIL cache_lookup result=hit elapsed_us=2 uri=/run/media/peet/Data-500GB/Work-FB/FB-Staff-Workers 2020/DSC_6575.jpg
PIC_THUMBNAIL cache_lookup result=hit elapsed_us=2 uri=/run/media/peet/Data-500GB/Work-FB/FB-Staff-Workers 2020/DSC_6574.jpg
PIC_THUMBNAIL cache_lookup result=hit elapsed_us=2 uri=/run/media/peet/Data-500GB/Work-FB/FB-Staff-Workers 2020/DSC_6572.jpg
PIC_THUMBNAIL cache_lookup result=hit elapsed_us=2 uri=/run/media/peet/Data-500GB/Work-FB/FB-Staff-Workers 2020/DSC_6565.jpg
PIC_THUMBNAIL cache_lookup result=hit elapsed_us=3 uri=/run/media/peet/Data-500GB/Work-FB/FB-Staff-Workers 2020/DSC_6564.jpg
PIC_THUMBNAIL cache_lookup result=hit elapsed_us=3 uri=/run/media/peet/Data-500GB/Work-FB/FB-Staff-Workers 2020/DSC_6555.jpg
PIC_THUMBNAIL cache_lookup result=hit elapsed_us=2 uri=/run/media/peet/Data-500GB/Work-FB/FB-Staff-Workers 2020/DSC_6553.jpg
PIC_THUMBNAIL cache_lookup result=hit elapsed_us=3 uri=/run/media/peet/Data-500GB/Work-FB/FB-Staff-Workers 2020/DSC_6545.jpg
PIC_THUMBNAIL cache_lookup result=hit elapsed_us=3 uri=/run/media/peet/Data-500GB/Work-FB/FB-Staff-Workers 2020/DSC_6539.jpg
PIC_THUMBNAIL cache_lookup result=hit elapsed_us=3 uri=/run/media/peet/Data-500GB/Work-FB/FB-Staff-Workers 2020/DSC_6535.jpg
PIC_THUMBNAIL cache_lookup result=hit elapsed_us=3 uri=/run/media/peet/Data-500GB/Work-FB/FB-Staff-Workers 2020/DSC_6529.jpg
PIC_THUMBNAIL cache_lookup result=hit elapsed_us=3 uri=/run/media/peet/Data-500GB/Work-FB/FB-Staff-Workers 2020/DSC_6525.jpg
PIC_THUMBNAIL cache_lookup result=hit elapsed_us=2 uri=/run/media/peet/Data-500GB/Work-FB/FB-Staff-Workers 2020/DSC_6516.jpg
PIC_THUMBNAIL cache_lookup result=hit elapsed_us=2 uri=/run/media/peet/Data-500GB/Work-FB/FB-Staff-Workers 2020/DSC_6513.jpg
PIC_THUMBNAIL cache_lookup result=hit elapsed_us=3 uri=/run/media/peet/Data-500GB/Work-FB/FB-Staff-Workers 2020/DSC_6508.jpg
PIC_THUMBNAIL cache_lookup result=hit elapsed_us=3 uri=/run/media/peet/Data-500GB/Work-FB/FB-Staff-Workers 2020/DSC_6502.jpg
PIC_THUMBNAIL cache_lookup result=hit elapsed_us=3 uri=/run/media/peet/Data-500GB/Work-FB/FB-Staff-Workers 2020/DSC_6490.jpg
PIC_THUMBNAIL cache_lookup result=hit elapsed_us=3 uri=/run/media/peet/Data-500GB/Work-FB/FB-Staff-Workers 2020/DSC_6472.jpg
PIC_THUMBNAIL cache_lookup result=hit elapsed_us=2 uri=/run/media/peet/Data-500GB/Work-FB/FB-Staff-Workers 2020/DSC_6473.jpg
PIC_THUMBNAIL cache_lookup result=hit elapsed_us=2 uri=/run/media/peet/Data-500GB/Work-FB/FB-Staff-Workers 2020/DSC_6469.jpg
PIC_THUMBNAIL cache_lookup result=hit elapsed_us=3 uri=/run/media/peet/Data-500GB/Work-FB/FB-Staff-Workers 2020/DSC_6466.jpg
PIC_THUMBNAIL cache_lookup result=hit elapsed_us=2 uri=/run/media/peet/Data-500GB/Work-FB/FB-Staff-Workers 2020/DSC_6463.jpg
PIC_THUMBNAIL cache_lookup result=hit elapsed_us=3 uri=/run/media/peet/Data-500GB/Work-FB/FB-Staff-Workers 2020/DSC_6458.jpg
PIC_THUMBNAIL cache_lookup result=hit elapsed_us=2 uri=/run/media/peet/Data-500GB/Work-FB/FB-Staff-Workers 2020/DSC_6439.jpg
PIC_THUMBNAIL cache_lookup result=hit elapsed_us=2 uri=/run/media/peet/Data-500GB/Work-FB/FB-Staff-Workers 2020/DSC_6435.jpg
PIC_THUMBNAIL cache_lookup result=hit elapsed_us=2 uri=/run/media/peet/Data-500GB/Work-FB/FB-Staff-Workers 2020/DSC_6428.jpg
PIC_THUMBNAIL cache_lookup result=hit elapsed_us=2 uri=/run/media/peet/Data-500GB/Work-FB/FB-Staff-Workers 2020/DSC_6424.jpg
PIC_THUMBNAIL cache_lookup result=hit elapsed_us=3 uri=/run/media/peet/Data-500GB/Work-FB/FB-Staff-Workers 2020/DSC_6422.jpg
PIC_THUMBNAIL cache_lookup result=hit elapsed_us=2 uri=/run/media/peet/Data-500GB/Work-FB/FB-Staff-Workers 2020/DSC_6420.jpg
PIC_THUMBNAIL cache_lookup result=hit elapsed_us=3 uri=/run/media/peet/Data-500GB/Work-FB/FB-Staff-Workers 2020/DSC_6415.jpg
PIC_THUMBNAIL cache_lookup result=hit elapsed_us=2 uri=/run/media/peet/Data-500GB/Work-FB/FB-Staff-Workers 2020/DSC_6414.jpg
PIC_THUMBNAIL cache_lookup result=hit elapsed_us=2 uri=/run/media/peet/Data-500GB/Work-FB/FB-Staff-Workers 2020/DSC_6405.jpg
PIC_THUMBNAIL cache_lookup result=hit elapsed_us=2 uri=/run/media/peet/Data-500GB/Work-FB/FB-Staff-Workers 2020/DSC_6399.jpg
PIC_THUMBNAIL cache_lookup result=hit elapsed_us=2 uri=/run/media/peet/Data-500GB/Work-FB/FB-Staff-Workers 2020/DSC_6398.jpg
PIC_THUMBNAIL cache_lookup result=hit elapsed_us=3 uri=/run/media/peet/Data-500GB/Work-FB/FB-Staff-Workers 2020/DSC_6391.jpg
PIC_THUMBNAIL cache_lookup result=hit elapsed_us=2 uri=/run/media/peet/Data-500GB/Work-FB/FB-Staff-Workers 2020/DSC_6381.jpg
PIC_THUMBNAIL cache_lookup result=hit elapsed_us=3 uri=/run/media/peet/Data-500GB/Work-FB/FB-2020-WaterWorks Fence Summerstrand/20201028_125830.jpg
PIC_THUMBNAIL cache_lookup result=hit elapsed_us=2 uri=/run/media/peet/Data-500GB/Work-FB/FB-2020-WaterWorks Fence Summerstrand/20201028_125813.jpg
PIC_THUMBNAIL cache_lookup result=hit elapsed_us=2 uri=/run/media/peet/Data-500GB/Work-FB/FB-2020-WaterWorks Fence Summerstrand/20201028_125756.jpg
PIC_THUMBNAIL cache_lookup result=hit elapsed_us=2 uri=/run/media/peet/Data-500GB/Work-FB/FB-2020-WaterWorks Fence Summerstrand/20201028_125725.jpg
PIC_THUMBNAIL cache_lookup result=hit elapsed_us=2 uri=/run/media/peet/Data-500GB/Work-FB/FB-2020-WaterWorks Fence Summerstrand/20201028_125719.jpg
PIC_THUMBNAIL cache_lookup result=hit elapsed_us=2 uri=/run/media/peet/Data-500GB/Work-FB/FB-2020-WaterWorks Fence Summerstrand/20201028_125700.jpg
PIC_THUMBNAIL cache_lookup result=hit elapsed_us=3 uri=/run/media/peet/Data-500GB/Work-FB/FB-2020-WaterWorks Fence Summerstrand/20201028_125655.jpg
PIC_THUMBNAIL cache_lookup result=hit elapsed_us=2 uri=/run/media/peet/Data-500GB/Work-FB/FB-2020-WaterWorks Fence Summerstrand/20201028_125649.jpg
PIC_THUMBNAIL cache_lookup result=hit elapsed_us=2 uri=/run/media/peet/Data-500GB/Work-FB/FB-2020-WaterWorks Fence Summerstrand/20201028_125642.jpg
PIC_THUMBNAIL cache_lookup result=hit elapsed_us=3 uri=/run/media/peet/Data-500GB/Work-FB/FB-2020-WaterWorks Fence Summerstrand/20201028_125636.jpg
PIC_THUMBNAIL cache_lookup result=hit elapsed_us=3 uri=/run/media/peet/Data-500GB/Work-FB/FB-Staff-Welders/DSC_6352-2.png
PIC_THUMBNAIL cache_lookup result=hit elapsed_us=3 uri=/run/media/peet/Data-500GB/Work-FB/FB-2020-Circular Drive Building/Hyman Master Fence - ClearVu.jpg
PIC_THUMBNAIL cache_lookup result=hit elapsed_us=3 uri=/run/media/peet/Data-500GB/Work-FB/FB-Staff-Welders/DSC_6374.jpg
PIC_THUMBNAIL cache_lookup result=hit elapsed_us=2 uri=/run/media/peet/Data-500GB/Work-FB/FB-Staff-Welders/DSC_6369.jpg
PIC_THUMBNAIL cache_lookup result=hit elapsed_us=2 uri=/run/media/peet/Data-500GB/Work-FB/FB-Staff-Welders/DSC_6368.jpg
PIC_THUMBNAIL cache_lookup result=hit elapsed_us=3 uri=/run/media/peet/Data-500GB/Work-FB/FB-Staff-Welders/DSC_6365.jpg
PIC_THUMBNAIL cache_lookup result=hit elapsed_us=2 uri=/run/media/peet/Data-500GB/Work-FB/FB-Staff-Welders/DSC_6362.jpg
PIC_THUMBNAIL cache_lookup result=hit elapsed_us=3 uri=/run/media/peet/Data-500GB/Work-FB/FB-Staff-Welders/DSC_6354.jpg
PIC_THUMBNAIL cache_lookup result=hit elapsed_us=2 uri=/run/media/peet/Data-500GB/Work-FB/FB-Staff-Welders/DSC_6352-2.jpg
PIC_THUMBNAIL cache_lookup result=hit elapsed_us=2 uri=/run/media/peet/Data-500GB/Work-FB/FB-Staff-Welders/DSC_6352.jpg
PIC_THUMBNAIL cache_lookup result=hit elapsed_us=2 uri=/run/media/peet/Data-500GB/Work-FB/FB-2020-TVET Lovedale/20201022_123014.jpg
PIC_THUMBNAIL cache_lookup result=hit elapsed_us=3 uri=/run/media/peet/Data-500GB/Work-FB/FB-2020-TVET Lovedale/20201022_122758.jpg
PIC_THUMBNAIL cache_lookup result=hit elapsed_us=3 uri=/run/media/peet/Data-500GB/Work-FB/FB-2020-TVET Lovedale/20201022_122704.jpg
PIC_THUMBNAIL cache_lookup result=hit elapsed_us=3 uri=/run/media/peet/Data-500GB/Work-FB/FB-2020-TVET Lovedale/20201022_122655.jpg
PIC_THUMBNAIL cache_lookup result=hit elapsed_us=3 uri=/run/media/peet/Data-500GB/Work-FB/FB-2020-TVET Lovedale/20201022_122641.jpg
PIC_THUMBNAIL cache_lookup result=hit elapsed_us=2 uri=/run/media/peet/Data-500GB/Work-FB/FB-2020-TVET Lovedale/20201022_122638.jpg
PIC_THUMBNAIL cache_lookup result=hit elapsed_us=3 uri=/run/media/peet/Data-500GB/Work-FB/FB-2020-TVET Lovedale/20201022_122436.jpg
PIC_THUMBNAIL cache_lookup result=hit elapsed_us=2 uri=/run/media/peet/Data-500GB/Work-FB/FB-2020-TVET Lovedale/20201022_122426.jpg
PIC_THUMBNAIL cache_lookup result=hit elapsed_us=2 uri=/run/media/peet/Data-500GB/Work-FB/FB-2020-TVET Lovedale/20201022_122317.jpg
PIC_THUMBNAIL cache_lookup result=hit elapsed_us=3 uri=/run/media/peet/Data-500GB/Work-FB/FB-2020-TVET Lovedale/20201022_122224.jpg
PIC_THUMBNAIL cache_lookup result=hit elapsed_us=3 uri=/run/media/peet/Data-500GB/Work-FB/FB-2020-TVET Lovedale/20201022_122219.jpg
PIC_THUMBNAIL cache_lookup result=hit elapsed_us=3 uri=/run/media/peet/Data-500GB/Work-FB/FB-2026-Precast/IMG_20201021_150536.jpg
PIC_THUMBNAIL cache_lookup result=hit elapsed_us=3 uri=/run/media/peet/Data-500GB/Work-FB/FB-2020-Circular Drive Building/20200910_135427.jpg
PIC_THUMBNAIL cache_lookup result=hit elapsed_us=2 uri=/run/media/peet/Data-500GB/Work-FB/FB-2020-Circular Drive Building/20200910_135400.jpg
PIC_THUMBNAIL cache_lookup result=hit elapsed_us=2 uri=/run/media/peet/Data-500GB/Work-FB/FB-2020-Circular Drive Building/20200910_135314.jpg
PIC_THUMBNAIL cache_lookup result=hit elapsed_us=3 uri=/run/media/peet/Data-500GB/Work-FB/FB-2020-Betafence Municipal/IMG-20200626-WA0122.jpg
PIC_THUMBNAIL cache_lookup result=hit elapsed_us=3 uri=/run/media/peet/Data-500GB/Work-FB/FB-2020-Betafence Municipal/IMG-20200625-WA0097.jpg
PIC_THUMBNAIL cache_lookup result=hit elapsed_us=3 uri=/run/media/peet/Data-500GB/Work-FB/FB-2020-Betafence Municipal/IMG-20200626-WA0120.jpg
PIC_THUMBNAIL cache_lookup result=hit elapsed_us=3 uri=/run/media/peet/Data-500GB/Work-FB/FB-2020-Betafence Municipal/IMG-20200626-WA0121.jpg
PIC_THUMBNAIL cache_lookup result=hit elapsed_us=2 uri=/run/media/peet/Data-500GB/Work-FB/FB-2019-Precast Swim/20200907_154536.jpg
PIC_THUMBNAIL cache_lookup result=hit elapsed_us=2 uri=/run/media/peet/Data-500GB/Work-FB/FB-2019-Precast Swim/20200907_154519.jpg
PIC_THUMBNAIL cache_lookup result=hit elapsed_us=3 uri=/run/media/peet/Data-500GB/Work-FB/FB-2019-Precast Swim/20200907_154515.jpg
PIC_THUMBNAIL cache_lookup result=hit elapsed_us=3 uri=/run/media/peet/Data-500GB/Work-FB/FB-2019-Precast Swim/20200907_154508.jpg
PIC_THUMBNAIL cache_lookup result=hit elapsed_us=3 uri=/run/media/peet/Data-500GB/Work-FB/FB-2019-Precast Swim/20200907_154430.jpg
PIC_THUMBNAIL cache_lookup result=hit elapsed_us=2 uri=/run/media/peet/Data-500GB/Work-FB/FB-2019-Precast Swim/20200907_154418.jpg
PIC_THUMBNAIL cache_lookup result=hit elapsed_us=3 uri=/run/media/peet/Data-500GB/Work-FB/FB-2020-Circular Drive Building/20200831_121742.jpg
PIC_THUMBNAIL cache_lookup result=hit elapsed_us=3 uri=/run/media/peet/Data-500GB/Work-FB/FB-2020-Circular Drive Building/Hyman Master Fence (1).jpg
PIC_THUMBNAIL cache_lookup result=hit elapsed_us=3 uri=/run/media/peet/Data-500GB/Work-FB/FB-2020-Circular Drive Building/Hyman Master Fence (8).jpg
PIC_THUMBNAIL cache_lookup result=hit elapsed_us=3 uri=/run/media/peet/Data-500GB/Work-FB/FB-2020-Circular Drive Building/Hyman Master Fence (7).jpg
PIC_THUMBNAIL cache_lookup result=hit elapsed_us=3 uri=/run/media/peet/Data-500GB/Work-FB/FB-2020-Circular Drive Building/Hyman Master Fence (6).jpg
PIC_THUMBNAIL cache_lookup result=hit elapsed_us=3 uri=/run/media/peet/Data-500GB/Work-FB/FB-2020-Circular Drive Building/Hyman Master Fence (5).jpg
PIC_THUMBNAIL cache_lookup result=hit elapsed_us=3 uri=/run/media/peet/Data-500GB/Work-FB/FB-2020-Circular Drive Building/Hyman Master Fence (4).jpg
PIC_THUMBNAIL cache_lookup result=hit elapsed_us=3 uri=/run/media/peet/Data-500GB/Work-FB/FB-2020-Circular Drive Building/Hyman Master Fence (3).jpg
PIC_THUMBNAIL cache_lookup result=hit elapsed_us=3 uri=/run/media/peet/Data-500GB/Work-FB/FB-2020-Circular Drive Building/Hyman Master Fence (2).jpg
PIC_THUMBNAIL cache_lookup result=hit elapsed_us=3 uri=/run/media/peet/Data-500GB/Work-FB/FB-2020-Grootbrak/20200827_130800.jpg
PIC_THUMBNAIL cache_lookup result=hit elapsed_us=2 uri=/run/media/peet/Data-500GB/Work-FB/FB-2020-Grootbrak/20200827_130139.jpg
PIC_THUMBNAIL cache_lookup result=hit elapsed_us=3 uri=/run/media/peet/Data-500GB/Work-FB/FB-2020-Grootbrak/20200827_130053.jpg
PIC_THUMBNAIL cache_lookup result=hit elapsed_us=2 uri=/run/media/peet/Data-500GB/Work-FB/FB-2020-Grootbrak/20200827_130049.jpg
PIC_THUMBNAIL cache_lookup result=hit elapsed_us=3 uri=/run/media/peet/Data-500GB/Work-FB/FB-2020-Grootbrak/20200827_130041.jpg
PIC_THUMBNAIL cache_lookup result=hit elapsed_us=2 uri=/run/media/peet/Data-500GB/Work-FB/FB-2020-Grootbrak/20200827_130017.jpg
PIC_THUMBNAIL cache_lookup result=hit elapsed_us=3 uri=/run/media/peet/Data-500GB/Work-FB/FB-2020-Grootbrak/20200827_125954.jpg
PIC_THUMBNAIL cache_lookup result=hit elapsed_us=2 uri=/run/media/peet/Data-500GB/Work-FB/FB-2020-Grootbrak/20200827_125928.jpg
PIC_THUMBNAIL cache_lookup result=hit elapsed_us=7 uri=/run/media/peet/Data-500GB/Work-FB/FB-2020-Grootbrak/20200827_124705.jpg
PIC_THUMBNAIL cache_lookup result=hit elapsed_us=2 uri=/run/media/peet/Data-500GB/Work-FB/FB-2020-Grootbrak/20200827_124607.jpg
PIC_THUMBNAIL cache_lookup result=hit elapsed_us=2 uri=/run/media/peet/Data-500GB/Work-FB/FB-2020-Grootbrak/20200827_124227.jpg
PIC_THUMBNAIL cache_lookup result=hit elapsed_us=2 uri=/run/media/peet/Data-500GB/Work-FB/FB-2020-Grootbrak/20200827_124216.jpg
PIC_THUMBNAIL cache_lookup result=hit elapsed_us=2 uri=/run/media/peet/Data-500GB/Work-FB/FB-2020-CTM/20200827_110343.jpg
PIC_THUMBNAIL cache_lookup result=hit elapsed_us=2 uri=/run/media/peet/Data-500GB/Work-FB/FB-2020-CTM/20200827_110246.jpg
PIC_THUMBNAIL cache_lookup result=hit elapsed_us=2 uri=/run/media/peet/Data-500GB/Work-FB/FB-2020-CTM/20200827_110238.jpg
PIC_THUMBNAIL cache_lookup result=hit elapsed_us=2 uri=/run/media/peet/Data-500GB/Work-FB/FB-2020-CTM/20200827_105417.jpg
PIC_THUMBNAIL cache_lookup result=hit elapsed_us=2 uri=/run/media/peet/Data-500GB/Work-FB/FB-2020-CTM/20200827_105201.jpg
PIC_THUMBNAIL cache_lookup result=hit elapsed_us=2 uri=/run/media/peet/Data-500GB/Work-FB/FB-2020-CTM/20200827_105127.jpg
PIC_THUMBNAIL cache_lookup result=hit elapsed_us=3 uri=/run/media/peet/Data-500GB/Work-FB/FB-2020-CTM/20200827_105106.jpg
PIC_THUMBNAIL cache_lookup result=hit elapsed_us=2 uri=/run/media/peet/Data-500GB/Work-FB/FB-2020-CTM/20200827_104858.jpg
PIC_THUMBNAIL cache_lookup result=hit elapsed_us=2 uri=/run/media/peet/Data-500GB/Work-FB/FB-2020-CTM/20200827_104752.jpg
PIC_THUMBNAIL cache_lookup result=hit elapsed_us=2 uri=/run/media/peet/Data-500GB/Work-FB/FB-2020-CTM/20200827_104717.jpg
PIC_THUMBNAIL cache_lookup result=hit elapsed_us=2 uri=/run/media/peet/Data-500GB/Work-FB/FB-2020-CTM/20200827_104707.jpg
PIC_THUMBNAIL cache_lookup result=hit elapsed_us=3 uri=/run/media/peet/Data-500GB/Work-FB/FB-2020-CTM/20200827_104549.jpg
PIC_THUMBNAIL cache_lookup result=hit elapsed_us=2 uri=/run/media/peet/Data-500GB/Work-FB/FB-2020-CTM/20200827_104541.jpg
PIC_THUMBNAIL cache_lookup result=hit elapsed_us=2 uri=/run/media/peet/Data-500GB/Work-FB/FB-2020-Sundays River/20200817_144909.jpg
PIC_THUMBNAIL cache_lookup result=hit elapsed_us=2 uri=/run/media/peet/Data-500GB/Work-FB/FB-2020-Sundays River/20200817_144851.jpg
PIC_THUMBNAIL cache_lookup result=hit elapsed_us=3 uri=/run/media/peet/Data-500GB/Work-FB/FB-2020-Sundays River/20200817_144820.jpg
PIC_THUMBNAIL cache_lookup result=hit elapsed_us=3 uri=/run/media/peet/Data-500GB/Work-FB/FB-2020-Sundays River/20200817_144815.jpg
PIC_THUMBNAIL cache_lookup result=hit elapsed_us=2 uri=/run/media/peet/Data-500GB/Work-FB/FB-2020-Sundays River/20200817_144808.jpg
PIC_THUMBNAIL cache_lookup result=hit elapsed_us=2 uri=/run/media/peet/Data-500GB/Work-FB/FB-2020-Sundays River/20200817_144757.jpg
PIC_THUMBNAIL cache_lookup result=hit elapsed_us=2 uri=/run/media/peet/Data-500GB/Work-FB/FB-2020-Sundays River/20200817_144703.jpg
PIC_THUMBNAIL cache_lookup result=hit elapsed_us=2 uri=/run/media/peet/Data-500GB/Work-FB/FB-2020-Sundays River/20200817_144651-2.jpg
PIC_THUMBNAIL cache_lookup result=hit elapsed_us=2 uri=/run/media/peet/Data-500GB/Work-FB/FB-2020-Summerstrand Village/IMG_20200817_125023.jpg
PIC_THUMBNAIL cache_lookup result=hit elapsed_us=3 uri=/run/media/peet/Data-500GB/Work-FB/FB-2020-Summerstrand Village/IMG_20200817_125011.jpg
PIC_THUMBNAIL cache_lookup result=hit elapsed_us=2 uri=/run/media/peet/Data-500GB/Work-FB/FB-2020-Summerstrand Village/IMG_20200817_125001.jpg
PIC_THUMBNAIL cache_lookup result=hit elapsed_us=2 uri=/run/media/peet/Data-500GB/Work-FB/FB-2020-Summerstrand Village/IMG_20200817_124958.jpg
PIC_THUMBNAIL cache_lookup result=hit elapsed_us=3 uri=/run/media/peet/Data-500GB/Work-FB/FB-2020-Summerstrand Village/IMG_20200817_124925.jpg
PIC_THUMBNAIL cache_lookup result=hit elapsed_us=3 uri=/run/media/peet/Data-500GB/Work-FB/FB-2020-Summerstrand Village/IMG_20200817_124903.jpg
PIC_THUMBNAIL cache_lookup result=hit elapsed_us=2 uri=/run/media/peet/Data-500GB/Work-FB/FB-2020-Summerstrand Village/IMG_20200817_124857.jpg
PIC_THUMBNAIL cache_lookup result=hit elapsed_us=3 uri=/run/media/peet/Data-500GB/Work-FB/FB-2020-Summerstrand Village/IMG_20200817_124853.jpg
PIC_THUMBNAIL cache_lookup result=hit elapsed_us=2 uri=/run/media/peet/Data-500GB/Work-FB/FB-2020-Summerstrand Village/IMG_20200817_124846.jpg
PIC_THUMBNAIL cache_lookup result=hit elapsed_us=2 uri=/run/media/peet/Data-500GB/Work-FB/FB-2020-Summerstrand Village/IMG_20200817_124841.jpg
PIC_THUMBNAIL cache_lookup result=hit elapsed_us=2 uri=/run/media/peet/Data-500GB/Work-FB/FB-2021-CPT-Various/20200813_090054.jpg
PIC_THUMBNAIL cache_lookup result=hit elapsed_us=2 uri=/run/media/peet/Data-500GB/Work-FB/FB-2022-PreCast/IMG-20200724-WA0091.jpg
PIC_THUMBNAIL cache_lookup result=hit elapsed_us=2 uri=/run/media/peet/Data-500GB/Work-FB/FB-2020-CellC/IMG_20200810_123344.jpg
PIC_THUMBNAIL cache_lookup result=hit elapsed_us=3 uri=/run/media/peet/Data-500GB/Work-FB/FB-2020-CellC/IMG_20200810_123322.jpg
PIC_THUMBNAIL cache_lookup result=hit elapsed_us=3 uri=/run/media/peet/Data-500GB/Work-FB/FB-2020-CellC/IMG_20200810_123257.jpg
PIC_THUMBNAIL cache_lookup result=hit elapsed_us=3 uri=/run/media/peet/Data-500GB/Work-FB/FB-2020-CellC/IMG_20200810_123232.jpg
PIC_THUMBNAIL cache_lookup result=hit elapsed_us=3 uri=/run/media/peet/Data-500GB/Work-FB/FB-2020-9th Avenue/9th Avenue Vet - HMF (9).jpg
PIC_THUMBNAIL cache_lookup result=hit elapsed_us=3 uri=/run/media/peet/Data-500GB/Work-FB/FB-2020-9th Avenue/9th Avenue Vet - HMF (16).jpg
PIC_THUMBNAIL cache_lookup result=hit elapsed_us=4 uri=/run/media/peet/Data-500GB/Work-FB/FB-2020-9th Avenue/9th Avenue Vet - HMF (15).jpg
PIC_THUMBNAIL cache_lookup result=hit elapsed_us=4 uri=/run/media/peet/Data-500GB/Work-FB/FB-2020-9th Avenue/9th Avenue Vet - HMF (17).jpg
PIC_THUMBNAIL cache_lookup result=hit elapsed_us=3 uri=/run/media/peet/Data-500GB/Work-FB/FB-2020-9th Avenue/9th Avenue Vet - HMF (14).jpg
PIC_THUMBNAIL cache_lookup result=hit elapsed_us=4 uri=/run/media/peet/Data-500GB/Work-FB/FB-2020-9th Avenue/9th Avenue Vet - HMF (13).jpg
PIC_THUMBNAIL cache_lookup result=hit elapsed_us=3 uri=/run/media/peet/Data-500GB/Work-FB/FB-2020-9th Avenue/9th Avenue Vet - HMF (12).jpg
PIC_THUMBNAIL cache_lookup result=hit elapsed_us=2 uri=/run/media/peet/Data-500GB/Work-FB/FB-2020-9th Avenue/9th Avenue Vet - HMF (11).jpg
PIC_THUMBNAIL cache_lookup result=hit elapsed_us=4 uri=/run/media/peet/Data-500GB/Work-FB/FB-2020-9th Avenue/9th Avenue Vet - HMF (10).jpg
PIC_THUMBNAIL cache_lookup result=hit elapsed_us=4 uri=/run/media/peet/Data-500GB/Work-FB/FB-2020-Execu Cut/ExecuCut-HMF-Fence4.jpg
PIC_THUMBNAIL cache_lookup result=hit elapsed_us=2 uri=/run/media/peet/Data-500GB/Work-FB/FB-2020-Execu Cut/ExecuCut-HMF-Fence3.jpg
PIC_THUMBNAIL cache_lookup result=hit elapsed_us=2 uri=/run/media/peet/Data-500GB/Work-FB/FB-2020-Execu Cut/ExecuCut-HMF-Fence2.jpg
PIC_THUMBNAIL cache_lookup result=hit elapsed_us=4 uri=/run/media/peet/Data-500GB/Work-FB/FB-2020-Execu Cut/ExecuCut-HMF-Fence1.jpg
PIC_THUMBNAIL cache_lookup result=hit elapsed_us=3 uri=/run/media/peet/Data-500GB/Work-FB/FB-2020-Turfag/IMG_20200810_122101.jpg
PIC_THUMBNAIL cache_lookup result=hit elapsed_us=2 uri=/run/media/peet/Data-500GB/Work-FB/FB-2020-Turfag/IMG_20200810_122053.jpg
PIC_THUMBNAIL cache_lookup result=hit elapsed_us=3 uri=/run/media/peet/Data-500GB/Work-FB/FB-2020-Turfag/IMG_20200810_122020.jpg
PIC_THUMBNAIL cache_lookup result=hit elapsed_us=4 uri=/run/media/peet/Data-500GB/Work-FB/FB-2020-Turfag/IMG_20200810_121924.jpg
PIC_THUMBNAIL cache_lookup result=hit elapsed_us=3 uri=/run/media/peet/Data-500GB/Work-FB/FB-2020-LA Sport/IMG_20200810_121656.jpg
PIC_THUMBNAIL cache_lookup result=hit elapsed_us=4 uri=/run/media/peet/Data-500GB/Work-FB/FB-2020-LA Sport/IMG_20200810_121637.jpg
PIC_THUMBNAIL cache_lookup result=hit elapsed_us=4 uri=/run/media/peet/Data-500GB/Work-FB/FB-2020-LA Sport/IMG_20200810_121540.jpg
PIC_THUMBNAIL cache_lookup result=hit elapsed_us=3 uri=/run/media/peet/Data-500GB/Work-FB/FB-2020-LA Sport/IMG_20200810_121531.jpg
PIC_THUMBNAIL cache_lookup result=hit elapsed_us=2 uri=/run/media/peet/Data-500GB/Work-FB/FB-2019-CPT-Spar/20200729_121230.jpg
PIC_THUMBNAIL cache_lookup result=hit elapsed_us=4 uri=/run/media/peet/Data-500GB/Work-FB/FB-2019-CPT-Spar/20200729_121210.jpg
PIC_THUMBNAIL cache_lookup result=hit elapsed_us=4 uri=/run/media/peet/Data-500GB/Work-FB/FB-2019-CPT-Spar/20200729_121132.jpg
PIC_THUMBNAIL cache_lookup result=hit elapsed_us=2 uri=/run/media/peet/Data-500GB/Work-FB/FB-2019-CPT-Spar/20200729_121050.jpg
PIC_THUMBNAIL cache_lookup result=hit elapsed_us=2 uri=/run/media/peet/Data-500GB/Work-FB/FB-2019-CPT-Spar/20200729_121045.jpg
PIC_THUMBNAIL cache_lookup result=hit elapsed_us=4 uri=/run/media/peet/Data-500GB/Work-FB/FB-2019-CPT-Spar/20200729_121016.jpg
PIC_THUMBNAIL cache_lookup result=hit elapsed_us=3 uri=/run/media/peet/Data-500GB/Work-FB/FB-2019-CPT-Spar/20200729_120955.jpg
PIC_THUMBNAIL cache_lookup result=hit elapsed_us=3 uri=/run/media/peet/Data-500GB/Work-FB/FB-2021-CPT-Various/20200724_112912.jpg
PIC_THUMBNAIL cache_lookup result=hit elapsed_us=3 uri=/run/media/peet/Data-500GB/Work-FB/FB-2021-CPT-Various/20200724_112859.jpg
PIC_THUMBNAIL cache_lookup result=hit elapsed_us=4 uri=/run/media/peet/Data-500GB/Work-FB/FB-2021-CPT-Various/20200724_112853.jpg
PIC_THUMBNAIL cache_lookup result=hit elapsed_us=4 uri=/run/media/peet/Data-500GB/Work-FB/FB-2021-CPT-Various/20200724_112230.jpg
PIC_THUMBNAIL cache_lookup result=hit elapsed_us=4 uri=/run/media/peet/Data-500GB/Work-FB/FB-2021-CPT-Various/20200724_112223.jpg
PIC_THUMBNAIL cache_lookup result=hit elapsed_us=3 uri=/run/media/peet/Data-500GB/Work-FB/FB-2021-CPT-Various/20200724_112121.jpg
PIC_THUMBNAIL cache_lookup result=hit elapsed_us=2 uri=/run/media/peet/Data-500GB/Work-FB/FB-2021-CPT-Various/20200724_112107.jpg
PIC_THUMBNAIL cache_lookup result=hit elapsed_us=3 uri=/run/media/peet/Data-500GB/Work-FB/FB-2021-CPT-Various/20200724_112102.jpg
PIC_THUMBNAIL cache_lookup result=hit elapsed_us=4 uri=/run/media/peet/Data-500GB/Work-FB/FB-2021-CPT-Various/20200724_112050.jpg
PIC_THUMBNAIL cache_lookup result=hit elapsed_us=4 uri=/run/media/peet/Data-500GB/Work-FB/FB-2021-CPT-Various/20200724_112035.jpg
PIC_THUMBNAIL cache_lookup result=hit elapsed_us=4 uri=/run/media/peet/Data-500GB/Work-FB/FB-2021-CPT-Various/20200724_111657.jpg
PIC_THUMBNAIL cache_lookup result=hit elapsed_us=4 uri=/run/media/peet/Data-500GB/Work-FB/FB-2021-CPT-Various/20200724_110240.jpg
PIC_THUMBNAIL cache_lookup result=hit elapsed_us=2 uri=/run/media/peet/Data-500GB/Work-FB/FB-2021-CPT-Various/20200724_110234.jpg
PIC_THUMBNAIL cache_lookup result=hit elapsed_us=3 uri=/run/media/peet/Data-500GB/Work-FB/FB-2020-IDZ/IMG_20200723_110610.jpg
PIC_THUMBNAIL cache_lookup result=hit elapsed_us=4 uri=/run/media/peet/Data-500GB/Work-FB/FB-2020-IDZ/IMG_20200723_095918.jpg
PIC_THUMBNAIL cache_lookup result=hit elapsed_us=4 uri=/run/media/peet/Data-500GB/Work-FB/FB-2020-IDZ/IMG_20200723_095713.jpg
PIC_THUMBNAIL cache_lookup result=hit elapsed_us=3 uri=/run/media/peet/Data-500GB/Work-FB/FB-2020-IDZ/IMG_20200723_094247.jpg
PIC_THUMBNAIL cache_lookup result=hit elapsed_us=3 uri=/run/media/peet/Data-500GB/Work-FB/FB-2020-IDZ/IMG_20200723_082924.jpg
PIC_THUMBNAIL cache_lookup result=hit elapsed_us=3 uri=/run/media/peet/Data-500GB/Work-FB/FB-2020-IDZ/IMG_20200723_082856.jpg
PIC_THUMBNAIL cache_lookup result=hit elapsed_us=4 uri=/run/media/peet/Data-500GB/Work-FB/FB-2020-Summerstrand/IMG_20200513_143054.jpg
PIC_THUMBNAIL cache_lookup result=hit elapsed_us=6 uri=/run/media/peet/Data-500GB/Work-FB/FB-2020-Summerstrand/IMG_20200513_143050.jpg
PIC_THUMBNAIL cache_lookup result=hit elapsed_us=3 uri=/run/media/peet/Data-500GB/Work-FB/FB-2020-Summerstrand/IMG_20200513_135525.jpg
PIC_THUMBNAIL cache_lookup result=hit elapsed_us=4 uri=/run/media/peet/Data-500GB/Work-FB/FB-2020-Summerstrand/IMG_20200513_135516.jpg
PIC_THUMBNAIL cache_lookup result=hit elapsed_us=4 uri=/run/media/peet/Data-500GB/Work-FB/FB-2020-Summerstrand/IMG_20200513_135012.jpg
PIC_THUMBNAIL cache_lookup result=hit elapsed_us=4 uri=/run/media/peet/Data-500GB/Work-FB/FB-2020-Magnetic Storm/Hyman Master Fence - ClearVu (6).jpg
PIC_THUMBNAIL cache_lookup result=hit elapsed_us=4 uri=/run/media/peet/Data-500GB/Work-FB/FB-2020-Magnetic Storm/Hyman Master Fence - ClearVu (5).jpg
PIC_THUMBNAIL cache_lookup result=hit elapsed_us=4 uri=/run/media/peet/Data-500GB/Work-FB/FB-2020-Magnetic Storm/Hyman Master Fence - ClearVu (4).jpg
PIC_THUMBNAIL cache_lookup result=hit elapsed_us=4 uri=/run/media/peet/Data-500GB/Work-FB/FB-2020-Magnetic Storm/Hyman Master Fence - ClearVu (3).jpg
PIC_THUMBNAIL cache_lookup result=hit elapsed_us=3 uri=/run/media/peet/Data-500GB/Work-FB/FB-2020-Magnetic Storm/Hyman Master Fence - ClearVu (2).jpg
PIC_THUMBNAIL cache_lookup result=hit elapsed_us=2 uri=/run/media/peet/Data-500GB/Work-FB/FB-2020-Magnetic Storm/Hyman Master Fence - ClearVu (1).jpg
PIC_THUMBNAIL cache_lookup result=hit elapsed_us=2 uri=/run/media/peet/Data-500GB/Work-FB/FB-2026-Steel Palisade/IMG_20200224_115828.jpg
PIC_THUMBNAIL cache_lookup result=hit elapsed_us=3 uri=/run/media/peet/Data-500GB/Work-FB/FB-2026-Steel Palisade/IMG_20200224_115810.jpg
PIC_THUMBNAIL cache_lookup result=hit elapsed_us=3 uri=/run/media/peet/Data-500GB/Work-FB/FB-2026-Steel Palisade/IMG_20200224_090034.jpg
PIC_THUMBNAIL cache_lookup result=hit elapsed_us=3 uri=/run/media/peet/Data-500GB/Work-FB/FB-2020-IDZ/Hyman Master Fence - Palisade - IDZ (1).jpg
PIC_THUMBNAIL cache_lookup result=hit elapsed_us=3 uri=/run/media/peet/Data-500GB/Work-FB/FB-2020-IDZ/Hyman Master Fence - Palisade - IDZ (8).jpg
PIC_THUMBNAIL cache_lookup result=hit elapsed_us=3 uri=/run/media/peet/Data-500GB/Work-FB/FB-2026-Steel Palisade/IMG_20200224_084616.jpg
PIC_THUMBNAIL cache_lookup result=hit elapsed_us=3 uri=/run/media/peet/Data-500GB/Work-FB/FB-2020-IDZ/Hyman Master Fence - Palisade - IDZ (10).jpg
PIC_THUMBNAIL cache_lookup result=hit elapsed_us=2 uri=/run/media/peet/Data-500GB/Work-FB/FB-2020-IDZ/Hyman Master Fence - Palisade - IDZ (9).jpg
PIC_THUMBNAIL cache_lookup result=hit elapsed_us=2 uri=/run/media/peet/Data-500GB/Work-FB/FB-2020-IDZ/Hyman Master Fence - Palisade - IDZ (7).jpg
PIC_THUMBNAIL cache_lookup result=hit elapsed_us=4 uri=/run/media/peet/Data-500GB/Work-FB/FB-2020-IDZ/Hyman Master Fence - Palisade - IDZ (6).jpg
PIC_THUMBNAIL cache_lookup result=hit elapsed_us=3 uri=/run/media/peet/Data-500GB/Work-FB/FB-2026-Steel Palisade/IMG_20200224_083631.jpg
PIC_THUMBNAIL cache_lookup result=hit elapsed_us=7 uri=/run/media/peet/Data-500GB/Work-FB/FB-2020-IDZ/Hyman Master Fence - Palisade - IDZ (5).jpg
PIC_THUMBNAIL cache_lookup result=hit elapsed_us=2 uri=/run/media/peet/Data-500GB/Work-FB/FB-2020-IDZ/Hyman Master Fence - Palisade - IDZ (4).jpg
PIC_THUMBNAIL cache_lookup result=hit elapsed_us=2 uri=/run/media/peet/Data-500GB/Work-FB/FB-2020-IDZ/Hyman Master Fence - Palisade - IDZ (3).jpg
PIC_THUMBNAIL cache_lookup result=hit elapsed_us=2 uri=/run/media/peet/Data-500GB/Work-FB/FB-2020-IDZ/Hyman Master Fence - Palisade - IDZ (2).jpg
PIC_THUMBNAIL cache_lookup result=hit elapsed_us=2 uri=/run/media/peet/Data-500GB/Work-FB/FB-2020-Sacremento/Hyman Master Fence ClearVu - Sacremento (1).jpg
PIC_THUMBNAIL cache_lookup result=hit elapsed_us=3 uri=/run/media/peet/Data-500GB/Work-FB/FB-2020-Sacremento/Hyman Master Fence ClearVu - Sacremento (2).jpg
PIC_THUMBNAIL cache_lookup result=hit elapsed_us=3 uri=/run/media/peet/Data-500GB/Work-FB/FB-2020-Sacremento/Hyman Master Fence ClearVu - Sacremento (3).jpg
PIC_THUMBNAIL cache_lookup result=hit elapsed_us=3 uri=/run/media/peet/Data-500GB/Work-FB/FB-2020-Sacremento/Hyman Master Fence ClearVu - Sacremento (4).jpg
PIC_THUMBNAIL cache_lookup result=hit elapsed_us=3 uri=/run/media/peet/Data-500GB/Work-FB/FB-2020-Sacremento/Hyman Master Fence ClearVu - Sacremento (5).jpg
PIC_THUMBNAIL cache_lookup result=hit elapsed_us=2 uri=/run/media/peet/Data-500GB/Work-FB/FB-2015-Zwide/HMF-Zwide.jpg
PIC_THUMBNAIL cache_lookup result=hit elapsed_us=2 uri=/run/media/peet/Data-500GB/Work-FB/FB-2019-Kareedouw/Hyman Master Fence Fence8.jpg
PIC_THUMBNAIL cache_lookup result=hit elapsed_us=3 uri=/run/media/peet/Data-500GB/Work-FB/FB-2019-Kareedouw/Hyman Master Fence Fence6.jpg
PIC_THUMBNAIL cache_lookup result=hit elapsed_us=3 uri=/run/media/peet/Data-500GB/Work-FB/FB-2019-Kareedouw/Hyman Master Fence Fence7.jpg
PIC_THUMBNAIL cache_lookup result=hit elapsed_us=3 uri=/run/media/peet/Data-500GB/Work-FB/FB-2019-Kareedouw/Hyman Master Fence Fence4.jpg
PIC_THUMBNAIL cache_lookup result=hit elapsed_us=3 uri=/run/media/peet/Data-500GB/Work-FB/FB-2019-Kareedouw/Hyman Master Fence Fence5.jpg
PIC_THUMBNAIL cache_lookup result=hit elapsed_us=3 uri=/run/media/peet/Data-500GB/Work-FB/FB-2019-Kareedouw/Hyman Master Fence Fence3.jpg
PIC_THUMBNAIL cache_lookup result=hit elapsed_us=2 uri=/run/media/peet/Data-500GB/Work-FB/FB-2021-CPT-Various/20200117_114031.jpg
PIC_THUMBNAIL cache_lookup result=hit elapsed_us=2 uri=/run/media/peet/Data-500GB/Work-FB/FB-2021-CPT-Various/20200117_114024.jpg
PIC_THUMBNAIL cache_lookup result=hit elapsed_us=3 uri=/run/media/peet/Data-500GB/Work-FB/FB-2019-Precast Swim/IMG_20191216_232110.jpg
PIC_THUMBNAIL cache_lookup result=hit elapsed_us=3 uri=/run/media/peet/Data-500GB/Work-FB/FB-2019-Precast Swim/IMG_20191216_232050.jpg
PIC_THUMBNAIL cache_lookup result=hit elapsed_us=2 uri=/run/media/peet/Data-500GB/Work-FB/FB-2019-Precast Swim/IMG_20191216_232038.jpg
PIC_THUMBNAIL cache_lookup result=hit elapsed_us=3 uri=/run/media/peet/Data-500GB/Work-FB/FB-2019-Precast Swim/IMG_20191216_232029.jpg
PIC_THUMBNAIL cache_lookup result=hit elapsed_us=2 uri=/run/media/peet/Data-500GB/Work-FB/FB-2019-Kareedouw/Hyman Master Fence Fence1.jpg
PIC_THUMBNAIL cache_lookup result=hit elapsed_us=3 uri=/run/media/peet/Data-500GB/Work-FB/FB-2019-Kareedouw/Hyman Master Fence Fence2.jpg
PIC_THUMBNAIL cache_lookup result=hit elapsed_us=3 uri=/run/media/peet/Data-500GB/Work-FB/FB-2024-Internal Fence/HMF Internal ClearVu Fence (6).jpg
PIC_THUMBNAIL cache_lookup result=hit elapsed_us=4 uri=/run/media/peet/Data-500GB/Work-FB/FB-2016-Coke/20191024_160649-1.jpg
PIC_THUMBNAIL cache_lookup result=hit elapsed_us=4 uri=/run/media/peet/Data-500GB/Work-FB/FB-2016-Coke/20191024_160649-2.jpg
PIC_THUMBNAIL cache_lookup result=hit elapsed_us=4 uri=/run/media/peet/Data-500GB/Work-FB/FB-2016-Coke/20191024_160649.jpg
PIC_THUMBNAIL cache_lookup result=hit elapsed_us=3 uri=/run/media/peet/Data-500GB/Work-FB/FB-2016-Coke/Hyman Master Fence - Coke3.jpg
PIC_THUMBNAIL cache_lookup result=hit elapsed_us=2 uri=/run/media/peet/Data-500GB/Work-FB/FB-2016-Coke/Hyman Master Fence - Coke2.jpg
PIC_THUMBNAIL cache_lookup result=hit elapsed_us=4 uri=/run/media/peet/Data-500GB/Work-FB/FB-2016-Coke/Hyman Master Fence - Coke1.jpg
PIC_THUMBNAIL cache_lookup result=hit elapsed_us=4 uri=/run/media/peet/Data-500GB/Work-FB/FB-2019-EC College/20191023_111244.jpg
PIC_THUMBNAIL cache_lookup result=hit elapsed_us=4 uri=/run/media/peet/Data-500GB/Work-FB/FB-2019-EC College/20191023_111229.jpg
PIC_THUMBNAIL cache_lookup result=hit elapsed_us=2 uri=/run/media/peet/Data-500GB/Work-FB/FB-2019-EC College/20191023_111221.jpg
PIC_THUMBNAIL cache_lookup result=hit elapsed_us=2 uri=/run/media/peet/Data-500GB/Work-FB/FB-2019-EC College/20191023_111026.jpg
PIC_THUMBNAIL cache_lookup result=hit elapsed_us=2 uri=/run/media/peet/Data-500GB/Work-FB/FB-2019-EC College/20191023_110558.jpg
PIC_THUMBNAIL cache_lookup result=hit elapsed_us=4 uri=/run/media/peet/Data-500GB/Work-FB/FB-2019-EC College/20191023_110551.jpg
PIC_THUMBNAIL cache_lookup result=hit elapsed_us=3 uri=/run/media/peet/Data-500GB/Work-FB/FB-2019-EC College/20191023_110543.jpg
PIC_THUMBNAIL cache_lookup result=hit elapsed_us=2 uri=/run/media/peet/Data-500GB/Work-FB/FB-2019-EC College/20191023_110334.jpg
PIC_THUMBNAIL cache_lookup result=hit elapsed_us=4 uri=/run/media/peet/Data-500GB/Work-FB/FB-2019-EC College/20191023_110254.jpg
PIC_THUMBNAIL cache_lookup result=hit elapsed_us=4 uri=/run/media/peet/Data-500GB/Work-FB/FB-2019-EC College/20191023_110233.jpg
PIC_THUMBNAIL cache_lookup result=hit elapsed_us=4 uri=/run/media/peet/Data-500GB/Work-FB/FB-2019-EC College/20191023_110228.jpg
PIC_THUMBNAIL cache_lookup result=hit elapsed_us=4 uri=/run/media/peet/Data-500GB/Work-FB/FB-2019-EC College/20191023_105950.jpg
PIC_THUMBNAIL cache_lookup result=hit elapsed_us=4 uri=/run/media/peet/Data-500GB/Work-FB/FB-2019-EC College/20191023_105920.jpg
PIC_THUMBNAIL cache_lookup result=hit elapsed_us=4 uri=/run/media/peet/Data-500GB/Work-FB/FB-2019-EC College/20191023_105737.jpg
PIC_THUMBNAIL cache_lookup result=hit elapsed_us=3 uri=/run/media/peet/Data-500GB/Work-FB/FB-2024-Internal Fence/HMF Internal ClearVu Fence (5).jpg
PIC_THUMBNAIL cache_lookup result=hit elapsed_us=3 uri=/run/media/peet/Data-500GB/Work-FB/FB-2019-Tsogo Sun/Hyman Master Fence - Tsogo SUn (13).jpg
PIC_THUMBNAIL cache_lookup result=hit elapsed_us=3 uri=/run/media/peet/Data-500GB/Work-FB/FB-2019-Tsogo Sun/Hyman Master Fence - Tsogo SUn (12).jpg
PIC_THUMBNAIL cache_lookup result=hit elapsed_us=3 uri=/run/media/peet/Data-500GB/Work-FB/FB-2019-Tsogo Sun/Hyman Master Fence - Tsogo SUn (11).jpg
PIC_THUMBNAIL cache_lookup result=hit elapsed_us=3 uri=/run/media/peet/Data-500GB/Work-FB/FB-2019-Tsogo Sun/Hyman Master Fence - Tsogo SUn (10).jpg
PIC_THUMBNAIL cache_lookup result=hit elapsed_us=3 uri=/run/media/peet/Data-500GB/Work-FB/FB-2019-Tsogo Sun/Hyman Master Fence - Tsogo SUn (9).jpg
PIC_THUMBNAIL cache_lookup result=hit elapsed_us=2 uri=/run/media/peet/Data-500GB/Work-FB/FB-2019-Tsogo Sun/Hyman Master Fence - Tsogo SUn (8).jpg
PIC_THUMBNAIL cache_lookup result=hit elapsed_us=3 uri=/run/media/peet/Data-500GB/Work-FB/FB-2019-Tsogo Sun/Hyman Master Fence - Tsogo SUn (7).jpg
PIC_THUMBNAIL cache_lookup result=hit elapsed_us=3 uri=/run/media/peet/Data-500GB/Work-FB/FB-2019-Tsogo Sun/Hyman Master Fence - Tsogo SUn (6).jpg
PIC_THUMBNAIL cache_lookup result=hit elapsed_us=2 uri=/run/media/peet/Data-500GB/Work-FB/FB-2019-Tsogo Sun/Hyman Master Fence - Tsogo SUn (5).jpg
PIC_THUMBNAIL cache_lookup result=hit elapsed_us=3 uri=/run/media/peet/Data-500GB/Work-FB/FB-2019-Tsogo Sun/Hyman Master Fence - Tsogo SUn (4).jpg
PIC_THUMBNAIL cache_lookup result=hit elapsed_us=3 uri=/run/media/peet/Data-500GB/Work-FB/FB-2019-Tsogo Sun/Hyman Master Fence - Tsogo SUn (3).jpg
PIC_THUMBNAIL cache_lookup result=hit elapsed_us=5 uri=/run/media/peet/Data-500GB/Work-FB/FB-2019-Tsogo Sun/Hyman Master Fence - Tsogo SUn (2).jpg
PIC_THUMBNAIL cache_lookup result=hit elapsed_us=3 uri=/run/media/peet/Data-500GB/Work-FB/FB-2019-Tsogo Sun/Hyman Master Fence - Tsogo SUn (14).jpg
PIC_THUMBNAIL cache_lookup result=hit elapsed_us=5 uri=/run/media/peet/Data-500GB/Work-FB/FB-2019-Tsogo Sun/Hyman Master Fence - Tsogo SUn (1).jpg
PIC_THUMBNAIL cache_lookup result=hit elapsed_us=5 uri=/run/media/peet/Data-500GB/Work-FB/FB-2019-CPT-Wemmershoek/Hyman Master Fence - ClearVu (15).jpg
PIC_THUMBNAIL cache_lookup result=hit elapsed_us=5 uri=/run/media/peet/Data-500GB/Work-FB/FB-2019-CPT-Wemmershoek/Hyman Master Fence - ClearVu (21).jpg
PIC_THUMBNAIL cache_lookup result=hit elapsed_us=4 uri=/run/media/peet/Data-500GB/Work-FB/FB-2019-CPT-Wemmershoek/Hyman Master Fence - ClearVu (20).jpg
PIC_THUMBNAIL cache_lookup result=hit elapsed_us=3 uri=/run/media/peet/Data-500GB/Work-FB/FB-2019-CPT-Wemmershoek/Hyman Master Fence - ClearVu (19).jpg
PIC_THUMBNAIL cache_lookup result=hit elapsed_us=2 uri=/run/media/peet/Data-500GB/Work-FB/FB-2019-CPT-Wemmershoek/Hyman Master Fence - ClearVu (18).jpg
PIC_THUMBNAIL cache_lookup result=hit elapsed_us=4 uri=/run/media/peet/Data-500GB/Work-FB/FB-2019-CPT-Wemmershoek/Hyman Master Fence - ClearVu (17).jpg
PIC_THUMBNAIL cache_lookup result=hit elapsed_us=4 uri=/run/media/peet/Data-500GB/Work-FB/FB-2019-CPT-Wemmershoek/Hyman Master Fence - ClearVu (16).jpg
PIC_THUMBNAIL cache_lookup result=hit elapsed_us=4 uri=/run/media/peet/Data-500GB/Work-FB/FB-2019-CPT-Wemmershoek/Hyman Master Fence - ClearVu (23).jpg
PIC_THUMBNAIL cache_lookup result=hit elapsed_us=4 uri=/run/media/peet/Data-500GB/Work-FB/FB-2019-CPT-Wemmershoek/Hyman Master Fence - ClearVu (24).jpg
PIC_THUMBNAIL cache_lookup result=hit elapsed_us=3 uri=/run/media/peet/Data-500GB/Work-FB/FB-2019-CPT-Wemmershoek/Hyman Master Fence - ClearVu (25).jpg
PIC_THUMBNAIL cache_lookup result=hit elapsed_us=2 uri=/run/media/peet/Data-500GB/Work-FB/FB-2019-CPT-Wemmershoek/Hyman Master Fence - ClearVu (26).jpg
PIC_THUMBNAIL cache_lookup result=hit elapsed_us=4 uri=/run/media/peet/Data-500GB/Work-FB/FB-2019-CPT-Wemmershoek/Hyman Master Fence - ClearVu (22).jpg
PIC_THUMBNAIL cache_lookup result=hit elapsed_us=4 uri=/run/media/peet/Data-500GB/Work-FB/FB-2019-CPT-Wemmershoek/Hyman Master Fence - ClearVu (14).jpg
PIC_THUMBNAIL cache_lookup result=hit elapsed_us=3 uri=/run/media/peet/Data-500GB/Work-FB/FB-2019-CPT-Wemmershoek/Hyman Master Fence - ClearVu (13).jpg
PIC_THUMBNAIL cache_lookup result=hit elapsed_us=2 uri=/run/media/peet/Data-500GB/Work-FB/FB-2019-CPT-Wemmershoek/Hyman Master Fence - ClearVu (12).jpg
PIC_THUMBNAIL cache_lookup result=hit elapsed_us=3 uri=/run/media/peet/Data-500GB/Work-FB/FB-2019-CPT-Wemmershoek/Hyman Master Fence - ClearVu (11).jpg
PIC_THUMBNAIL cache_lookup result=hit elapsed_us=3 uri=/run/media/peet/Data-500GB/Work-FB/FB-2019-CPT-Wemmershoek/Hyman Master Fence - ClearVu (10).jpg
PIC_THUMBNAIL cache_lookup result=hit elapsed_us=4 uri=/run/media/peet/Data-500GB/Work-FB/FB-2019-CPT-Wemmershoek/Hyman Master Fence - ClearVu (9).jpg
PIC_THUMBNAIL cache_lookup result=hit elapsed_us=4 uri=/run/media/peet/Data-500GB/Work-FB/FB-2019-CPT-Wemmershoek/Hyman Master Fence - ClearVu (8).jpg
PIC_THUMBNAIL cache_lookup result=hit elapsed_us=2 uri=/run/media/peet/Data-500GB/Work-FB/FB-2019-CPT-Wemmershoek/Hyman Master Fence - ClearVu (7).jpg
PIC_THUMBNAIL cache_lookup result=hit elapsed_us=2 uri=/run/media/peet/Data-500GB/Work-FB/FB-2019-CPT-Wemmershoek/Hyman Master Fence - ClearVu (6).jpg
PIC_THUMBNAIL cache_lookup result=hit elapsed_us=4 uri=/run/media/peet/Data-500GB/Work-FB/FB-2019-CPT-Wemmershoek/Hyman Master Fence - ClearVu (5).jpg
PIC_THUMBNAIL cache_lookup result=hit elapsed_us=4 uri=/run/media/peet/Data-500GB/Work-FB/FB-2019-CPT-Wemmershoek/Hyman Master Fence - ClearVu (4).jpg
PIC_THUMBNAIL cache_lookup result=hit elapsed_us=2 uri=/run/media/peet/Data-500GB/Work-FB/FB-2019-CPT-Wemmershoek/Hyman Master Fence - ClearVu (3).jpg
PIC_THUMBNAIL cache_lookup result=hit elapsed_us=2 uri=/run/media/peet/Data-500GB/Work-FB/FB-2019-CPT-Wemmershoek/Hyman Master Fence - ClearVu (2).jpg
PIC_THUMBNAIL cache_lookup result=hit elapsed_us=4 uri=/run/media/peet/Data-500GB/Work-FB/FB-2019-CPT-Wemmershoek/Hyman Master Fence - ClearVu (1).jpg
PIC_THUMBNAIL cache_lookup result=hit elapsed_us=4 uri=/run/media/peet/Data-500GB/Work-FB/FB-2019-WebCars/We Buy Cars (9).jpg
PIC_THUMBNAIL cache_lookup result=hit elapsed_us=4 uri=/run/media/peet/Data-500GB/Work-FB/FB-2019-WebCars/We Buy Cars (8).jpg
PIC_THUMBNAIL cache_lookup result=hit elapsed_us=4 uri=/run/media/peet/Data-500GB/Work-FB/FB-2019-WebCars/We Buy Cars (7).jpg
PIC_THUMBNAIL cache_lookup result=hit elapsed_us=4 uri=/run/media/peet/Data-500GB/Work-FB/FB-2019-WebCars/We Buy Cars (6).jpg
PIC_THUMBNAIL cache_lookup result=hit elapsed_us=4 uri=/run/media/peet/Data-500GB/Work-FB/FB-2019-WebCars/We Buy Cars (5).jpg
PIC_THUMBNAIL cache_lookup result=hit elapsed_us=4 uri=/run/media/peet/Data-500GB/Work-FB/FB-2019-WebCars/We Buy Cars (4).jpg
PIC_THUMBNAIL cache_lookup result=hit elapsed_us=4 uri=/run/media/peet/Data-500GB/Work-FB/FB-2019-WebCars/We Buy Cars (3).jpg
PIC_THUMBNAIL cache_lookup result=hit elapsed_us=4 uri=/run/media/peet/Data-500GB/Work-FB/FB-2019-WebCars/We Buy Cars (2).jpg
PIC_THUMBNAIL cache_lookup result=hit elapsed_us=3 uri=/run/media/peet/Data-500GB/Work-FB/FB-2019-WebCars/We Buy Cars (1).jpg
PIC_THUMBNAIL cache_lookup result=hit elapsed_us=2 uri=/run/media/peet/Data-500GB/Work-FB/FB-2019-Summerstrand/20190627_142305.jpg
PIC_THUMBNAIL cache_lookup result=hit elapsed_us=2 uri=/run/media/peet/Data-500GB/Work-FB/FB-2019-Summerstrand/20190627_142257.jpg
PIC_THUMBNAIL cache_lookup result=hit elapsed_us=2 uri=/run/media/peet/Data-500GB/Work-FB/FB-2019-Summerstrand/20190627_142129.jpg
PIC_THUMBNAIL cache_lookup result=hit elapsed_us=2 uri=/run/media/peet/Data-500GB/Work-FB/FB-2019-Summerstrand/20190627_142112.jpg
PIC_THUMBNAIL cache_lookup result=hit elapsed_us=2 uri=/run/media/peet/Data-500GB/Work-FB/FB-2019-Summerstrand/20190627_142022.jpg
PIC_THUMBNAIL cache_lookup result=hit elapsed_us=3 uri=/run/media/peet/Data-500GB/Work-FB/FB-2019-Summerstrand/20190627_142008.jpg
PIC_THUMBNAIL cache_lookup result=hit elapsed_us=2 uri=/run/media/peet/Data-500GB/Work-FB/FB-2019-Summerstrand/20190627_141918.jpg
PIC_THUMBNAIL cache_lookup result=hit elapsed_us=3 uri=/run/media/peet/Data-500GB/Work-FB/FB-2019-Summerstrand/20190627_141908.jpg
PIC_THUMBNAIL cache_lookup result=hit elapsed_us=2 uri=/run/media/peet/Data-500GB/Work-FB/FB-2019-Summerstrand/20190627_141846.jpg
PIC_THUMBNAIL cache_lookup result=hit elapsed_us=3 uri=/run/media/peet/Data-500GB/Work-FB/FB-2019-Summerstrand/20190627_141835.jpg
PIC_THUMBNAIL cache_lookup result=hit elapsed_us=7 uri=/run/media/peet/Data-500GB/Work-FB/FB-2019-Summerstrand/20190627_141817.jpg
PIC_THUMBNAIL cache_lookup result=hit elapsed_us=4 uri=/run/media/peet/Data-500GB/Work-FB/FB-2019-Summerstrand/20190627_141420.jpg
PIC_THUMBNAIL cache_lookup result=hit elapsed_us=3 uri=/run/media/peet/Data-500GB/Work-FB/FB-2019-Summerstrand/20190627_141413.jpg
PIC_THUMBNAIL cache_lookup result=hit elapsed_us=3 uri=/run/media/peet/Data-500GB/Work-FB/FB-2019-Summerstrand/20190627_141337.jpg
PIC_THUMBNAIL cache_lookup result=hit elapsed_us=4 uri=/run/media/peet/Data-500GB/Work-FB/FB-2019-Summerstrand/20190627_141330.jpg
PIC_THUMBNAIL cache_lookup result=hit elapsed_us=4 uri=/run/media/peet/Data-500GB/Work-FB/FB-2019-Summerstrand/20190627_141308.jpg
PIC_THUMBNAIL cache_lookup result=hit elapsed_us=4 uri=/run/media/peet/Data-500GB/Work-FB/FB-2019-Summerstrand/20190627_141254.jpg
PIC_THUMBNAIL cache_lookup result=hit elapsed_us=4 uri=/run/media/peet/Data-500GB/Work-FB/FB-2019-Summerstrand/20190627_141245.jpg
PIC_THUMBNAIL cache_lookup result=hit elapsed_us=4 uri=/run/media/peet/Data-500GB/Work-FB/FB-2019-NMU-SolarFence/Solar Panelos (1).jpg
PIC_THUMBNAIL cache_lookup result=hit elapsed_us=4 uri=/run/media/peet/Data-500GB/Work-FB/FB-2019-NMU-SolarFence/Solar Panelos (8).jpg
PIC_THUMBNAIL cache_lookup result=hit elapsed_us=3 uri=/run/media/peet/Data-500GB/Work-FB/FB-2019-NMU-SolarFence/Solar Panelos (7).jpg
PIC_THUMBNAIL cache_lookup result=hit elapsed_us=2 uri=/run/media/peet/Data-500GB/Work-FB/FB-2019-NMU-SolarFence/Solar Panelos (6).jpg
PIC_THUMBNAIL cache_lookup result=hit elapsed_us=3 uri=/run/media/peet/Data-500GB/Work-FB/FB-2019-NMU-SolarFence/Solar Panelos (5).jpg
PIC_THUMBNAIL cache_lookup result=hit elapsed_us=2 uri=/run/media/peet/Data-500GB/Work-FB/FB-2019-NMU-SolarFence/Solar Panelos (4).jpg
PIC_THUMBNAIL cache_lookup result=hit elapsed_us=3 uri=/run/media/peet/Data-500GB/Work-FB/FB-2019-NMU-SolarFence/Solar Panelos (3).jpg
PIC_THUMBNAIL cache_lookup result=hit elapsed_us=5 uri=/run/media/peet/Data-500GB/Work-FB/FB-2019-NMU-SolarFence/Solar Panelos (2).jpg
PIC_THUMBNAIL cache_lookup result=hit elapsed_us=5 uri=/run/media/peet/Data-500GB/Work-FB/FB-2019-NMU-SolarFence/20190627_131205.jpg
PIC_THUMBNAIL cache_lookup result=hit elapsed_us=5 uri=/run/media/peet/Data-500GB/Work-FB/FB-2019-WBHO Walmer Village/20190627_131157.jpg
PIC_THUMBNAIL cache_lookup result=hit elapsed_us=4 uri=/run/media/peet/Data-500GB/Work-FB/FB-2019-WBHO Walmer Village/20190627_131109.jpg
PIC_THUMBNAIL cache_lookup result=hit elapsed_us=4 uri=/run/media/peet/Data-500GB/Work-FB/FB-2019-BCM Zoo/Hyman Master Fence - BCM Zoo (1).jpg
PIC_THUMBNAIL cache_lookup result=hit elapsed_us=4 uri=/run/media/peet/Data-500GB/Work-FB/FB-2019-BCM Zoo/Hyman Master Fence - BCM Zoo (4).jpg
PIC_THUMBNAIL cache_lookup result=hit elapsed_us=3 uri=/run/media/peet/Data-500GB/Work-FB/FB-2019-BCM Zoo/Hyman Master Fence - BCM Zoo (3).jpg
PIC_THUMBNAIL cache_lookup result=hit elapsed_us=3 uri=/run/media/peet/Data-500GB/Work-FB/FB-2019-BCM Zoo/Hyman Master Fence - BCM Zoo (2).jpg
PIC_THUMBNAIL cache_lookup result=hit elapsed_us=3 uri=/run/media/peet/Data-500GB/Work-FB/FB-2019-BCM Zoo/Hyman Master Fence - BCM Zoo - ClearVu (1).jpg
PIC_THUMBNAIL cache_lookup result=hit elapsed_us=2 uri=/run/media/peet/Data-500GB/Work-FB/FB-2019-BCM Zoo/Hyman Master Fence - BCM Zoo - ClearVu (5).jpg
PIC_THUMBNAIL cache_lookup result=hit elapsed_us=2 uri=/run/media/peet/Data-500GB/Work-FB/FB-2019-BCM Zoo/Hyman Master Fence - BCM Zoo - ClearVu (4).jpg
PIC_THUMBNAIL cache_lookup result=hit elapsed_us=3 uri=/run/media/peet/Data-500GB/Work-FB/FB-2019-BCM Zoo/Hyman Master Fence - BCM Zoo - ClearVu (2).jpg
PIC_THUMBNAIL cache_lookup result=hit elapsed_us=2 uri=/run/media/peet/Data-500GB/Work-FB/FB-2019-BCM Zoo/Hyman Master Fence - BCM Zoo - ClearVu (3).jpg
PIC_THUMBNAIL cache_lookup result=hit elapsed_us=3 uri=/run/media/peet/Data-500GB/Work-FB/FB-2019-Diamond Mesh Fence/WhatsApp Image 2019-03-27 at 10.08.05 (1).jpg
PIC_THUMBNAIL cache_lookup result=hit elapsed_us=3 uri=/run/media/peet/Data-500GB/Work-FB/FB-2019-Diamond Mesh Fence/WhatsApp Image 2019-03-27 at 10.08.05.jpg
PIC_THUMBNAIL cache_lookup result=hit elapsed_us=4 uri=/run/media/peet/Data-500GB/Work-FB/FB-2019-Diamond Mesh Fence/WhatsApp Image 2019-03-27 at 10.08.04.jpg
PIC_THUMBNAIL cache_lookup result=hit elapsed_us=4 uri=/run/media/peet/Data-500GB/Work-FB/FB-2019-BCM Zoo/Hyman Master Fence - Buffalo City Zoo (6).jpg
PIC_THUMBNAIL cache_lookup result=hit elapsed_us=4 uri=/run/media/peet/Data-500GB/Work-FB/FB-2019-BCM Zoo/Hyman Master Fence - Buffalo City Zoo (7).jpg
PIC_THUMBNAIL cache_lookup result=hit elapsed_us=4 uri=/run/media/peet/Data-500GB/Work-FB/FB-2019-BCM Zoo/Hyman Master Fence - Buffalo City Zoo (9).jpg
PIC_THUMBNAIL cache_lookup result=hit elapsed_us=4 uri=/run/media/peet/Data-500GB/Work-FB/FB-2019-BCM Zoo/Hyman Master Fence - Buffalo City Zoo (8).jpg
PIC_THUMBNAIL cache_lookup result=hit elapsed_us=4 uri=/run/media/peet/Data-500GB/Work-FB/FB-2019-BCM Zoo/Hyman Master Fence - Buffalo City Zoo (10).jpg
PIC_THUMBNAIL cache_lookup result=hit elapsed_us=4 uri=/run/media/peet/Data-500GB/Work-FB/FB-2019-BCM Zoo/Hyman Master Fence - Buffalo City Zoo (11).jpg
PIC_THUMBNAIL cache_lookup result=hit elapsed_us=4 uri=/run/media/peet/Data-500GB/Work-FB/FB-2019-BCM Zoo/Hyman Master Fence - Buffalo City Zoo (12).jpg
PIC_THUMBNAIL cache_lookup result=hit elapsed_us=4 uri=/run/media/peet/Data-500GB/Work-FB/FB-2019-BCM Zoo/Hyman Master Fence - Buffalo City Zoo (14).jpg
PIC_THUMBNAIL cache_lookup result=hit elapsed_us=3 uri=/run/media/peet/Data-500GB/Work-FB/FB-2019-BCM Zoo/Hyman Master Fence - Buffalo City Zoo (13).jpg
PIC_THUMBNAIL cache_lookup result=hit elapsed_us=2 uri=/run/media/peet/Data-500GB/Work-FB/FB-2019-BCM Zoo/Hyman Master Fence - Buffalo City Zoo (15).jpg
PIC_THUMBNAIL cache_lookup result=hit elapsed_us=3 uri=/run/media/peet/Data-500GB/Work-FB/FB-2019-BCM Zoo/Hyman Master Fence - Buffalo City Zoo (17).jpg
PIC_THUMBNAIL cache_lookup result=hit elapsed_us=3 uri=/run/media/peet/Data-500GB/Work-FB/FB-2019-BCM Zoo/Hyman Master Fence - Buffalo City Zoo (16).jpg
PIC_THUMBNAIL cache_lookup result=hit elapsed_us=2 uri=/run/media/peet/Data-500GB/Work-FB/FB-2019-BCM Zoo/Hyman Master Fence - Buffalo City Zoo (18).jpg
PIC_THUMBNAIL cache_lookup result=hit elapsed_us=2 uri=/run/media/peet/Data-500GB/Work-FB/FB-2019-BCM Zoo/Hyman Master Fence - Buffalo City Zoo (2).jpg
PIC_THUMBNAIL cache_lookup result=hit elapsed_us=2 uri=/run/media/peet/Data-500GB/Work-FB/FB-2019-BCM Zoo/Hyman Master Fence - Buffalo City Zoo (3).jpg
PIC_THUMBNAIL cache_lookup result=hit elapsed_us=4 uri=/run/media/peet/Data-500GB/Work-FB/FB-2019-Bokka-Struandale/20190307_142401.jpg
PIC_THUMBNAIL cache_lookup result=hit elapsed_us=3 uri=/run/media/peet/Data-500GB/Work-FB/FB-2019-Bokka-Struandale/20190307_141919.jpg
PIC_THUMBNAIL cache_lookup result=hit elapsed_us=2 uri=/run/media/peet/Data-500GB/Work-FB/FB-2019-Bokka-Struandale/20190307_141914.jpg
PIC_THUMBNAIL cache_lookup result=hit elapsed_us=3 uri=/run/media/peet/Data-500GB/Work-FB/FB-2019-Bokka-Struandale/20190307_141910.jpg
PIC_THUMBNAIL cache_lookup result=hit elapsed_us=2 uri=/run/media/peet/Data-500GB/Work-FB/FB-2019-Bokka-Struandale/20190307_141801.jpg
PIC_THUMBNAIL cache_lookup result=hit elapsed_us=2 uri=/run/media/peet/Data-500GB/Work-FB/FB-2019-Bokka-Struandale/20190307_141755.jpg
PIC_THUMBNAIL cache_lookup result=hit elapsed_us=2 uri=/run/media/peet/Data-500GB/Work-FB/FB-2019-Bokka-Struandale/20190307_141744.jpg
PIC_THUMBNAIL cache_lookup result=hit elapsed_us=3 uri=/run/media/peet/Data-500GB/Work-FB/FB-2024-Internal Fence/HMF Internal ClearVu Fence (4).jpg
PIC_THUMBNAIL cache_lookup result=hit elapsed_us=3 uri=/run/media/peet/Data-500GB/Work-FB/FB-2024-Internal Fence/HMF Internal ClearVu Fence (3).jpg
PIC_THUMBNAIL cache_lookup result=hit elapsed_us=3 uri=/run/media/peet/Data-500GB/Work-FB/FB-2021-MCDonalds/HMF-MacDonalds -Cochrane Security Fence (13).jpg
PIC_THUMBNAIL cache_lookup result=hit elapsed_us=4 uri=/run/media/peet/Data-500GB/Work-FB/FB-2021-MCDonalds/HMF-MacDonalds -Cochrane Security Fence (12).jpg
PIC_THUMBNAIL cache_lookup result=hit elapsed_us=4 uri=/run/media/peet/Data-500GB/Work-FB/FB-2021-MCDonalds/HMF-MacDonalds -Cochrane Security Fence (11).jpg
PIC_THUMBNAIL cache_lookup result=hit elapsed_us=4 uri=/run/media/peet/Data-500GB/Work-FB/FB-2021-MCDonalds/HMF-MacDonalds -Cochrane Security Fence (10).jpg
PIC_THUMBNAIL cache_lookup result=hit elapsed_us=4 uri=/run/media/peet/Data-500GB/Work-FB/FB-2021-MCDonalds/HMF-MacDonalds -Cochrane Security Fence (9).jpg
PIC_THUMBNAIL cache_lookup result=hit elapsed_us=4 uri=/run/media/peet/Data-500GB/Work-FB/FB-2021-MCDonalds/HMF-MacDonalds -Cochrane Security Fence (8).jpg
PIC_THUMBNAIL cache_lookup result=hit elapsed_us=3 uri=/run/media/peet/Data-500GB/Work-FB/FB-2021-MCDonalds/HMF-MacDonalds -Cochrane Security Fence (7).jpg
PIC_THUMBNAIL cache_lookup result=hit elapsed_us=2 uri=/run/media/peet/Data-500GB/Work-FB/FB-2021-MCDonalds/HMF-MacDonalds -Cochrane Security Fence (6).jpg
PIC_THUMBNAIL cache_lookup result=hit elapsed_us=3 uri=/run/media/peet/Data-500GB/Work-FB/FB-2021-MCDonalds/HMF-MacDonalds -Cochrane Security Fence (5).jpg
PIC_THUMBNAIL cache_lookup result=hit elapsed_us=4 uri=/run/media/peet/Data-500GB/Work-FB/FB-2021-MCDonalds/HMF-MacDonalds -Cochrane Security Fence (4).jpg
PIC_THUMBNAIL cache_lookup result=hit elapsed_us=4 uri=/run/media/peet/Data-500GB/Work-FB/FB-2021-MCDonalds/HMF-MacDonalds -Cochrane Security Fence (2).jpg
PIC_THUMBNAIL cache_lookup result=hit elapsed_us=4 uri=/run/media/peet/Data-500GB/Work-FB/FB-2021-MCDonalds/HMF-MacDonalds -Cochrane Security Fence (1).jpg
PIC_THUMBNAIL cache_lookup result=hit elapsed_us=4 uri=/run/media/peet/Data-500GB/Work-FB/FB-2018-Galaxy Bingo/Hyman Master Fence - ClearVu (11).jpg
PIC_THUMBNAIL cache_lookup result=hit elapsed_us=3 uri=/run/media/peet/Data-500GB/Work-FB/FB-2018-Galaxy Bingo/Hyman Master Fence - ClearVu (9).jpg
PIC_THUMBNAIL cache_lookup result=hit elapsed_us=2 uri=/run/media/peet/Data-500GB/Work-FB/FB-2018-Galaxy Bingo/Hyman Master Fence - ClearVu (8).jpg
PIC_THUMBNAIL cache_lookup result=hit elapsed_us=2 uri=/run/media/peet/Data-500GB/Work-FB/FB-2018-Galaxy Bingo/Hyman Master Fence - ClearVu (7).jpg
PIC_THUMBNAIL cache_lookup result=hit elapsed_us=3 uri=/run/media/peet/Data-500GB/Work-FB/FB-2018-Galaxy Bingo/Hyman Master Fence - ClearVu (6).jpg
PIC_THUMBNAIL cache_lookup result=hit elapsed_us=3 uri=/run/media/peet/Data-500GB/Work-FB/FB-2018-Galaxy Bingo/Hyman Master Fence - ClearVu (1).jpg
PIC_THUMBNAIL cache_lookup result=hit elapsed_us=3 uri=/run/media/peet/Data-500GB/Work-FB/FB-2018-Galaxy Bingo/Hyman Master Fence - ClearVu (18).jpg
PIC_THUMBNAIL cache_lookup result=hit elapsed_us=3 uri=/run/media/peet/Data-500GB/Work-FB/FB-2018-Galaxy Bingo/Hyman Master Fence - ClearVu (5).jpg
PIC_THUMBNAIL cache_lookup result=hit elapsed_us=3 uri=/run/media/peet/Data-500GB/Work-FB/FB-2018-Galaxy Bingo/Hyman Master Fence - ClearVu (17).jpg
PIC_THUMBNAIL cache_lookup result=hit elapsed_us=3 uri=/run/media/peet/Data-500GB/Work-FB/FB-2018-Galaxy Bingo/Hyman Master Fence - ClearVu (4).jpg
PIC_THUMBNAIL cache_lookup result=hit elapsed_us=4 uri=/run/media/peet/Data-500GB/Work-FB/FB-2018-Galaxy Bingo/Hyman Master Fence - ClearVu (16).jpg
PIC_THUMBNAIL cache_lookup result=hit elapsed_us=3 uri=/run/media/peet/Data-500GB/Work-FB/FB-2018-Galaxy Bingo/Hyman Master Fence - ClearVu (15).jpg
PIC_THUMBNAIL cache_lookup result=hit elapsed_us=4 uri=/run/media/peet/Data-500GB/Work-FB/FB-2018-Galaxy Bingo/Hyman Master Fence - ClearVu (3).jpg
PIC_THUMBNAIL cache_lookup result=hit elapsed_us=4 uri=/run/media/peet/Data-500GB/Work-FB/FB-2018-Galaxy Bingo/Hyman Master Fence - ClearVu (2).jpg
PIC_THUMBNAIL cache_lookup result=hit elapsed_us=3 uri=/run/media/peet/Data-500GB/Work-FB/FB-2018-Galaxy Bingo/Hyman Master Fence - ClearVu (14).jpg
PIC_THUMBNAIL cache_lookup result=hit elapsed_us=3 uri=/run/media/peet/Data-500GB/Work-FB/FB-2018-Galaxy Bingo/Hyman Master Fence - ClearVu (10).jpg
PIC_THUMBNAIL cache_lookup result=hit elapsed_us=3 uri=/run/media/peet/Data-500GB/Work-FB/FB-2018-Galaxy Bingo/Hyman Master Fence - ClearVu (13).jpg
PIC_THUMBNAIL cache_lookup result=hit elapsed_us=3 uri=/run/media/peet/Data-500GB/Work-FB/FB-2018-Galaxy Bingo/Hyman Master Fence - ClearVu (12).jpg
PIC_THUMBNAIL cache_lookup result=hit elapsed_us=3 uri=/run/media/peet/Data-500GB/Work-FB/FB-2017-KZN-Lusiki/20171004_112914.jpg
PIC_THUMBNAIL cache_lookup result=hit elapsed_us=2 uri=/run/media/peet/Data-500GB/Work-FB/FB-2017-KZN-Lusiki/20171004_111222.jpg
PIC_THUMBNAIL cache_lookup result=hit elapsed_us=4 uri=/run/media/peet/Data-500GB/Work-FB/FB-2017-KZN-Lusiki/20171004_105132.jpg
PIC_THUMBNAIL cache_lookup result=hit elapsed_us=4 uri=/run/media/peet/Data-500GB/Work-FB/FB-2017-KZN-Lusiki/20171004_103633.jpg
PIC_THUMBNAIL cache_lookup result=hit elapsed_us=4 uri=/run/media/peet/Data-500GB/Work-FB/FB-2017-KZN-Lusiki/20171004_103621.jpg
PIC_THUMBNAIL cache_lookup result=hit elapsed_us=4 uri=/run/media/peet/Data-500GB/Work-FB/FB-2017-Schools Uitenhage/VID_1731.jpg
PIC_THUMBNAIL cache_lookup result=hit elapsed_us=4 uri=/run/media/peet/Data-500GB/Work-FB/FB-2017-Schools Uitenhage/VID_1730.jpg
PIC_THUMBNAIL cache_lookup result=hit elapsed_us=4 uri=/run/media/peet/Data-500GB/Work-FB/FB-2017-Schools Uitenhage/VID_1722.jpg
PIC_THUMBNAIL cache_lookup result=hit elapsed_us=4 uri=/run/media/peet/Data-500GB/Work-FB/FB-2017-Schools Uitenhage/VID_1719.jpg
PIC_THUMBNAIL cache_lookup result=hit elapsed_us=4 uri=/run/media/peet/Data-500GB/Work-FB/FB-2017-Schools Uitenhage/VID_1714.jpg
PIC_THUMBNAIL cache_lookup result=hit elapsed_us=4 uri=/run/media/peet/Data-500GB/Work-FB/FB-2017-Schools Uitenhage/VID_1713.jpg
PIC_THUMBNAIL cache_lookup result=hit elapsed_us=2 uri=/run/media/peet/Data-500GB/Work-FB/FB-2017-Schools Uitenhage/VID_1708.jpg
PIC_THUMBNAIL cache_lookup result=hit elapsed_us=3 uri=/run/media/peet/Data-500GB/Work-FB/FB-2017-Schools Uitenhage/VID_1704.jpg
PIC_THUMBNAIL cache_lookup result=hit elapsed_us=3 uri=/run/media/peet/Data-500GB/Work-FB/FB-2017-Schools Uitenhage/VID_1703.jpg
PIC_THUMBNAIL cache_lookup result=hit elapsed_us=3 uri=/run/media/peet/Data-500GB/Work-FB/FB-2017-Schools Uitenhage/VID_1701.jpg
PIC_THUMBNAIL cache_lookup result=hit elapsed_us=3 uri=/run/media/peet/Data-500GB/Work-FB/FB-2017-Schools Uitenhage/VID_1698.jpg
PIC_THUMBNAIL cache_lookup result=hit elapsed_us=3 uri=/run/media/peet/Data-500GB/Work-FB/FB-2017-Schools Uitenhage/VID_1696.jpg
PIC_THUMBNAIL cache_lookup result=hit elapsed_us=3 uri=/run/media/peet/Data-500GB/Work-FB/FB-2017-Schools Uitenhage/VID_1695.jpg
PIC_THUMBNAIL cache_lookup result=hit elapsed_us=2 uri=/run/media/peet/Data-500GB/Work-FB/FB-2017-Schools Uitenhage/VID_1692.jpg
PIC_THUMBNAIL cache_lookup result=hit elapsed_us=4 uri=/run/media/peet/Data-500GB/Work-FB/FB-2017-Schools Uitenhage/VID_1690.jpg
PIC_THUMBNAIL cache_lookup result=hit elapsed_us=2 uri=/run/media/peet/Data-500GB/Work-FB/FB-2017-Schools Uitenhage/VID_1687.jpg
PIC_THUMBNAIL cache_lookup result=hit elapsed_us=4 uri=/run/media/peet/Data-500GB/Work-FB/FB-2017-Schools Uitenhage/VID_1683.jpg
PIC_THUMBNAIL cache_lookup result=hit elapsed_us=4 uri=/run/media/peet/Data-500GB/Work-FB/FB-2017-Schools Uitenhage/VID_1678.jpg
PIC_THUMBNAIL cache_lookup result=hit elapsed_us=4 uri=/run/media/peet/Data-500GB/Work-FB/FB-2017-Schools Uitenhage/VID_1676.jpg
PIC_THUMBNAIL cache_lookup result=hit elapsed_us=4 uri=/run/media/peet/Data-500GB/Work-FB/FB-2017-Schools Uitenhage/VID_1675.jpg
PIC_THUMBNAIL cache_lookup result=hit elapsed_us=4 uri=/run/media/peet/Data-500GB/Work-FB/FB-2017-Schools Uitenhage/VID_1669.jpg
PIC_THUMBNAIL cache_lookup result=hit elapsed_us=4 uri=/run/media/peet/Data-500GB/Work-FB/FB-2017-Schools Uitenhage/VID_1668.jpg
PIC_THUMBNAIL cache_lookup result=hit elapsed_us=3 uri=/run/media/peet/Data-500GB/Work-FB/FB-2017-Schools Uitenhage/VID_1664.jpg
PIC_THUMBNAIL cache_lookup result=hit elapsed_us=4 uri=/run/media/peet/Data-500GB/Work-FB/FB-2017-Schools Uitenhage/VID_1658.jpg
PIC_THUMBNAIL cache_lookup result=hit elapsed_us=3 uri=/run/media/peet/Data-500GB/Work-FB/FB-2017-Schools Uitenhage/VID_1653.jpg
PIC_THUMBNAIL cache_lookup result=hit elapsed_us=4 uri=/run/media/peet/Data-500GB/Work-FB/FB-2017-Schools Uitenhage/VID_1644.jpg
PIC_THUMBNAIL cache_lookup result=hit elapsed_us=3 uri=/run/media/peet/Data-500GB/Work-FB/FB-2017-Schools Uitenhage/VID_1635.jpg
PIC_THUMBNAIL cache_lookup result=hit elapsed_us=3 uri=/run/media/peet/Data-500GB/Work-FB/FB-2017-Schools Uitenhage/VID_1632.jpg
PIC_THUMBNAIL cache_lookup result=hit elapsed_us=4 uri=/run/media/peet/Data-500GB/Work-FB/FB-2017-Schools Uitenhage/VID_1624.jpg
PIC_THUMBNAIL cache_lookup result=hit elapsed_us=4 uri=/run/media/peet/Data-500GB/Work-FB/FB-2017-Schools Uitenhage/VID_1621.jpg
PIC_THUMBNAIL cache_lookup result=hit elapsed_us=3 uri=/run/media/peet/Data-500GB/Work-FB/FB-2017-Schools Uitenhage/VID_1618.jpg
PIC_THUMBNAIL cache_lookup result=hit elapsed_us=2 uri=/run/media/peet/Data-500GB/Work-FB/FB-2017-Schools Uitenhage/VID_1617.jpg
PIC_THUMBNAIL cache_lookup result=hit elapsed_us=4 uri=/run/media/peet/Data-500GB/Work-FB/FB-2017-Schools Uitenhage/VID_1615.jpg
PIC_THUMBNAIL cache_lookup result=hit elapsed_us=4 uri=/run/media/peet/Data-500GB/Work-FB/FB-2017-Schools Uitenhage/VID_1613.jpg
PIC_THUMBNAIL cache_lookup result=hit elapsed_us=4 uri=/run/media/peet/Data-500GB/Work-FB/FB-2017-Schools Uitenhage/VID_1605.jpg
PIC_THUMBNAIL cache_lookup result=hit elapsed_us=4 uri=/run/media/peet/Data-500GB/Work-FB/FB-2017-Schools Uitenhage/VID_1604.jpg
PIC_THUMBNAIL cache_lookup result=hit elapsed_us=4 uri=/run/media/peet/Data-500GB/Work-FB/FB-2017-Schools Uitenhage/VID_1601.jpg
PIC_THUMBNAIL cache_lookup result=hit elapsed_us=4 uri=/run/media/peet/Data-500GB/Work-FB/FB-2017-Schools Uitenhage/VID_1599.jpg
PIC_THUMBNAIL cache_lookup result=hit elapsed_us=4 uri=/run/media/peet/Data-500GB/Work-FB/FB-2017-Schools Uitenhage/VID_1597.jpg
PIC_THUMBNAIL cache_lookup result=hit elapsed_us=4 uri=/run/media/peet/Data-500GB/Work-FB/FB-2017-Schools Uitenhage/VID_1595.jpg
PIC_THUMBNAIL cache_lookup result=hit elapsed_us=4 uri=/run/media/peet/Data-500GB/Work-FB/FB-2026-Precast/VID_8674.jpg
PIC_THUMBNAIL cache_lookup result=hit elapsed_us=3 uri=/run/media/peet/Data-500GB/Work-FB/FB-2026-Precast/VID_8668.jpg
PIC_THUMBNAIL cache_lookup result=hit elapsed_us=2 uri=/run/media/peet/Data-500GB/Work-FB/FB-2026-Precast/VID_8666.jpg
PIC_THUMBNAIL cache_lookup result=hit elapsed_us=3 uri=/run/media/peet/Data-500GB/Work-FB/FB-2017-FourLeaf/VID_8661.jpg
PIC_THUMBNAIL cache_lookup result=hit elapsed_us=3 uri=/run/media/peet/Data-500GB/Work-FB/FB-2017-FourLeaf/VID_8655.jpg
PIC_THUMBNAIL cache_lookup result=hit elapsed_us=4 uri=/run/media/peet/Data-500GB/Work-FB/FB-2017-FourLeaf/VID_8651.jpg
PIC_THUMBNAIL cache_lookup result=hit elapsed_us=4 uri=/run/media/peet/Data-500GB/Work-FB/FB-2017-FourLeaf/VID_8646.jpg
PIC_THUMBNAIL cache_lookup result=hit elapsed_us=4 uri=/run/media/peet/Data-500GB/Work-FB/FB-2017-FourLeaf/VID_8640.jpg
PIC_THUMBNAIL cache_lookup result=hit elapsed_us=3 uri=/run/media/peet/Data-500GB/Work-FB/FB-2017-FourLeaf/VID_8636.jpg
PIC_THUMBNAIL cache_lookup result=hit elapsed_us=2 uri=/run/media/peet/Data-500GB/Work-FB/FB-2017-FourLeaf/VID_8635.jpg
PIC_THUMBNAIL cache_lookup result=hit elapsed_us=4 uri=/run/media/peet/Data-500GB/Work-FB/FB-2017-FourLeaf/VID_8633.jpg
PIC_THUMBNAIL cache_lookup result=hit elapsed_us=4 uri=/run/media/peet/Data-500GB/Work-FB/FB-2016-Sunshine School/VID_8619.jpg
PIC_THUMBNAIL cache_lookup result=hit elapsed_us=4 uri=/run/media/peet/Data-500GB/Work-FB/FB-2016-Sunshine School/VID_8618.jpg
PIC_THUMBNAIL cache_lookup result=hit elapsed_us=4 uri=/run/media/peet/Data-500GB/Work-FB/FB-2016-Sunshine School/VID_8616.jpg
PIC_THUMBNAIL cache_lookup result=hit elapsed_us=3 uri=/run/media/peet/Data-500GB/Work-FB/FB-2016-Sunshine School/VID_8615.jpg
PIC_THUMBNAIL cache_lookup result=hit elapsed_us=2 uri=/run/media/peet/Data-500GB/Work-FB/FB-2016-Sunshine School/VID_8611.jpg
PIC_THUMBNAIL cache_lookup result=hit elapsed_us=2 uri=/run/media/peet/Data-500GB/Work-FB/FB-2016-Sunshine School/VID_8608.jpg
PIC_THUMBNAIL cache_lookup result=hit elapsed_us=2 uri=/run/media/peet/Data-500GB/Work-FB/FB-2016-Sunshine School/VID_8603.jpg
PIC_THUMBNAIL cache_lookup result=hit elapsed_us=4 uri=/run/media/peet/Data-500GB/Work-FB/FB-2016-Sunshine School/VID_8602.jpg
PIC_THUMBNAIL cache_lookup result=hit elapsed_us=2 uri=/run/media/peet/Data-500GB/Work-FB/FB-2016-Sunshine School/VID_8598.jpg
PIC_THUMBNAIL cache_lookup result=hit elapsed_us=2 uri=/run/media/peet/Data-500GB/Work-FB/FB-2016-Sunshine School/VID_8597.jpg
PIC_THUMBNAIL cache_lookup result=hit elapsed_us=4 uri=/run/media/peet/Data-500GB/Work-FB/FB-2016-Sunshine School/VID_8596.jpg
PIC_THUMBNAIL cache_lookup result=hit elapsed_us=3 uri=/run/media/peet/Data-500GB/Work-FB/FB-2016-Sunshine School/VID_8595.jpg
PIC_THUMBNAIL cache_lookup result=hit elapsed_us=3 uri=/run/media/peet/Data-500GB/Work-FB/FB-2016-Sunshine School/VID_8594.jpg
PIC_THUMBNAIL cache_lookup result=hit elapsed_us=2 uri=/run/media/peet/Data-500GB/Work-FB/FB-2016-Coke/VID_8591.jpg
PIC_THUMBNAIL cache_lookup result=hit elapsed_us=4 uri=/run/media/peet/Data-500GB/Work-FB/FB-2016-Coke/VID_8590.jpg
PIC_THUMBNAIL cache_lookup result=hit elapsed_us=4 uri=/run/media/peet/Data-500GB/Work-FB/FB-2016-Coke/VID_8585.jpg
PIC_THUMBNAIL cache_lookup result=hit elapsed_us=4 uri=/run/media/peet/Data-500GB/Work-FB/FB-2016-Coke/VID_8579.jpg
PIC_THUMBNAIL cache_lookup result=hit elapsed_us=4 uri=/run/media/peet/Data-500GB/Work-FB/FB-2016-Coke/VID_8572.jpg
PIC_THUMBNAIL cache_lookup result=hit elapsed_us=4 uri=/run/media/peet/Data-500GB/Work-FB/FB-2016-Coke/VID_8568.jpg
PIC_THUMBNAIL cache_lookup result=hit elapsed_us=4 uri=/run/media/peet/Data-500GB/Work-FB/FB-2026-Concrete Palisade/VID_8567.jpg
PIC_THUMBNAIL cache_lookup result=hit elapsed_us=4 uri=/run/media/peet/Data-500GB/Work-FB/FB-2016-Coke/VID_8558.jpg
PIC_THUMBNAIL cache_lookup result=hit elapsed_us=3 uri=/run/media/peet/Data-500GB/Work-FB/FB-2016-Coke/VID_8557.jpg
PIC_THUMBNAIL cache_lookup result=hit elapsed_us=4 uri=/run/media/peet/Data-500GB/Work-FB/FB-2016-Coke/VID_8556.jpg
PIC_THUMBNAIL cache_lookup result=hit elapsed_us=4 uri=/run/media/peet/Data-500GB/Work-FB/FB-2026-Concrete Palisade/VID_8556.jpg
PIC_THUMBNAIL cache_lookup result=hit elapsed_us=4 uri=/run/media/peet/Data-500GB/Work-FB/FB-2026-Concrete Palisade/VID_8555.jpg
PIC_THUMBNAIL cache_lookup result=hit elapsed_us=4 uri=/run/media/peet/Data-500GB/Work-FB/FB-2026-Concrete Palisade/VID_8553.jpg
PIC_THUMBNAIL cache_lookup result=hit elapsed_us=2 uri=/run/media/peet/Data-500GB/Work-FB/FB-2016-Coke/VID_8552.jpg
PIC_THUMBNAIL cache_lookup result=hit elapsed_us=3 uri=/run/media/peet/Data-500GB/Work-FB/FB-2026-Concrete Palisade/VID_8552.jpg
PIC_THUMBNAIL cache_lookup result=hit elapsed_us=4 uri=/run/media/peet/Data-500GB/Work-FB/FB-2016-Coke/VID_8550.jpg
PIC_THUMBNAIL cache_lookup result=hit elapsed_us=2 uri=/run/media/peet/Data-500GB/Work-FB/FB-2026-Concrete Palisade/VID_8549.jpg
PIC_THUMBNAIL cache_lookup result=hit elapsed_us=3 uri=/run/media/peet/Data-500GB/Work-FB/FB-2016-Coke/VID_8547.jpg
PIC_THUMBNAIL cache_lookup result=hit elapsed_us=3 uri=/run/media/peet/Data-500GB/Work-FB/FB-2016-Borbot/VID_8545.jpg
PIC_THUMBNAIL cache_lookup result=hit elapsed_us=2 uri=/run/media/peet/Data-500GB/Work-FB/FB-2016-Borbot/VID_8537.jpg
PIC_THUMBNAIL cache_lookup result=hit elapsed_us=4 uri=/run/media/peet/Data-500GB/Work-FB/FB-2016-Borbot/VID_8534.jpg
PIC_THUMBNAIL cache_lookup result=hit elapsed_us=2 uri=/run/media/peet/Data-500GB/Work-FB/FB-2016-Borbot/VID_8530.jpg
PIC_THUMBNAIL cache_lookup result=hit elapsed_us=4 uri=/run/media/peet/Data-500GB/Work-FB/FB-2016-Borbot/VID_8521.jpg
PIC_THUMBNAIL cache_lookup result=hit elapsed_us=4 uri=/run/media/peet/Data-500GB/Work-FB/FB-2016-Borbot/VID_8517.jpg
PIC_THUMBNAIL cache_lookup result=hit elapsed_us=2 uri=/run/media/peet/Data-500GB/Work-FB/FB-2016-Borbot/VID_8516.jpg
PIC_THUMBNAIL cache_lookup result=hit elapsed_us=2 uri=/run/media/peet/Data-500GB/Work-FB/FB-2016-Borbot/VID_8512.jpg
PIC_THUMBNAIL cache_lookup result=hit elapsed_us=3 uri=/run/media/peet/Data-500GB/Work-FB/FB-2016-Borbot/VID_8511.jpg
PIC_THUMBNAIL cache_lookup result=hit elapsed_us=4 uri=/run/media/peet/Data-500GB/Work-FB/FB-2016-Borbot/VID_8510.jpg
PIC_THUMBNAIL cache_lookup result=hit elapsed_us=4 uri=/run/media/peet/Data-500GB/Work-FB/FB-2016-Borbot/VID_8506.jpg
PIC_THUMBNAIL cache_lookup result=hit elapsed_us=4 uri=/run/media/peet/Data-500GB/Work-FB/FB-2016-Borbot/VID_8504.jpg
PIC_THUMBNAIL cache_lookup result=hit elapsed_us=2 uri=/run/media/peet/Data-500GB/Work-FB/FB-2016-Borbot/VID_8502.jpg
PIC_THUMBNAIL cache_lookup result=hit elapsed_us=2 uri=/run/media/peet/Data-500GB/Work-FB/FB-2016-Plet-Curbs/0800c9bb-bd2e-4493-a4b9-5805860cfbdb.jpg
PIC_THUMBNAIL cache_lookup result=hit elapsed_us=3 uri=/run/media/peet/Data-500GB/Work-FB/FB-2016-Plet-Curbs/76847c50-8622-4762-98e9-55a692d76072.jpg
PIC_THUMBNAIL cache_lookup result=hit elapsed_us=3 uri=/run/media/peet/Data-500GB/Work-FB/FB-2016-Plet-Curbs/73cc4193-029e-4982-b030-f539e8b8c3b5.jpg
PIC_THUMBNAIL cache_lookup result=hit elapsed_us=4 uri=/run/media/peet/Data-500GB/Work-FB/FB-2016-Plet-Curbs/93a42d08-2c6f-4e76-bea3-f373c37d813c.jpg
PIC_THUMBNAIL cache_lookup result=hit elapsed_us=4 uri=/run/media/peet/Data-500GB/Work-FB/FB-2016-Plet-Curbs/bd971c45-1da1-42c8-9c1a-2ea23951771d.jpg
PIC_THUMBNAIL cache_lookup result=hit elapsed_us=4 uri=/run/media/peet/Data-500GB/Work-FB/FB-2016-Plet-Curbs/c288b9e5-3e63-4a5e-8a5d-12f25fe58754.jpg
PIC_THUMBNAIL cache_lookup result=hit elapsed_us=4 uri=/run/media/peet/Data-500GB/Work-FB/FB-2016-Plet-Curbs/447f84a7-72e0-4077-aea3-ca1adabd082d.jpg
PIC_THUMBNAIL cache_lookup result=hit elapsed_us=4 uri=/run/media/peet/Data-500GB/Work-FB/FB-2016-Plet-Curbs/ae8c8e3c-2b5e-4322-bf26-c2ca442373f3.jpg
PIC_THUMBNAIL cache_lookup result=hit elapsed_us=2 uri=/run/media/peet/Data-500GB/Work-FB/FB-2016-Plet-Curbs/01c4c07d-b1ef-4562-b3cc-e6e63bad176c.jpg
PIC_THUMBNAIL cache_lookup result=hit elapsed_us=4 uri=/run/media/peet/Data-500GB/Work-FB/FB-2016-Plet-Curbs/0a888be4-bcd3-4849-a7e6-f31de1ab8776.jpg
PIC_THUMBNAIL cache_lookup result=hit elapsed_us=3 uri=/run/media/peet/Data-500GB/Work-FB/FB-2016-Plet-Curbs/9c01b034-c565-4e03-a6a9-b32d87023cbc.jpg
PIC_THUMBNAIL cache_lookup result=hit elapsed_us=3 uri=/run/media/peet/Data-500GB/Work-FB/FB-2015-KZN Farm Gates/IMG-20160606-WA004.jpg
PIC_THUMBNAIL cache_lookup result=hit elapsed_us=3 uri=/run/media/peet/Data-500GB/Work-FB/FB-2015-KZN Farm Gates/62aab9f2-0a28-44fe-948d-37d50354b0a9.jpg
PIC_THUMBNAIL cache_lookup result=hit elapsed_us=2 uri=/run/media/peet/Data-500GB/Work-FB/FB-2015-KZN Farm Gates/e5a06434-d80d-4cfe-a7e0-120e2897b241.jpg
PIC_THUMBNAIL cache_lookup result=hit elapsed_us=3 uri=/run/media/peet/Data-500GB/Work-FB/FB-2015-KZN Farm Gates/5de4e7b9-f504-4b48-bc9c-566e8ad7a3e8.jpg
PIC_THUMBNAIL cache_lookup result=hit elapsed_us=8 uri=/run/media/peet/Data-500GB/Work-FB/FB-2015-KZN Farm Gates/f458f510-8555-427a-9a93-1adb29514984.jpg
PIC_THUMBNAIL cache_lookup result=hit elapsed_us=4 uri=/run/media/peet/Data-500GB/Work-FB/FB-2015-KZN Farm Gates/IMG-20160517-WA003.jpg
PIC_THUMBNAIL cache_lookup result=hit elapsed_us=3 uri=/run/media/peet/Data-500GB/Work-FB/FB-2015-KZN Farm Gates/IMG-20160517-WA002.jpg
PIC_THUMBNAIL cache_lookup result=hit elapsed_us=4 uri=/run/media/peet/Data-500GB/Work-FB/FB-2015-KZN Farm Gates/IMG-20160606-WA000.jpg
PIC_THUMBNAIL cache_lookup result=hit elapsed_us=4 uri=/run/media/peet/Data-500GB/Work-FB/FB-2015-KZN Farm Gates/IMG-20160606-WA001.jpg
PIC_THUMBNAIL cache_lookup result=hit elapsed_us=4 uri=/run/media/peet/Data-500GB/Work-FB/FB-2015-KZN Farm Gates/IMG-20160520-WA004.jpg
PIC_THUMBNAIL cache_lookup result=hit elapsed_us=2 uri=/run/media/peet/Data-500GB/Work-FB/FB-2016-Patensie/20160713_131401.jpg
PIC_THUMBNAIL cache_lookup result=hit elapsed_us=2 uri=/run/media/peet/Data-500GB/Work-FB/FB-2016-Patensie/20160713_131357-2.jpg
PIC_THUMBNAIL cache_lookup result=hit elapsed_us=2 uri=/run/media/peet/Data-500GB/Work-FB/FB-2016-Patensie/20160713_131357.jpg
PIC_THUMBNAIL cache_lookup result=hit elapsed_us=2 uri=/run/media/peet/Data-500GB/Work-FB/FB-2016-Patensie/20160713_131349.jpg
PIC_THUMBNAIL cache_lookup result=hit elapsed_us=2 uri=/run/media/peet/Data-500GB/Work-FB/FB-2016-Patensie/20160713_131345.jpg
PIC_THUMBNAIL cache_lookup result=hit elapsed_us=2 uri=/run/media/peet/Data-500GB/Work-FB/FB-2016-Patensie/20160713_131339.jpg
PIC_THUMBNAIL cache_lookup result=hit elapsed_us=2 uri=/run/media/peet/Data-500GB/Work-FB/FB-2016-Patensie/20160713_131336.jpg
PIC_THUMBNAIL cache_lookup result=hit elapsed_us=3 uri=/run/media/peet/Data-500GB/Work-FB/FB-2016-Patensie/20160713_131307.jpg
PIC_THUMBNAIL cache_lookup result=hit elapsed_us=4 uri=/run/media/peet/Data-500GB/Work-FB/FB-2016-Patensie/20160713_131302.jpg
PIC_THUMBNAIL cache_lookup result=hit elapsed_us=3 uri=/run/media/peet/Data-500GB/Work-FB/FB-2016-Patensie/20160713_130955.jpg
PIC_THUMBNAIL cache_lookup result=hit elapsed_us=2 uri=/run/media/peet/Data-500GB/Work-FB/FB-2016-Patensie/20160713_130950.jpg
PIC_THUMBNAIL cache_lookup result=hit elapsed_us=2 uri=/run/media/peet/Data-500GB/Work-FB/FB-2015-KZN Farm Gates/20160602_143954.jpg
PIC_THUMBNAIL cache_lookup result=hit elapsed_us=4 uri=/run/media/peet/Data-500GB/Work-FB/FB-2015-KZN Farm Gates/20160602_095003.jpg
PIC_THUMBNAIL cache_lookup result=hit elapsed_us=3 uri=/run/media/peet/Data-500GB/Work-FB/FB-2015-KZN Farm Gates/20160602_094140.jpg
PIC_THUMBNAIL cache_lookup result=hit elapsed_us=2 uri=/run/media/peet/Data-500GB/Work-FB/FB-2015-KZN Farm Gates/20160602_091240.jpg
PIC_THUMBNAIL cache_lookup result=hit elapsed_us=2 uri=/run/media/peet/Data-500GB/Work-FB/FB-2015-KZN Farm Gates/20160602_083944.jpg
PIC_THUMBNAIL cache_lookup result=hit elapsed_us=3 uri=/run/media/peet/Data-500GB/Work-FB/FB-2015-KZN Farm Gates/20160521_140108.jpg
PIC_THUMBNAIL cache_lookup result=hit elapsed_us=3 uri=/run/media/peet/Data-500GB/Work-FB/FB-2015-KZN Farm Gates/20160321_140117.jpg
PIC_THUMBNAIL cache_lookup result=hit elapsed_us=2 uri=/run/media/peet/Data-500GB/Work-FB/FB-2015-KZN Farm Gates/20160318_145416.jpg
PIC_THUMBNAIL cache_lookup result=hit elapsed_us=4 uri=/run/media/peet/Data-500GB/Work-FB/FB-2015-KZN Farm Gates/20160318_082804.jpg
PIC_THUMBNAIL cache_lookup result=hit elapsed_us=4 uri=/run/media/peet/A2E00CB6E00C92A9/temp/FB-2026-Welding Workers/VID_0596.jpg
PIC_THUMBNAIL cache_lookup result=hit elapsed_us=4 uri=/run/media/peet/A2E00CB6E00C92A9/temp/FB-2026-Welding Workers/VID_0515.jpg
PIC_THUMBNAIL cache_lookup result=hit elapsed_us=4 uri=/run/media/peet/A2E00CB6E00C92A9/temp/FB-2026-Welding Workers/VID_0503.jpg
PIC_THUMBNAIL cache_lookup result=hit elapsed_us=4 uri=/run/media/peet/Data-500GB/Work-FB/FB-2026-Steel Palisade/VID_9636.jpg
PIC_THUMBNAIL cache_lookup result=hit elapsed_us=4 uri=/run/media/peet/Data-500GB/Work-FB/FB-2026-Steel Palisade/VID_9625.jpg
PIC_THUMBNAIL cache_lookup result=hit elapsed_us=4 uri=/run/media/peet/Data-500GB/Work-FB/FB-2026-Steel Palisade/VID_9620.jpg
PIC_THUMBNAIL cache_lookup result=hit elapsed_us=4 uri=/run/media/peet/Data-500GB/Work-FB/FB-Staff-Bokkie/VID_9552.jpg
PIC_THUMBNAIL cache_lookup result=hit elapsed_us=4 uri=/run/media/peet/Data-500GB/Work-FB/FB-Staff-Bokkie/VID_9549-Edit.jpg
PIC_THUMBNAIL cache_lookup result=hit elapsed_us=4 uri=/run/media/peet/Data-500GB/Work-FB/FB-Staff-Bokkie/VID_9549.jpg
PIC_THUMBNAIL cache_lookup result=hit elapsed_us=4 uri=/run/media/peet/Data-500GB/Work-FB/FB-Staff-Bokkie/VID_9546.jpg
PIC_THUMBNAIL cache_lookup result=hit elapsed_us=4 uri=/run/media/peet/Data-500GB/Work-FB/FB-Staff-Bokkie/VID_9542.jpg
PIC_THUMBNAIL cache_lookup result=hit elapsed_us=3 uri=/run/media/peet/Data-500GB/Work-FB/FB-Staff-Bokkie/VID_9530.jpg
PIC_THUMBNAIL cache_lookup result=hit elapsed_us=4 uri=/run/media/peet/Data-500GB/Work-FB/FB-Staff-Bokkie/VID_9527.jpg
PIC_THUMBNAIL cache_lookup result=hit elapsed_us=4 uri=/run/media/peet/Data-500GB/Work-FB/FB-Staff-Bokkie/VID_9524.jpg
PIC_THUMBNAIL cache_lookup result=hit elapsed_us=4 uri=/run/media/peet/Data-500GB/Work-FB/FB-Staff-Bokkie/VID_9523.jpg
PIC_THUMBNAIL cache_lookup result=hit elapsed_us=2 uri=/run/media/peet/A2E00CB6E00C92A9/temp/FB-Covers/VID_9001.jpg
PIC_THUMBNAIL cache_lookup result=hit elapsed_us=2 uri=/run/media/peet/Data-500GB/Work-FB/FB-2015-Mercedes/VID_8992.jpg
PIC_THUMBNAIL cache_lookup result=hit elapsed_us=2 uri=/run/media/peet/Data-500GB/Work-FB/FB-2015-Mercedes/VID_8990.jpg
PIC_THUMBNAIL cache_lookup result=hit elapsed_us=2 uri=/run/media/peet/Data-500GB/Work-FB/FB-2015-Mercedes/VID_8986.jpg
PIC_THUMBNAIL cache_lookup result=hit elapsed_us=2 uri=/run/media/peet/Data-500GB/Work-FB/FB-2015-Mercedes/VID_8983.jpg
PIC_THUMBNAIL cache_lookup result=hit elapsed_us=2 uri=/run/media/peet/Data-500GB/Work-FB/FB-2015-Mercedes/VID_8981.jpg
PIC_THUMBNAIL cache_lookup result=hit elapsed_us=4 uri=/run/media/peet/Data-500GB/Work-FB/FB-2015-Mercedes/VID_8980.jpg
PIC_THUMBNAIL cache_lookup result=hit elapsed_us=4 uri=/run/media/peet/Data-500GB/Work-FB/FB-2015-Mercedes/VID_8979.jpg
PIC_THUMBNAIL cache_lookup result=hit elapsed_us=3 uri=/run/media/peet/Data-500GB/Work-FB/FB-2015-Mercedes/VID_8978.jpg
PIC_THUMBNAIL cache_lookup result=hit elapsed_us=2 uri=/run/media/peet/Data-500GB/Work-FB/FB-2015-Mercedes/VID_8976.jpg
PIC_THUMBNAIL cache_lookup result=hit elapsed_us=4 uri=/run/media/peet/Data-500GB/Work-FB/FB-2015-Mercedes/VID_8974.jpg
PIC_THUMBNAIL cache_lookup result=hit elapsed_us=3 uri=/run/media/peet/Data-500GB/Work-FB/FB-2015-Mercedes/VID_8972.jpg
PIC_THUMBNAIL cache_lookup result=hit elapsed_us=4 uri=/run/media/peet/Data-500GB/Work-FB/FB-2015-Mercedes/VID_8969.jpg
PIC_THUMBNAIL cache_lookup result=hit elapsed_us=4 uri=/run/media/peet/A2E00CB6E00C92A9/temp/FB-Covers/VID_8948.jpg
PIC_THUMBNAIL cache_lookup result=hit elapsed_us=4 uri=/run/media/peet/A2E00CB6E00C92A9/temp/FB-Covers/VID_8947.jpg
PIC_THUMBNAIL cache_lookup result=hit elapsed_us=2 uri=/run/media/peet/A2E00CB6E00C92A9/temp/FB-Covers/VID_8946-2.jpg
PIC_THUMBNAIL cache_lookup result=hit elapsed_us=2 uri=/run/media/peet/A2E00CB6E00C92A9/temp/FB-Covers/VID_8944.jpg
PIC_THUMBNAIL cache_lookup result=hit elapsed_us=4 uri=/run/media/peet/Data-500GB/Work-FB/FB-2015-Zwide/VID_8007.jpg
PIC_THUMBNAIL cache_lookup result=hit elapsed_us=4 uri=/run/media/peet/Data-500GB/Work-FB/FB-2015-Zwide/VID_8002.jpg
PIC_THUMBNAIL cache_lookup result=hit elapsed_us=4 uri=/run/media/peet/Data-500GB/Work-FB/FB-2015-Zwide/VID_8001.jpg
PIC_THUMBNAIL cache_lookup result=hit elapsed_us=2 uri=/run/media/peet/Data-500GB/Work-FB/FB-2015-Zwide/VID_7990.jpg
PIC_THUMBNAIL cache_lookup result=hit elapsed_us=3 uri=/run/media/peet/Data-500GB/Work-FB/FB-2015-Zwide/VID_7970.jpg
PIC_THUMBNAIL cache_lookup result=hit elapsed_us=4 uri=/run/media/peet/Data-500GB/Work-FB/FB-2015-Zwide/VID_7967.jpg
PIC_THUMBNAIL cache_lookup result=hit elapsed_us=3 uri=/run/media/peet/Data-500GB/Work-FB/FB-2015-Zwide/VID_7966.jpg
PIC_THUMBNAIL cache_lookup result=hit elapsed_us=4 uri=/run/media/peet/Data-500GB/Work-FB/FB-2015-Zwide/VID_7965.jpg
PIC_THUMBNAIL cache_lookup result=hit elapsed_us=2 uri=/run/media/peet/Data-500GB/Work-FB/FB-2015-Zwide/VID_7958.jpg
PIC_THUMBNAIL cache_lookup result=hit elapsed_us=2 uri=/run/media/peet/Data-500GB/Work-FB/FB-2015-Zwide/VID_7956.jpg
PIC_THUMBNAIL cache_lookup result=hit elapsed_us=4 uri=/run/media/peet/Data-500GB/Work-FB/FB-2015-Zwide/VID_7953.jpg
PIC_THUMBNAIL cache_lookup result=hit elapsed_us=4 uri=/run/media/peet/Data-500GB/Work-FB/FB-2015-Zwide/VID_7949.jpg
PIC_THUMBNAIL cache_lookup result=hit elapsed_us=3 uri=/run/media/peet/Data-500GB/Work-FB/FB-2015-Zwide/VID_7935.jpg
PIC_THUMBNAIL cache_lookup result=hit elapsed_us=3 uri=/run/media/peet/Data-500GB/Work-FB/FB-2015-Zwide/VID_7932.jpg
PIC_THUMBNAIL cache_lookup result=hit elapsed_us=4 uri=/run/media/peet/Data-500GB/Work-FB/FB-2015-Zwide/VID_7929.jpg
PIC_THUMBNAIL cache_lookup result=hit elapsed_us=4 uri=/run/media/peet/Data-500GB/Work-FB/FB-2015-Zwide/VID_7924.jpg
PIC_THUMBNAIL cache_lookup result=hit elapsed_us=2 uri=/run/media/peet/Data-500GB/Work-FB/FB-2015-Zwide/VID_7919.jpg
PIC_THUMBNAIL cache_lookup result=hit elapsed_us=2 uri=/run/media/peet/Data-500GB/Work-FB/FB-2015-Zwide/VID_7905.jpg
PIC_THUMBNAIL cache_lookup result=hit elapsed_us=4 uri=/run/media/peet/Data-500GB/Work-FB/FB-2015-Zwide/VID_7898.jpg
PIC_THUMBNAIL cache_lookup result=hit elapsed_us=3 uri=/run/media/peet/Data-500GB/Work-FB/FB-2015-Zwide/VID_7895.jpg
PIC_THUMBNAIL cache_lookup result=hit elapsed_us=3 uri=/run/media/peet/Data-500GB/Work-FB/FB-2015-Zwide/VID_7887.jpg
PIC_THUMBNAIL cache_lookup result=hit elapsed_us=4 uri=/run/media/peet/Data-500GB/Work-FB/FB-2015-Zwide/VID_7882.jpg
PIC_THUMBNAIL cache_lookup result=hit elapsed_us=3 uri=/run/media/peet/Data-500GB/Work-FB/FB-2015-Zwide/VID_7880.jpg
PIC_THUMBNAIL cache_lookup result=hit elapsed_us=4 uri=/run/media/peet/Data-500GB/Work-FB/FB-2015-Zwide/VID_7871.jpg
PIC_THUMBNAIL cache_lookup result=hit elapsed_us=3 uri=/run/media/peet/Data-500GB/Work-FB/FB-2015-Zwide/VID_7867.jpg
PIC_THUMBNAIL cache_lookup result=hit elapsed_us=2 uri=/run/media/peet/Data-500GB/Work-FB/FB-2015-Zwide/VID_7856.jpg
PIC_THUMBNAIL cache_lookup result=hit elapsed_us=2 uri=/run/media/peet/Data-500GB/Work-FB/FB-2015-Zwide/VID_7854.jpg
PIC_THUMBNAIL cache_lookup result=hit elapsed_us=2 uri=/run/media/peet/Data-500GB/Work-FB/FB-2015-Zwide/VID_7852.jpg
PIC_THUMBNAIL cache_lookup result=hit elapsed_us=4 uri=/run/media/peet/Data-500GB/Work-FB/FB-2015-Zwide/VID_7850.jpg
PIC_THUMBNAIL cache_lookup result=hit elapsed_us=4 uri=/run/media/peet/Data-500GB/Work-FB/FB-2015-Zwide/VID_7849.jpg
PIC_THUMBNAIL cache_lookup result=hit elapsed_us=4 uri=/run/media/peet/Data-500GB/Work-FB/FB-2015-Zwide/VID_7845.jpg
PIC_THUMBNAIL cache_lookup result=hit elapsed_us=2 uri=/run/media/peet/Data-500GB/Work-FB/FB-2015-Zwide/VID_7844-2.jpg
PIC_THUMBNAIL cache_lookup result=hit elapsed_us=3 uri=/run/media/peet/Data-500GB/Work-FB/FB-2015-Zwide/VID_7844.jpg
PIC_THUMBNAIL cache_lookup result=hit elapsed_us=3 uri=/run/media/peet/Data-500GB/Work-FB/FB-2015-Zwide/VID_7843.jpg
PIC_THUMBNAIL cache_lookup result=hit elapsed_us=3 uri=/run/media/peet/Data-500GB/Work-FB/FB-2015-Zwide/VID_7841.jpg
PIC_THUMBNAIL cache_lookup result=hit elapsed_us=3 uri=/run/media/peet/Data-500GB/Work-FB/FB-2015-Zwide/VID_7836.jpg
PIC_THUMBNAIL cache_lookup result=hit elapsed_us=2 uri=/run/media/peet/Data-500GB/Work-FB/FB-2015-Zwide/VID_7833.jpg
PIC_THUMBNAIL cache_lookup result=hit elapsed_us=4 uri=/run/media/peet/Data-500GB/Work-FB/FB-2015-Zwide/VID_7831.jpg
PIC_THUMBNAIL cache_lookup result=hit elapsed_us=4 uri=/run/media/peet/Data-500GB/Work-FB/FB-2015-CPT-Thyspunt/ThysPunt-Caption.png
PIC_THUMBNAIL cache_lookup result=hit elapsed_us=4 uri=/run/media/peet/Data-500GB/Work-FB/FB-2015-CPT-Thyspunt/Thyspunt-HMF-Electric-Fence-Smart-Coil-Intro.jpg
PIC_THUMBNAIL cache_lookup result=hit elapsed_us=4 uri=/run/media/peet/Data-500GB/Work-FB/FB-2026-Barbwire/VID_4201.jpg
PIC_THUMBNAIL cache_lookup result=hit elapsed_us=4 uri=/run/media/peet/Data-500GB/Work-FB/FB-2026-Barbwire/VID_4200.jpg
PIC_THUMBNAIL cache_lookup result=hit elapsed_us=4 uri=/run/media/peet/Data-500GB/Work-FB/FB-2026-Barbwire/VID_4196.jpg
PIC_THUMBNAIL cache_lookup result=hit elapsed_us=4 uri=/run/media/peet/Data-500GB/Work-FB/FB-2026-Barbwire/VID_4195.jpg
PIC_THUMBNAIL cache_lookup result=hit elapsed_us=11 uri=/run/media/peet/Data-500GB/Work-FB/FB-2026-Barbwire/VID_4191.jpg
PIC_THUMBNAIL cache_lookup result=hit elapsed_us=4 uri=/run/media/peet/Data-500GB/Work-FB/FB-2026-Barbwire/VID_4189.jpg
PIC_THUMBNAIL cache_lookup result=hit elapsed_us=3 uri=/run/media/peet/Data-500GB/Work-FB/FB-2026-Barbwire/VID_4187.jpg
PIC_THUMBNAIL cache_lookup result=hit elapsed_us=4 uri=/run/media/peet/Data-500GB/Work-FB/FB-2015-CPT-Thyspunt/VID_4178.jpg
PIC_THUMBNAIL cache_lookup result=hit elapsed_us=4 uri=/run/media/peet/Data-500GB/Work-FB/FB-2015-CPT-Thyspunt/VID_4171.jpg
PIC_THUMBNAIL cache_lookup result=hit elapsed_us=4 uri=/run/media/peet/Data-500GB/Work-FB/FB-2015-CPT-Thyspunt/VID_4165.jpg
PIC_THUMBNAIL cache_lookup result=hit elapsed_us=4 uri=/run/media/peet/Data-500GB/Work-FB/FB-2015-CPT-Thyspunt/VID_4164.jpg
PIC_THUMBNAIL cache_lookup result=hit elapsed_us=4 uri=/run/media/peet/Data-500GB/Work-FB/FB-2015-CPT-Thyspunt/VID_4162.jpg
PIC_THUMBNAIL cache_lookup result=hit elapsed_us=4 uri=/run/media/peet/Data-500GB/Work-FB/FB-2015-CPT-Thyspunt/VID_4161.jpg
PIC_THUMBNAIL cache_lookup result=hit elapsed_us=4 uri=/run/media/peet/Data-500GB/Work-FB/FB-2015-CPT-Thyspunt/VID_4160-2.jpg
PIC_THUMBNAIL cache_lookup result=hit elapsed_us=4 uri=/run/media/peet/Data-500GB/Work-FB/FB-2015-CPT-Thyspunt/VID_4160.jpg
PIC_THUMBNAIL cache_lookup result=hit elapsed_us=5 uri=/run/media/peet/Data-500GB/Work-FB/FB-2015-CPT-Thyspunt/VID_4159.jpg
PIC_THUMBNAIL cache_lookup result=hit elapsed_us=4 uri=/run/media/peet/Data-500GB/Work-FB/FB-2015-CPT-Thyspunt/VID_4157.jpg
PIC_THUMBNAIL cache_lookup result=hit elapsed_us=4 uri=/run/media/peet/Data-500GB/Work-FB/FB-2015-CPT-Thyspunt/VID_4155.jpg
PIC_THUMBNAIL cache_lookup result=hit elapsed_us=3 uri=/run/media/peet/Data-500GB/Work-FB/FB-2015-CPT-Thyspunt/VID_4154.jpg
PIC_THUMBNAIL cache_lookup result=hit elapsed_us=3 uri=/run/media/peet/Data-500GB/Work-FB/FB-2015-CPT-Thyspunt/VID_4153.jpg
PIC_THUMBNAIL cache_lookup result=hit elapsed_us=2 uri=/run/media/peet/Data-500GB/Work-FB/FB-2015-CPT-Thyspunt/VID_4145.jpg
PIC_THUMBNAIL cache_lookup result=hit elapsed_us=3 uri=/run/media/peet/Data-500GB/Work-FB/FB-2015-CPT-Thyspunt/VID_4142.jpg
PIC_THUMBNAIL cache_lookup result=hit elapsed_us=3 uri=/run/media/peet/Data-500GB/Work-FB/FB-2015-CPT-Thyspunt/VID_4139.jpg
PIC_THUMBNAIL cache_lookup result=hit elapsed_us=4 uri=/run/media/peet/Data-500GB/Work-FB/FB-2015-CPT-Thyspunt/VID_4134.jpg
PIC_THUMBNAIL cache_lookup result=hit elapsed_us=3 uri=/run/media/peet/Data-500GB/Work-FB/FB-2015-CPT-Thyspunt/VID_4133.jpg
PIC_THUMBNAIL cache_lookup result=hit elapsed_us=3 uri=/run/media/peet/Data-500GB/Work-FB/FB-2026-RazorWire/VID_4133.jpg
PIC_THUMBNAIL cache_lookup result=hit elapsed_us=4 uri=/run/media/peet/Data-500GB/Work-FB/FB-2015-CPT-Thyspunt/VID_4131.jpg
PIC_THUMBNAIL cache_lookup result=hit elapsed_us=3 uri=/run/media/peet/Data-500GB/Work-FB/FB-2015-CPT-Thyspunt/VID_4130.jpg
PIC_THUMBNAIL cache_lookup result=hit elapsed_us=2 uri=/run/media/peet/Data-500GB/Work-FB/FB-2015-CPT-Thyspunt/VID_4129.jpg
PIC_THUMBNAIL cache_lookup result=hit elapsed_us=2 uri=/run/media/peet/Data-500GB/Work-FB/FB-2015-CPT-Thyspunt/VID_4128.jpg
PIC_THUMBNAIL cache_lookup result=hit elapsed_us=2 uri=/run/media/peet/Data-500GB/Work-FB/FB-2026-RazorWire/VID_4128.jpg
PIC_THUMBNAIL cache_lookup result=hit elapsed_us=2 uri=/run/media/peet/Data-500GB/Work-FB/FB-2015-CPT-Thyspunt/VID_4125.jpg
PIC_THUMBNAIL cache_lookup result=hit elapsed_us=2 uri=/run/media/peet/Data-500GB/Work-FB/FB-2026-RazorWire/VID_4125.jpg
PIC_THUMBNAIL cache_lookup result=hit elapsed_us=2 uri=/run/media/peet/Data-500GB/Work-FB/FB-2015-CPT-Thyspunt/VID_4123.jpg
PIC_THUMBNAIL cache_lookup result=hit elapsed_us=2 uri=/run/media/peet/Data-500GB/Work-FB/FB-2015-CPT-Thyspunt/VID_4122.jpg
PIC_THUMBNAIL cache_lookup result=hit elapsed_us=2 uri=/run/media/peet/Data-500GB/Work-FB/FB-2015-CPT-Thyspunt/VID_4121.jpg
PIC_THUMBNAIL cache_lookup result=hit elapsed_us=2 uri=/run/media/peet/Data-500GB/Work-FB/FB-2026-RazorWire/VID_4120.jpg
PIC_THUMBNAIL cache_lookup result=hit elapsed_us=3 uri=/run/media/peet/Data-500GB/Work-FB/FB-2015-CPT-Thyspunt/VID_4119.jpg
PIC_THUMBNAIL cache_lookup result=hit elapsed_us=2 uri=/run/media/peet/Data-500GB/Work-FB/FB-2015-CPT-Thyspunt/VID_4118.jpg
PIC_THUMBNAIL cache_lookup result=hit elapsed_us=2 uri=/run/media/peet/Data-500GB/Work-FB/FB-2026-RazorWire/VID_4118.jpg
PIC_THUMBNAIL cache_lookup result=hit elapsed_us=3 uri=/run/media/peet/Data-500GB/Work-FB/FB-2015-CPT-Thyspunt/VID_4116.jpg
PIC_THUMBNAIL cache_lookup result=hit elapsed_us=2 uri=/run/media/peet/Data-500GB/Work-FB/FB-2015-CPT-Thyspunt/VID_4111.jpg
PIC_THUMBNAIL cache_lookup result=hit elapsed_us=2 uri=/run/media/peet/Data-500GB/Work-FB/FB-2015-CPT-Thyspunt/VID_4096.jpg
PIC_THUMBNAIL cache_lookup result=hit elapsed_us=2 uri=/run/media/peet/Data-500GB/Work-FB/FB-2015-CPT-Thyspunt/VID_4094.jpg
PIC_THUMBNAIL cache_lookup result=hit elapsed_us=2 uri=/run/media/peet/Data-500GB/Work-FB/FB-2015-CPT-Thyspunt/VID_4083.jpg
PIC_THUMBNAIL cache_lookup result=hit elapsed_us=2 uri=/run/media/peet/Data-500GB/Work-FB/FB-2026-RazorWire/VID_4083.jpg
PIC_THUMBNAIL cache_lookup result=hit elapsed_us=2 uri=/run/media/peet/Data-500GB/Work-FB/FB-2015-CPT-Thyspunt/VID_4082.jpg
PIC_THUMBNAIL cache_lookup result=hit elapsed_us=2 uri=/run/media/peet/Data-500GB/Work-FB/FB-2026-RazorWire/VID_4082.jpg
PIC_THUMBNAIL cache_lookup result=hit elapsed_us=2 uri=/run/media/peet/Data-500GB/Work-FB/FB-2015-CPT-Thyspunt/VID_4081.jpg
PIC_THUMBNAIL cache_lookup result=hit elapsed_us=2 uri=/run/media/peet/Data-500GB/Work-FB/FB-2026-RazorWire/VID_4080.jpg
PIC_THUMBNAIL cache_lookup result=hit elapsed_us=3 uri=/run/media/peet/Data-500GB/Work-FB/FB-2015-CPT-Thyspunt/VID_4079.jpg
PIC_THUMBNAIL cache_lookup result=hit elapsed_us=3 uri=/run/media/peet/Data-500GB/Work-FB/FB-2026-RazorWire/VID_4078.jpg
PIC_THUMBNAIL cache_lookup result=hit elapsed_us=2 uri=/run/media/peet/Data-500GB/Work-FB/FB-2015-CPT-Thyspunt/VID_4077.jpg
PIC_THUMBNAIL cache_lookup result=hit elapsed_us=2 uri=/run/media/peet/Data-500GB/Work-FB/FB-2015-CPT-Thyspunt/VID_4075.jpg
PIC_THUMBNAIL cache_lookup result=hit elapsed_us=3 uri=/run/media/peet/Data-500GB/Work-FB/FB-2015-CPT-Thyspunt/VID_4074.jpg
PIC_THUMBNAIL cache_lookup result=hit elapsed_us=3 uri=/run/media/peet/Data-500GB/Work-FB/FB-2026-RazorWire/VID_4074.jpg
PIC_THUMBNAIL cache_lookup result=hit elapsed_us=3 uri=/run/media/peet/Data-500GB/Work-FB/FB-2026-RazorWire/VID_4070.jpg
PIC_THUMBNAIL cache_lookup result=hit elapsed_us=3 uri=/run/media/peet/Data-500GB/Work-FB/FB-2015-CPT-Thyspunt/VID_4069.jpg
PIC_THUMBNAIL cache_lookup result=hit elapsed_us=2 uri=/run/media/peet/Data-500GB/Work-FB/FB-2026-RazorWire/VID_4065.jpg
PIC_THUMBNAIL cache_lookup result=hit elapsed_us=2 uri=/run/media/peet/Data-500GB/Work-FB/FB-2015-CPT-Thyspunt/VID_4063.jpg
PIC_THUMBNAIL cache_lookup result=hit elapsed_us=2 uri=/run/media/peet/Data-500GB/Work-FB/FB-2015-CPT-Thyspunt/VID_4061.jpg
PIC_THUMBNAIL cache_lookup result=hit elapsed_us=2 uri=/run/media/peet/Data-500GB/Work-FB/FB-2015-CPT-Thyspunt/VID_4058.jpg
PIC_THUMBNAIL cache_lookup result=hit elapsed_us=2 uri=/run/media/peet/Data-500GB/Work-FB/FB-2015-CPT-Thyspunt/VID_4054.jpg
PIC_THUMBNAIL cache_lookup result=hit elapsed_us=2 uri=/run/media/peet/Data-500GB/Work-FB/FB-2015-CPT--PaleisHeuwel/VID_3816.jpg
PIC_THUMBNAIL cache_lookup result=hit elapsed_us=2 uri=/run/media/peet/Data-500GB/Work-FB/FB-2015-CPT--PaleisHeuwel/VID_3808.jpg
PIC_THUMBNAIL cache_lookup result=hit elapsed_us=3 uri=/run/media/peet/Data-500GB/Work-FB/FB-2015-CPT--PaleisHeuwel/VID_3807.jpg
PIC_THUMBNAIL cache_lookup result=hit elapsed_us=2 uri=/run/media/peet/Data-500GB/Work-FB/FB-2015-CPT--PaleisHeuwel/VID_3803.jpg
PIC_THUMBNAIL cache_lookup result=hit elapsed_us=2 uri=/run/media/peet/Data-500GB/Work-FB/FB-2015-CPT--PaleisHeuwel/VID_3799.jpg
PIC_THUMBNAIL cache_lookup result=hit elapsed_us=2 uri=/run/media/peet/Data-500GB/Work-FB/FB-2015-CPT--PaleisHeuwel/IONX0349.jpg
PIC_THUMBNAIL cache_lookup result=hit elapsed_us=3 uri=/run/media/peet/Data-500GB/Work-FB/FB-2015-CPT--PaleisHeuwel/IONX0348.jpg
PIC_THUMBNAIL cache_lookup result=hit elapsed_us=2 uri=/run/media/peet/Data-500GB/Work-FB/FB-2015-CPT--PaleisHeuwel/VID_3795.jpg
PIC_THUMBNAIL cache_lookup result=hit elapsed_us=3 uri=/run/media/peet/Data-500GB/Work-FB/FB-2015-CPT--PaleisHeuwel/VID_3794.jpg
PIC_THUMBNAIL cache_lookup result=hit elapsed_us=3 uri=/run/media/peet/Data-500GB/Work-FB/FB-2015-CPT--PaleisHeuwel/VID_3776.jpg
PIC_THUMBNAIL cache_lookup result=hit elapsed_us=3 uri=/run/media/peet/Data-500GB/Work-FB/FB-2015-CPT--PaleisHeuwel/VID_3773.jpg
PIC_THUMBNAIL cache_lookup result=hit elapsed_us=3 uri=/run/media/peet/Data-500GB/Work-FB/FB-2015-CPT--PaleisHeuwel/VID_3772.jpg
PIC_THUMBNAIL cache_lookup result=hit elapsed_us=2 uri=/run/media/peet/Data-500GB/Work-FB/FB-2015-CPT--PaleisHeuwel/VID_3768.jpg
PIC_THUMBNAIL cache_lookup result=hit elapsed_us=3 uri=/run/media/peet/Data-500GB/Work-FB/FB-2015-CPT--PaleisHeuwel/VID_3761.jpg
PIC_THUMBNAIL cache_lookup result=hit elapsed_us=3 uri=/run/media/peet/Data-500GB/Work-FB/FB-2015-CPT--PaleisHeuwel/VID_3755.jpg
PIC_THUMBNAIL cache_lookup result=hit elapsed_us=3 uri=/run/media/peet/Data-500GB/Work-FB/FB-2015-CPT--PaleisHeuwel/VID_3749.jpg
PIC_THUMBNAIL cache_lookup result=hit elapsed_us=3 uri=/run/media/peet/Data-500GB/Work-FB/FB-2015-CPT--PaleisHeuwel/VID_3745.jpg
PIC_THUMBNAIL cache_lookup result=hit elapsed_us=3 uri=/run/media/peet/Data-500GB/Work-FB/FB-2015-CPT--PaleisHeuwel/VID_3743.jpg
PIC_THUMBNAIL cache_lookup result=hit elapsed_us=2 uri=/run/media/peet/Data-500GB/Work-FB/FB-2015-CPT--PaleisHeuwel/VID_3739.jpg
PIC_THUMBNAIL cache_lookup result=hit elapsed_us=3 uri=/run/media/peet/Data-500GB/Work-FB/FB-2015-CPT--PaleisHeuwel/VID_3738.jpg
PIC_THUMBNAIL cache_lookup result=hit elapsed_us=2 uri=/run/media/peet/Data-500GB/Work-FB/FB-2015-CPT--PaleisHeuwel/VID_3735.jpg
PIC_THUMBNAIL cache_lookup result=hit elapsed_us=2 uri=/run/media/peet/Data-500GB/Work-FB/FB-2015-CPT--PaleisHeuwel/VID_3731.jpg
PIC_THUMBNAIL cache_lookup result=hit elapsed_us=2 uri=/run/media/peet/Data-500GB/Work-FB/FB-2015-CPT--PaleisHeuwel/VID_3724.jpg
PIC_THUMBNAIL cache_lookup result=hit elapsed_us=2 uri=/run/media/peet/Data-500GB/Work-FB/FB-2015-CPT--PaleisHeuwel/VID_3722.jpg
PIC_THUMBNAIL cache_lookup result=hit elapsed_us=2 uri=/run/media/peet/Data-500GB/Work-FB/FB-2015-CPT--PaleisHeuwel/VID_3721.jpg
PIC_THUMBNAIL cache_lookup result=hit elapsed_us=2 uri=/run/media/peet/Data-500GB/Work-FB/FB-2015-CPT--PaleisHeuwel/VID_3720.jpg
PIC_THUMBNAIL cache_lookup result=hit elapsed_us=2 uri=/run/media/peet/Data-500GB/Work-FB/FB-2015-CPT--PaleisHeuwel/VID_3717.jpg
PIC_THUMBNAIL cache_lookup result=hit elapsed_us=2 uri=/run/media/peet/Data-500GB/Work-FB/FB-2015-CPT--PaleisHeuwel/VID_3716.jpg
PIC_THUMBNAIL cache_lookup result=hit elapsed_us=2 uri=/run/media/peet/Data-500GB/Work-FB/FB-2015-CPT--PaleisHeuwel/VID_3710.jpg
PIC_THUMBNAIL cache_lookup result=hit elapsed_us=2 uri=/run/media/peet/Data-500GB/Work-FB/FB-2015-CPT--PaleisHeuwel/VID_3706.jpg
PIC_THUMBNAIL cache_lookup result=hit elapsed_us=2 uri=/run/media/peet/Data-500GB/Work-FB/FB-2015-CPT--PaleisHeuwel/VID_3704.jpg
PIC_THUMBNAIL cache_lookup result=hit elapsed_us=2 uri=/run/media/peet/Data-500GB/Work-FB/FB-2015-CPT--PaleisHeuwel/VID_3699.jpg
PIC_THUMBNAIL cache_lookup result=hit elapsed_us=2 uri=/run/media/peet/Data-500GB/Work-FB/FB-2015-CPT--PaleisHeuwel/VID_3698.jpg
PIC_THUMBNAIL cache_lookup result=hit elapsed_us=2 uri=/run/media/peet/Data-500GB/Work-FB/FB-2015-CPT--PaleisHeuwel/VID_3696.jpg
PIC_THUMBNAIL cache_lookup result=hit elapsed_us=2 uri=/run/media/peet/Data-500GB/Work-FB/FB-2015-CPT--PaleisHeuwel/VID_3694.jpg
PIC_THUMBNAIL cache_lookup result=hit elapsed_us=2 uri=/run/media/peet/Data-500GB/Work-FB/FB-2015-CPT--PaleisHeuwel/VID_3691.jpg
PIC_THUMBNAIL cache_lookup result=hit elapsed_us=2 uri=/run/media/peet/Data-500GB/Work-FB/FB-2015-CPT--PaleisHeuwel/VID_3687.jpg
PIC_THUMBNAIL cache_lookup result=hit elapsed_us=2 uri=/run/media/peet/Data-500GB/Work-FB/FB-2015-CPT--PaleisHeuwel/VID_3682.jpg
PIC_THUMBNAIL cache_lookup result=hit elapsed_us=2 uri=/run/media/peet/Data-500GB/Work-FB/FB-2015-CPT--PaleisHeuwel/VID_3679.jpg
PIC_THUMBNAIL cache_lookup result=hit elapsed_us=2 uri=/run/media/peet/Data-500GB/Work-FB/FB-2015-CPT--PaleisHeuwel/VID_3676.jpg
PIC_THUMBNAIL cache_lookup result=hit elapsed_us=2 uri=/run/media/peet/Data-500GB/Work-FB/FB-2015-CPT--PaleisHeuwel/VID_3675.jpg
PIC_THUMBNAIL cache_lookup result=hit elapsed_us=2 uri=/run/media/peet/Data-500GB/Work-FB/FB-2015-CPT--PaleisHeuwel/VID_3670.jpg
PIC_THUMBNAIL cache_lookup result=hit elapsed_us=2 uri=/run/media/peet/Data-500GB/Work-FB/FB-2015-CPT--PaleisHeuwel/VID_3661.jpg
PIC_THUMBNAIL cache_lookup result=hit elapsed_us=2 uri=/run/media/peet/Data-500GB/Work-FB/FB-2015-CPT--PaleisHeuwel/VID_3652.jpg
PIC_THUMBNAIL cache_lookup result=hit elapsed_us=2 uri=/run/media/peet/Data-500GB/Work-FB/FB-2015-CPT--PaleisHeuwel/VID_3650.jpg
PIC_THUMBNAIL cache_lookup result=hit elapsed_us=2 uri=/run/media/peet/Data-500GB/Work-FB/FB-2015-CPT--PaleisHeuwel/VID_3643.jpg
PIC_THUMBNAIL cache_lookup result=hit elapsed_us=2 uri=/run/media/peet/Data-500GB/Work-FB/FB-2015-CPT--PaleisHeuwel/VID_3641.jpg
PIC_THUMBNAIL cache_lookup result=hit elapsed_us=2 uri=/run/media/peet/Data-500GB/Work-FB/FB-2015-CPT--PaleisHeuwel/VID_3637.jpg
PIC_THUMBNAIL cache_lookup result=hit elapsed_us=2 uri=/run/media/peet/Data-500GB/Work-FB/FB-2015-CPT--PaleisHeuwel/VID_3635.jpg
PIC_THUMBNAIL cache_lookup result=hit elapsed_us=2 uri=/run/media/peet/Data-500GB/Work-FB/FB-2015-CPT--PaleisHeuwel/VID_3629.jpg
PIC_THUMBNAIL cache_lookup result=hit elapsed_us=3 uri=/run/media/peet/Data-500GB/Work-FB/FB-2015-CPT--PaleisHeuwel/IONX0278.jpg
PIC_THUMBNAIL cache_lookup result=hit elapsed_us=2 uri=/run/media/peet/A2E00CB6E00C92A9/temp/FB-2026-Welding Workers/VID_3547.jpg
PIC_THUMBNAIL cache_lookup result=hit elapsed_us=2 uri=/run/media/peet/A2E00CB6E00C92A9/temp/FB-2026-Welding Workers/VID_3294.jpg
PIC_THUMBNAIL cache_lookup result=hit elapsed_us=2 uri=/run/media/peet/A2E00CB6E00C92A9/temp/FB-2026-Welding Workers/VID_3224.jpg
PIC_THUMBNAIL cache_lookup result=hit elapsed_us=2 uri=/run/media/peet/A2E00CB6E00C92A9/temp/FB-2026-Welding Workers/VID_3222.jpg
PIC_THUMBNAIL cache_lookup result=hit elapsed_us=2 uri=/run/media/peet/Data-500GB/Work-FB/FB-2015-Advice Centre/Advice-7.jpg
PIC_THUMBNAIL cache_lookup result=hit elapsed_us=2 uri=/run/media/peet/Data-500GB/Work-FB/FB-2015-Advice Centre/Advice-4.jpg
PIC_THUMBNAIL cache_lookup result=hit elapsed_us=3 uri=/run/media/peet/Data-500GB/Work-FB/FB-2015-Advice Centre/Advice-3.jpg
PIC_THUMBNAIL cache_lookup result=hit elapsed_us=2 uri=/run/media/peet/Data-500GB/Work-FB/FB-2026-Steel Barriers/VID_2542.jpg
PIC_THUMBNAIL cache_lookup result=hit elapsed_us=2 uri=/run/media/peet/Data-500GB/Work-FB/FB-2015-Advice Centre/VID_2541.jpg
PIC_THUMBNAIL cache_lookup result=hit elapsed_us=2 uri=/run/media/peet/Data-500GB/Work-FB/FB-2015-Advice Centre/VID_2540.jpg
PIC_THUMBNAIL cache_lookup result=hit elapsed_us=3 uri=/run/media/peet/Data-500GB/Work-FB/FB-2026-Steel Barriers/VID_2540.jpg
PIC_THUMBNAIL cache_lookup result=hit elapsed_us=3 uri=/run/media/peet/Data-500GB/Work-FB/FB-2015-Advice Centre/VID_2537.jpg
PIC_THUMBNAIL cache_lookup result=hit elapsed_us=3 uri=/run/media/peet/Data-500GB/Work-FB/FB-2026-Steel Barriers/VID_2537.jpg
PIC_THUMBNAIL cache_lookup result=hit elapsed_us=3 uri=/run/media/peet/Data-500GB/Work-FB/FB-2015-Advice Centre/VID_2532.jpg
PIC_THUMBNAIL cache_lookup result=hit elapsed_us=3 uri=/run/media/peet/Data-500GB/Work-FB/FB-2026-Steel Barriers/VID_2532.jpg
PIC_THUMBNAIL cache_lookup result=hit elapsed_us=2 uri=/run/media/peet/Data-500GB/Work-FB/FB-2026-Steel Barriers/VID_2531.jpg
PIC_THUMBNAIL cache_lookup result=hit elapsed_us=3 uri=/run/media/peet/Data-500GB/Work-FB/FB-2015-Advice Centre/VID_2526.jpg
PIC_THUMBNAIL cache_lookup result=hit elapsed_us=2 uri=/run/media/peet/Data-500GB/Work-FB/FB-2026-Steel Barriers/VID_2522.jpg
PIC_THUMBNAIL cache_lookup result=hit elapsed_us=2 uri=/run/media/peet/Data-500GB/Work-FB/FB-2015-Advice Centre/VID_2519.jpg
PIC_THUMBNAIL cache_lookup result=hit elapsed_us=2 uri=/run/media/peet/Data-500GB/Work-FB/FB-2026-Steel Barriers/VID_2519.jpg
PIC_THUMBNAIL cache_lookup result=hit elapsed_us=2 uri=/run/media/peet/Data-500GB/Work-FB/FB-2015-Advice Centre/VID_2512.jpg
PIC_THUMBNAIL cache_lookup result=hit elapsed_us=2 uri=/run/media/peet/Data-500GB/Work-FB/FB-2015-Advice Centre/IONX0385.jpg
PIC_THUMBNAIL cache_lookup result=hit elapsed_us=2 uri=/run/media/peet/Data-500GB/Work-FB/FB-2015-Advice Centre/IONX0381.jpg
PIC_THUMBNAIL cache_lookup result=hit elapsed_us=2 uri=/run/media/peet/Data-500GB/Work-FB/FB-2026-Steel Barriers/IONX0381.jpg
PIC_THUMBNAIL cache_lookup result=hit elapsed_us=2 uri=/run/media/peet/Data-500GB/Work-FB/FB-2015-Advice Centre/IONX0374.jpg
PIC_THUMBNAIL cache_lookup result=hit elapsed_us=2 uri=/run/media/peet/Data-500GB/Work-FB/FB-2015-CPT-BuildersW/VID_2488.jpg
PIC_THUMBNAIL cache_lookup result=hit elapsed_us=2 uri=/run/media/peet/Data-500GB/Work-FB/FB-2015-CPT-BuildersW/VID_2487.jpg
PIC_THUMBNAIL cache_lookup result=hit elapsed_us=2 uri=/run/media/peet/Data-500GB/Work-FB/FB-2015-CPT-BuildersW/VID_2484.jpg
PIC_THUMBNAIL cache_lookup result=hit elapsed_us=2 uri=/run/media/peet/Data-500GB/Work-FB/FB-2015-CPT-BuildersW/VID_2483.jpg
PIC_THUMBNAIL cache_lookup result=hit elapsed_us=2 uri=/run/media/peet/Data-500GB/Work-FB/FB-2015-CPT-BuildersW/VID_2480.jpg
PIC_THUMBNAIL cache_lookup result=hit elapsed_us=2 uri=/run/media/peet/Data-500GB/Work-FB/FB-2015-CPT-BuildersW/VID_2470.jpg
PIC_THUMBNAIL cache_lookup result=hit elapsed_us=2 uri=/run/media/peet/Data-500GB/Work-FB/FB-2015-CPT-BuildersW/VID_2464.jpg
PIC_THUMBNAIL cache_lookup result=hit elapsed_us=2 uri=/run/media/peet/Data-500GB/Work-FB/FB-2015-CPT-BuildersW/VID_2459.jpg
PIC_THUMBNAIL cache_lookup result=hit elapsed_us=2 uri=/run/media/peet/Data-500GB/Work-FB/FB-2024-CPT-Value Logistics/VID_2453.jpg
PIC_THUMBNAIL cache_lookup result=hit elapsed_us=3 uri=/run/media/peet/Data-500GB/Work-FB/FB-2015-CPT-ValueLogistics/VID_2447.jpg
PIC_THUMBNAIL cache_lookup result=hit elapsed_us=2 uri=/run/media/peet/Data-500GB/Work-FB/FB-2015-CPT-ValueLogistics/VID_2446.jpg
PIC_THUMBNAIL cache_lookup result=hit elapsed_us=3 uri=/run/media/peet/Data-500GB/Work-FB/FB-2024-CPT-Value-Electric-Fence/VID_2446.jpg
PIC_THUMBNAIL cache_lookup result=hit elapsed_us=3 uri=/run/media/peet/Data-500GB/Work-FB/FB-2015-CPT-ValueLogistics/VID_2445.jpg
PIC_THUMBNAIL cache_lookup result=hit elapsed_us=2 uri=/run/media/peet/Data-500GB/Work-FB/FB-2024-CPT-Value Logistics/VID_2445.jpg
PIC_THUMBNAIL cache_lookup result=hit elapsed_us=2 uri=/run/media/peet/Data-500GB/Work-FB/FB-2015-CPT-ValueLogistics/VID_2444.jpg
PIC_THUMBNAIL cache_lookup result=hit elapsed_us=2 uri=/run/media/peet/Data-500GB/Work-FB/FB-2024-CPT-Value Logistics/VID_2444.jpg
PIC_THUMBNAIL cache_lookup result=hit elapsed_us=2 uri=/run/media/peet/Data-500GB/Work-FB/FB-2015-CPT-ValueLogistics/VID_2442.jpg
PIC_THUMBNAIL cache_lookup result=hit elapsed_us=2 uri=/run/media/peet/Data-500GB/Work-FB/FB-2015-CPT-ValueLogistics/VID_2441.jpg
PIC_THUMBNAIL cache_lookup result=hit elapsed_us=3 uri=/run/media/peet/Data-500GB/Work-FB/FB-2024-CPT-Value Logistics/VID_2441.jpg
PIC_THUMBNAIL cache_lookup result=hit elapsed_us=2 uri=/run/media/peet/Data-500GB/Work-FB/FB-2015-CPT-ValueLogistics/VID_2440.jpg
PIC_THUMBNAIL cache_lookup result=hit elapsed_us=2 uri=/run/media/peet/Data-500GB/Work-FB/FB-2024-CPT-Value-Electric-Fence/VID_2440.jpg
PIC_THUMBNAIL cache_lookup result=hit elapsed_us=3 uri=/run/media/peet/Data-500GB/Work-FB/FB-2024-CPT-Value-Electric-Fence/VID_2439.jpg
PIC_THUMBNAIL cache_lookup result=hit elapsed_us=2 uri=/run/media/peet/Data-500GB/Work-FB/FB-2015-CPT-ValueLogistics/VID_2438.jpg
PIC_THUMBNAIL cache_lookup result=hit elapsed_us=2 uri=/run/media/peet/Data-500GB/Work-FB/FB-2024-CPT-Value-Electric-Fence/VID_2438.jpg
PIC_THUMBNAIL cache_lookup result=hit elapsed_us=3 uri=/run/media/peet/Data-500GB/Work-FB/FB-2015-CPT-ValueLogistics/VID_2437.jpg
PIC_THUMBNAIL cache_lookup result=hit elapsed_us=3 uri=/run/media/peet/Data-500GB/Work-FB/FB-2024-CPT-Value-Electric-Fence/VID_2437.jpg
PIC_THUMBNAIL cache_lookup result=hit elapsed_us=2 uri=/run/media/peet/Data-500GB/Work-FB/FB-2015-CPT-ValueLogistics/VID_2436.jpg
PIC_THUMBNAIL cache_lookup result=hit elapsed_us=3 uri=/run/media/peet/Data-500GB/Work-FB/FB-2024-CPT-Value Logistics/VID_2435.jpg
PIC_THUMBNAIL cache_lookup result=hit elapsed_us=2 uri=/run/media/peet/Data-500GB/Work-FB/FB-2015-CPT-ValueLogistics/VID_2434.jpg
PIC_THUMBNAIL cache_lookup result=hit elapsed_us=3 uri=/run/media/peet/Data-500GB/Work-FB/FB-2015-CPT-ValueLogistics/VID_2433.jpg
PIC_THUMBNAIL cache_lookup result=hit elapsed_us=3 uri=/run/media/peet/Data-500GB/Work-FB/FB-2015-CPT-ValueLogistics/VID_2432.jpg
PIC_THUMBNAIL cache_lookup result=hit elapsed_us=2 uri=/run/media/peet/Data-500GB/Work-FB/FB-2024-CPT-Value Logistics/VID_2432.jpg
PIC_THUMBNAIL cache_lookup result=hit elapsed_us=3 uri=/run/media/peet/Data-500GB/Work-FB/FB-2015-CPT-ValueLogistics/VID_2431.jpg
PIC_THUMBNAIL cache_lookup result=hit elapsed_us=2 uri=/run/media/peet/Data-500GB/Work-FB/FB-2024-CPT-Value Logistics/VID_2431.jpg
PIC_THUMBNAIL cache_lookup result=hit elapsed_us=2 uri=/run/media/peet/Data-500GB/Work-FB/FB-2015-CPT-ValueLogistics/VID_2430.jpg
PIC_THUMBNAIL cache_lookup result=hit elapsed_us=2 uri=/run/media/peet/Data-500GB/Work-FB/FB-2015-CPT-ValueLogistics/VID_2429.jpg
PIC_THUMBNAIL cache_lookup result=hit elapsed_us=2 uri=/run/media/peet/Data-500GB/Work-FB/FB-2024-CPT-Value-Electric-Fence/VID_2429.jpg
PIC_THUMBNAIL cache_lookup result=hit elapsed_us=2 uri=/run/media/peet/Data-500GB/Work-FB/FB-2015-CPT-ValueLogistics/VID_2428.jpg
PIC_THUMBNAIL cache_lookup result=hit elapsed_us=3 uri=/run/media/peet/Data-500GB/Work-FB/FB-2024-CPT-Value-Electric-Fence/VID_2428.jpg
PIC_THUMBNAIL cache_lookup result=hit elapsed_us=2 uri=/run/media/peet/Data-500GB/Work-FB/FB-2015-CPT-ValueLogistics/VID_2427.jpg
PIC_THUMBNAIL cache_lookup result=hit elapsed_us=2 uri=/run/media/peet/Data-500GB/Work-FB/FB-2015-CPT-ValueLogistics/VID_2426.jpg
PIC_THUMBNAIL cache_lookup result=hit elapsed_us=2 uri=/run/media/peet/Data-500GB/Work-FB/FB-2024-CPT-Value Logistics/VID_2426.jpg
PIC_THUMBNAIL cache_lookup result=hit elapsed_us=2 uri=/run/media/peet/Data-500GB/Work-FB/FB-2015-CPT-ValueLogistics/VID_2425.jpg
PIC_THUMBNAIL cache_lookup result=hit elapsed_us=2 uri=/run/media/peet/Data-500GB/Work-FB/FB-2024-CPT-Value Logistics/VID_2424.jpg
PIC_THUMBNAIL cache_lookup result=hit elapsed_us=2 uri=/run/media/peet/Data-500GB/Work-FB/FB-2015-CPT-ValueLogistics/VID_2415.jpg
PIC_THUMBNAIL cache_lookup result=hit elapsed_us=2 uri=/run/media/peet/Data-500GB/Work-FB/FB-2024-CPT-Value-Electric-Fence/VID_2415.jpg
PIC_THUMBNAIL cache_lookup result=hit elapsed_us=2 uri=/run/media/peet/Data-500GB/Work-FB/FB-2015-CPT-ValueLogistics/VID_2412.jpg
PIC_THUMBNAIL cache_lookup result=hit elapsed_us=2 uri=/run/media/peet/Data-500GB/Work-FB/FB-2024-CPT-Value Logistics/VID_2412.jpg
PIC_THUMBNAIL cache_lookup result=hit elapsed_us=2 uri=/run/media/peet/Data-500GB/Work-FB/FB-2024-CPT-Value Logistics/VID_2411.jpg
PIC_THUMBNAIL cache_lookup result=hit elapsed_us=3 uri=/run/media/peet/Data-500GB/Work-FB/FB-2015-CPT-ValueLogistics/VID_2410.jpg
PIC_THUMBNAIL cache_lookup result=hit elapsed_us=3 uri=/run/media/peet/Data-500GB/Work-FB/FB-2024-CPT-Value Logistics/VID_2406.jpg
PIC_THUMBNAIL cache_lookup result=hit elapsed_us=2 uri=/run/media/peet/Data-500GB/Work-FB/FB-Wallpers/VID_2397.jpg
PIC_THUMBNAIL cache_lookup result=hit elapsed_us=2 uri=/run/media/peet/Data-500GB/Work-FB/FB-2015-CPT-Vernon Proof CPT/VID_2388.jpg
PIC_THUMBNAIL cache_lookup result=hit elapsed_us=2 uri=/run/media/peet/Data-500GB/Work-FB/FB-2015-CPT-Vernon Proof CPT/VID_2387.jpg
PIC_THUMBNAIL cache_lookup result=hit elapsed_us=3 uri=/run/media/peet/Data-500GB/Work-FB/FB-2015-CPT-Vernon Proof CPT/VID_2377.jpg
PIC_THUMBNAIL cache_lookup result=hit elapsed_us=3 uri=/run/media/peet/Data-500GB/Work-FB/FB-2015-CPT-Vernon Proof CPT/VID_2367.jpg
PIC_THUMBNAIL cache_lookup result=hit elapsed_us=3 uri=/run/media/peet/Data-500GB/Work-FB/FB-2015-CPT-Vernon Proof CPT/VID_2359.jpg
PIC_THUMBNAIL cache_lookup result=hit elapsed_us=3 uri=/run/media/peet/Data-500GB/Work-FB/FB-2015-CPT-Vernon Proof CPT/VID_2356.jpg
PIC_THUMBNAIL cache_lookup result=hit elapsed_us=2 uri=/run/media/peet/Data-500GB/Work-FB/FB-2024-CPT-Precast/VID_2353.jpg
PIC_THUMBNAIL cache_lookup result=hit elapsed_us=2 uri=/run/media/peet/Data-500GB/Work-FB/FB-2024-CPT-Precast/VID_2352.jpg
PIC_THUMBNAIL cache_lookup result=hit elapsed_us=2 uri=/run/media/peet/Data-500GB/Work-FB/FB-2024-CPT-Precast/VID_2351.jpg
PIC_THUMBNAIL cache_lookup result=hit elapsed_us=2 uri=/run/media/peet/Data-500GB/Work-FB/FB-2024-CPT-Precast/VID_2349.jpg
PIC_THUMBNAIL cache_lookup result=hit elapsed_us=2 uri=/run/media/peet/Data-500GB/Work-FB/FB-2024-CPT-Precast/VID_2339.jpg
PIC_THUMBNAIL cache_lookup result=hit elapsed_us=2 uri=/run/media/peet/Data-500GB/Work-FB/FB-2024-CPT-Precast/VID_2336.jpg
PIC_THUMBNAIL cache_lookup result=hit elapsed_us=2 uri=/run/media/peet/Data-500GB/Work-FB/FB-2024-CPT-Precast/VID_2335.jpg
PIC_THUMBNAIL cache_lookup result=hit elapsed_us=3 uri=/run/media/peet/Data-500GB/Work-FB/FB-2024-CPT-Precast/VID_2334.jpg
PIC_THUMBNAIL cache_lookup result=hit elapsed_us=2 uri=/run/media/peet/Data-500GB/Work-FB/FB-2015-CPT-Sasol/VID_2274.jpg
PIC_THUMBNAIL cache_lookup result=hit elapsed_us=2 uri=/run/media/peet/Data-500GB/Work-FB/FB-2024-CPT-Eskom/VID_2274-2.jpg
PIC_THUMBNAIL cache_lookup result=hit elapsed_us=3 uri=/run/media/peet/Data-500GB/Work-FB/FB-2024-CPT-Eskom/VID_2274.jpg
PIC_THUMBNAIL cache_lookup result=hit elapsed_us=2 uri=/run/media/peet/Data-500GB/Work-FB/FB-2024-CPT-Eskom/VID_2273.jpg
PIC_THUMBNAIL cache_lookup result=hit elapsed_us=2 uri=/run/media/peet/Data-500GB/Work-FB/FB-2015-CPT-Sasol/VID_2272.jpg
PIC_THUMBNAIL cache_lookup result=hit elapsed_us=2 uri=/run/media/peet/Data-500GB/Work-FB/FB-2015-CPT-Sasol/VID_2269.jpg
PIC_THUMBNAIL cache_lookup result=hit elapsed_us=2 uri=/run/media/peet/Data-500GB/Work-FB/FB-2015-CPT-Sasol/VID_2268.jpg
PIC_THUMBNAIL cache_lookup result=hit elapsed_us=2 uri=/run/media/peet/Data-500GB/Work-FB/FB-2024-CPT-Eskom/VID_2267.jpg
PIC_THUMBNAIL cache_lookup result=hit elapsed_us=2 uri=/run/media/peet/Data-500GB/Work-FB/FB-2015-CPT-Sasol/VID_2265.jpg
PIC_THUMBNAIL cache_lookup result=hit elapsed_us=3 uri=/run/media/peet/Data-500GB/Work-FB/FB-2024-CPT-Eskom/VID_2265.jpg
PIC_THUMBNAIL cache_lookup result=hit elapsed_us=3 uri=/run/media/peet/Data-500GB/Work-FB/FB-2024-CPT-Eskom/VID_2259.jpg
PIC_THUMBNAIL cache_lookup result=hit elapsed_us=3 uri=/run/media/peet/Data-500GB/Work-FB/FB-2015-CPT-Sasol/VID_2257.jpg
PIC_THUMBNAIL cache_lookup result=hit elapsed_us=3 uri=/run/media/peet/Data-500GB/Work-FB/FB-2024-CPT-Eskom/VID_2256.jpg
PIC_THUMBNAIL cache_lookup result=hit elapsed_us=3 uri=/run/media/peet/Data-500GB/Work-FB/FB-2024-CPT-Eskom/VID_2254.jpg
PIC_THUMBNAIL cache_lookup result=hit elapsed_us=3 uri=/run/media/peet/Data-500GB/Work-FB/FB-2024-CPT-Eskom/VID_2253.jpg
PIC_THUMBNAIL cache_lookup result=hit elapsed_us=3 uri=/run/media/peet/Data-500GB/Work-FB/FB-2015-CPT-Sasol/VID_2252.jpg
PIC_THUMBNAIL cache_lookup result=hit elapsed_us=2 uri=/run/media/peet/Data-500GB/Work-FB/FB-2024-CPT-Eskom/VID_2252.jpg
PIC_THUMBNAIL cache_lookup result=hit elapsed_us=2 uri=/run/media/peet/Data-500GB/Work-FB/FB-2024-CPT-Eskom/VID_2249.jpg
PIC_THUMBNAIL cache_lookup result=hit elapsed_us=2 uri=/run/media/peet/Data-500GB/Work-FB/FB-2024-CPT-Eskom/VID_2247.jpg
PIC_THUMBNAIL cache_lookup result=hit elapsed_us=2 uri=/run/media/peet/Data-500GB/Work-FB/FB-2015-CPT-Sasol/VID_2246.jpg
PIC_THUMBNAIL cache_lookup result=hit elapsed_us=2 uri=/run/media/peet/Data-500GB/Work-FB/FB-2015-KZN Farm Gates/20150516_140019.jpg
PIC_THUMBNAIL cache_lookup result=hit elapsed_us=2 uri=/run/media/peet/Data-500GB/Work-FB/FB-2015-KZN Farm Gates/20150516_135903.jpg
PIC_THUMBNAIL cache_lookup result=hit elapsed_us=3 uri=/run/media/peet/Data-500GB/Work-FB/FB-2015-KZN Farm Gates/20150516_134850.jpg
PIC_THUMBNAIL cache_lookup result=hit elapsed_us=3 uri=/run/media/peet/Data-500GB/Work-FB/FB-2015-KZN Farm Gates/20150516_133905.jpg
PIC_THUMBNAIL cache_lookup result=hit elapsed_us=3 uri=/run/media/peet/Data-500GB/Work-FB/FB-2015-KZN Farm Gates/20150516_133715.jpg
PIC_THUMBNAIL cache_lookup result=hit elapsed_us=2 uri=/run/media/peet/Data-500GB/Work-FB/FB-2015-KZN Farm Gates/20150516_133706.jpg
PIC_THUMBNAIL cache_lookup result=hit elapsed_us=2 uri=/run/media/peet/Data-500GB/Work-FB/FB-2015-KZN Farm Gates/20150516_133354.jpg
PIC_THUMBNAIL cache_lookup result=hit elapsed_us=2 uri=/run/media/peet/Data-500GB/Work-FB/FB-2015-KZN Farm Gates/20150516_133048.jpg
PIC_THUMBNAIL cache_lookup result=hit elapsed_us=2 uri=/run/media/peet/Data-500GB/Work-FB/FB-2015-KZN Farm Gates/20150516_132534.jpg
PIC_THUMBNAIL cache_lookup result=hit elapsed_us=2 uri=/run/media/peet/Data-500GB/Work-FB/FB-2015-Coverland/iNTRO-cOVERLAND.jpg
PIC_THUMBNAIL cache_lookup result=hit elapsed_us=2 uri=/run/media/peet/Data-500GB/Work-FB/FB-2015-Jansenville/VID_1106.jpg
PIC_THUMBNAIL cache_lookup result=hit elapsed_us=2 uri=/run/media/peet/Data-500GB/Work-FB/FB-2015-Jansenville/VID_1104.jpg
PIC_THUMBNAIL cache_lookup result=hit elapsed_us=2 uri=/run/media/peet/Data-500GB/Work-FB/FB-2015-Jansenville/VID_1101.jpg
PIC_THUMBNAIL cache_lookup result=hit elapsed_us=2 uri=/run/media/peet/Data-500GB/Work-FB/FB-2015-Jansenville/VID_1098.jpg
PIC_THUMBNAIL cache_lookup result=hit elapsed_us=2 uri=/run/media/peet/Data-500GB/Work-FB/FB-2015-Jansenville/VID_1057.jpg
PIC_THUMBNAIL cache_lookup result=hit elapsed_us=3 uri=/run/media/peet/Data-500GB/Work-FB/FB-2015-Jansenville/VID_1055.jpg
PIC_THUMBNAIL cache_lookup result=hit elapsed_us=2 uri=/run/media/peet/Data-500GB/Work-FB/FB-2015-Jansenville/VID_1050.jpg
PIC_THUMBNAIL cache_lookup result=hit elapsed_us=2 uri=/run/media/peet/Data-500GB/Work-FB/FB-2015-Jansenville/VID_1032.jpg
PIC_THUMBNAIL cache_lookup result=hit elapsed_us=2 uri=/run/media/peet/Data-500GB/Work-FB/FB-2015-Jansenville/VID_1031.jpg
PIC_THUMBNAIL cache_lookup result=hit elapsed_us=2 uri=/run/media/peet/Data-500GB/Work-FB/FB-2015-Jansenville/VID_1030.jpg
PIC_THUMBNAIL cache_lookup result=hit elapsed_us=2 uri=/run/media/peet/Data-500GB/Work-FB/FB-2015-Jansenville/VID_1026.jpg
PIC_THUMBNAIL cache_lookup result=hit elapsed_us=2 uri=/run/media/peet/Data-500GB/Work-FB/FB-2015-Jansenville/VID_1019.jpg
PIC_THUMBNAIL cache_lookup result=hit elapsed_us=3 uri=/run/media/peet/Data-500GB/Work-FB/FB-2015-Jansenville/VID_1008.jpg
PIC_THUMBNAIL cache_lookup result=hit elapsed_us=3 uri=/run/media/peet/Data-500GB/Work-FB/FB-2015-Jansenville/VID_1000.jpg
PIC_THUMBNAIL cache_lookup result=hit elapsed_us=3 uri=/run/media/peet/Data-500GB/Work-FB/FB-2015-Jansenville/VID_0998.jpg
PIC_THUMBNAIL cache_lookup result=hit elapsed_us=3 uri=/run/media/peet/Data-500GB/Work-FB/FB-2015-Coverland/VID_0890.jpg
PIC_THUMBNAIL cache_lookup result=hit elapsed_us=2 uri=/run/media/peet/Data-500GB/Work-FB/FB-2015-Coverland/VID_0887.jpg
PIC_THUMBNAIL cache_lookup result=hit elapsed_us=2 uri=/run/media/peet/Data-500GB/Work-FB/FB-2015-Coverland/VID_0883.jpg
PIC_THUMBNAIL cache_lookup result=hit elapsed_us=2 uri=/run/media/peet/Data-500GB/Work-FB/FB-2015-Coverland/VID_0881.jpg
PIC_THUMBNAIL cache_lookup result=hit elapsed_us=2 uri=/run/media/peet/Data-500GB/Work-FB/FB-2015-Coverland/VID_0879.jpg
PIC_THUMBNAIL cache_lookup result=hit elapsed_us=2 uri=/run/media/peet/Data-500GB/Work-FB/FB-2015-Coverland/VID_0878.jpg
PIC_THUMBNAIL cache_lookup result=hit elapsed_us=2 uri=/run/media/peet/Data-500GB/Work-FB/FB-2015-Coverland/VID_0877.jpg
PIC_THUMBNAIL cache_lookup result=hit elapsed_us=2 uri=/run/media/peet/Data-500GB/Work-FB/FB-2015-Coverland/VID_0876.jpg
PIC_THUMBNAIL cache_lookup result=hit elapsed_us=3 uri=/run/media/peet/Data-500GB/Work-FB/FB-2015-Coverland/VID_0871-Edit-2.jpg
PIC_THUMBNAIL cache_lookup result=hit elapsed_us=3 uri=/run/media/peet/Data-500GB/Work-FB/FB-2015-Coverland/VID_0871.jpg
PIC_THUMBNAIL cache_lookup result=hit elapsed_us=3 uri=/run/media/peet/Data-500GB/Work-FB/FB-2015-Coverland/VID_0868.jpg
PIC_THUMBNAIL cache_lookup result=hit elapsed_us=3 uri=/run/media/peet/Data-500GB/Work-FB/FB-2015-Coverland/VID_0867.jpg
PIC_THUMBNAIL cache_lookup result=hit elapsed_us=4 uri=/run/media/peet/Data-500GB/Work-FB/FB-2015-Coverland/VID_0856.jpg
PIC_THUMBNAIL cache_lookup result=hit elapsed_us=3 uri=/run/media/peet/Data-500GB/Work-FB/FB-2015-Coverland/VID_0851.jpg
PIC_THUMBNAIL cache_lookup result=hit elapsed_us=2 uri=/run/media/peet/Data-500GB/Work-FB/FB-2015-Coverland/VID_0850.jpg
PIC_THUMBNAIL cache_lookup result=hit elapsed_us=2 uri=/run/media/peet/Data-500GB/Work-FB/FB-2015-Coverland/VID_0847.jpg
PIC_THUMBNAIL cache_lookup result=hit elapsed_us=3 uri=/run/media/peet/Data-500GB/Work-FB/FB-2015-Coverland/VID_0839.jpg
PIC_THUMBNAIL cache_lookup result=hit elapsed_us=3 uri=/run/media/peet/Data-500GB/Work-FB/FB-2015-Coverland/VID_0835.jpg
PIC_THUMBNAIL cache_lookup result=hit elapsed_us=2 uri=/run/media/peet/Data-500GB/Work-FB/FB-2015-Coverland/VID_0807.jpg
PIC_THUMBNAIL cache_lookup result=hit elapsed_us=2 uri=/run/media/peet/Data-500GB/Work-FB/FB-2015-Coverland/VID_0802.jpg
PIC_THUMBNAIL cache_lookup result=hit elapsed_us=3 uri=/run/media/peet/Data-500GB/Work-FB/FB-2015-Coverland/VID_0793.jpg
PIC_THUMBNAIL cache_lookup result=hit elapsed_us=3 uri=/run/media/peet/Data-500GB/Work-FB/FB-2015-Coverland/VID_0788.jpg
PIC_THUMBNAIL cache_lookup result=hit elapsed_us=2 uri=/run/media/peet/Data-500GB/Work-FB/FB-2015-Fairview Exported/Watermark.png
PIC_THUMBNAIL cache_lookup result=hit elapsed_us=2 uri=/run/media/peet/Data-500GB/Work-FB/FB-2015-Fairview Exported/iNTRO.jpg
PIC_THUMBNAIL cache_lookup result=hit elapsed_us=2 uri=/run/media/peet/Data-500GB/Work-FB/FB-2015-Fairview Exported/VID_9613.jpg
PIC_THUMBNAIL cache_lookup result=hit elapsed_us=2 uri=/run/media/peet/Data-500GB/Work-FB/FB-2015-Fairview Exported/VID_9608.jpg
PIC_THUMBNAIL cache_lookup result=hit elapsed_us=2 uri=/run/media/peet/Data-500GB/Work-FB/FB-2015-Fairview Exported/VID_9606.jpg
PIC_THUMBNAIL cache_lookup result=hit elapsed_us=3 uri=/run/media/peet/Data-500GB/Work-FB/FB-2015-Fairview Exported/VID_9604.jpg
PIC_THUMBNAIL cache_lookup result=hit elapsed_us=2 uri=/run/media/peet/Data-500GB/Work-FB/FB-2015-Fairview Exported/VID_9602.jpg
PIC_THUMBNAIL cache_lookup result=hit elapsed_us=2 uri=/run/media/peet/Data-500GB/Work-FB/FB-2015-Fairview Exported/VID_9597.jpg
PIC_THUMBNAIL cache_lookup result=hit elapsed_us=3 uri=/run/media/peet/Data-500GB/Work-FB/FB-2015-Fairview Exported/VID_9595.jpg
PIC_THUMBNAIL cache_lookup result=hit elapsed_us=2 uri=/run/media/peet/Data-500GB/Work-FB/FB-2015-Fairview Exported/VID_9593.jpg
PIC_THUMBNAIL cache_lookup result=hit elapsed_us=2 uri=/run/media/peet/Data-500GB/Work-FB/FB-2015-Fairview Exported/VID_9592.jpg
PIC_THUMBNAIL cache_lookup result=hit elapsed_us=2 uri=/run/media/peet/Data-500GB/Work-FB/FB-2015-Fairview Exported/VID_9589.jpg
PIC_THUMBNAIL cache_lookup result=hit elapsed_us=2 uri=/run/media/peet/Data-500GB/Work-FB/FB-2015-Fairview Exported/VID_9578.jpg
PIC_THUMBNAIL cache_lookup result=hit elapsed_us=2 uri=/run/media/peet/Data-500GB/Work-FB/FB-2015-Fairview Exported/VID_9565-2.jpg
PIC_THUMBNAIL cache_lookup result=hit elapsed_us=2 uri=/run/media/peet/Data-500GB/Work-FB/FB-2015-Fairview Exported/VID_9565.jpg
PIC_THUMBNAIL cache_lookup result=hit elapsed_us=2 uri=/run/media/peet/Data-500GB/Work-FB/FB-2015-Fairview Exported/VID_9562.jpg
PIC_THUMBNAIL cache_lookup result=hit elapsed_us=2 uri=/run/media/peet/Data-500GB/Work-FB/FB-2015-Fairview Exported/VID_9560.jpg
PIC_THUMBNAIL cache_lookup result=hit elapsed_us=3 uri=/run/media/peet/Data-500GB/Work-FB/FB-2015-Fairview Exported/VID_9556.jpg
PIC_THUMBNAIL cache_lookup result=hit elapsed_us=2 uri=/run/media/peet/Data-500GB/Work-FB/FB-2015-Fairview Exported/VID_9555.jpg
PIC_THUMBNAIL cache_lookup result=hit elapsed_us=2 uri=/run/media/peet/Data-500GB/Work-FB/FB-2015-Fairview Exported/VID_9553.jpg
PIC_THUMBNAIL cache_lookup result=hit elapsed_us=3 uri=/run/media/peet/Data-500GB/Work-FB/FB-2015-Fairview Exported/VID_9549.jpg
PIC_THUMBNAIL cache_lookup result=hit elapsed_us=3 uri=/run/media/peet/Data-500GB/Work-FB/FB-2015-Fairview Exported/VID_9545.jpg
PIC_THUMBNAIL cache_lookup result=hit elapsed_us=3 uri=/run/media/peet/Data-500GB/Work-FB/FB-2015-Fairview Exported/VID_9542.jpg
PIC_THUMBNAIL cache_lookup result=hit elapsed_us=3 uri=/run/media/peet/Data-500GB/Work-FB/FB-2015-Fairview Exported/VID_9537.jpg
PIC_THUMBNAIL cache_lookup result=hit elapsed_us=3 uri=/run/media/peet/Data-500GB/Work-FB/FB-2015-Fairview Exported/VID_9535.jpg
PIC_THUMBNAIL cache_lookup result=hit elapsed_us=3 uri=/run/media/peet/Data-500GB/Work-FB/FB-2015-Fairview Exported/VID_9530.jpg
PIC_THUMBNAIL cache_lookup result=hit elapsed_us=3 uri=/run/media/peet/Data-500GB/Work-FB/FB-2015-Fairview Exported/VID_9524.jpg
PIC_THUMBNAIL cache_lookup result=hit elapsed_us=2 uri=/run/media/peet/Data-500GB/Work-FB/FB-2015-Fairview Exported/VID_9525.jpg
PIC_THUMBNAIL cache_lookup result=hit elapsed_us=2 uri=/run/media/peet/Data-500GB/Work-FB/FB-2015-Fairview Exported/VID_9523.jpg
PIC_THUMBNAIL cache_lookup result=hit elapsed_us=2 uri=/run/media/peet/Data-500GB/Work-FB/FB-2015-Fairview Exported/VID_9521.jpg
PIC_THUMBNAIL cache_lookup result=hit elapsed_us=2 uri=/run/media/peet/Data-500GB/Work-FB/FB-2015-Fairview Exported/VID_9520.jpg
PIC_THUMBNAIL cache_lookup result=hit elapsed_us=3 uri=/run/media/peet/Data-500GB/Work-FB/FB-2015-Fairview Exported/VID_9515.jpg
PIC_THUMBNAIL cache_lookup result=hit elapsed_us=2 uri=/run/media/peet/Data-500GB/Work-FB/FB-2015-Fairview Exported/VID_9510.jpg
PIC_THUMBNAIL cache_lookup result=hit elapsed_us=3 uri=/run/media/peet/Data-500GB/Work-All/Work - 2014/HMF Xmas 2014/Logo-Black+White.png
PIC_THUMBNAIL cache_lookup result=hit elapsed_us=2 uri=/run/media/peet/Data-500GB/Work-All/Work - 2014/HMF Xmas 2014/Logo-Black+Orange.png
PIC_THUMBNAIL cache_lookup result=hit elapsed_us=2 uri=/run/media/peet/Data-500GB/Work-All/Work - 2014/HMF Xmas 2014/VID_5782.jpg
PIC_THUMBNAIL cache_lookup result=hit elapsed_us=3 uri=/run/media/peet/Data-500GB/Work-All/Work - 2014/HMF Xmas 2014/VID_5772.jpg
PIC_THUMBNAIL cache_lookup result=hit elapsed_us=2 uri=/run/media/peet/Data-500GB/Work-All/Work - 2014/HMF Xmas 2014/VID_5760.jpg
PIC_THUMBNAIL cache_lookup result=hit elapsed_us=2 uri=/run/media/peet/Data-500GB/Work-All/Work - 2014/HMF Xmas 2014/VID_5753.jpg
PIC_THUMBNAIL cache_lookup result=hit elapsed_us=2 uri=/run/media/peet/Data-500GB/Work-All/Work - 2014/HMF Xmas 2014/VID_5751.jpg
PIC_THUMBNAIL cache_lookup result=hit elapsed_us=2 uri=/run/media/peet/Data-500GB/Work-All/Work - 2014/20141209_163113_6224090.jpg
PIC_THUMBNAIL cache_lookup result=hit elapsed_us=2 uri=/run/media/peet/Data-500GB/Work-All/Work - 2014/20141209_163109_6531288.jpg
PIC_THUMBNAIL cache_lookup result=hit elapsed_us=3 uri=/run/media/peet/Data-500GB/Work-All/Work - 2014/20141209_163104_6037246.jpg
PIC_THUMBNAIL cache_lookup result=hit elapsed_us=2 uri=/run/media/peet/Data-500GB/Work-All/Work - 2014/20141209_163058_6245697.jpg
PIC_THUMBNAIL cache_lookup result=hit elapsed_us=2 uri=/run/media/peet/Data-500GB/Work-All/Work - 2014/20141209_153940_4065606.jpg
PIC_THUMBNAIL cache_lookup result=hit elapsed_us=2 uri=/run/media/peet/Data-500GB/Work-All/Work - 2014/20141209_144453_5053080.jpg
PIC_THUMBNAIL cache_lookup result=hit elapsed_us=2 uri=/run/media/peet/Data-500GB/Work-All/Work - 2014/20141209_144437_7743910.jpg
PIC_THUMBNAIL cache_lookup result=hit elapsed_us=2 uri=/run/media/peet/Data-500GB/Work-All/Work - 2014/20141209_144429_6467390.jpg
PIC_THUMBNAIL cache_lookup result=hit elapsed_us=2 uri=/run/media/peet/Data-500GB/Work-All/Work - 2014/20141209_143406_5240520.jpg
PIC_THUMBNAIL cache_lookup result=hit elapsed_us=2 uri=/run/media/peet/Data-500GB/Work-All/Work - 2014/20141209_143358_5492870.jpg
PIC_THUMBNAIL cache_lookup result=hit elapsed_us=2 uri=/run/media/peet/Data-500GB/Work-All/Work - 2014/20141209_143356_5316537.jpg
PIC_THUMBNAIL cache_lookup result=hit elapsed_us=2 uri=/run/media/peet/Data-500GB/Work-All/Work - 2014/20141209_080029_5386771.jpg
PIC_THUMBNAIL cache_lookup result=hit elapsed_us=2 uri=/run/media/peet/Data-500GB/Work-All/Work - 2014/20141201_171706_4140131.jpg
PIC_THUMBNAIL cache_lookup result=hit elapsed_us=2 uri=/run/media/peet/Data-500GB/Work-All/Work - 2014/20141201_153544_3823705.jpg
PIC_THUMBNAIL cache_lookup result=hit elapsed_us=2 uri=/run/media/peet/Data-500GB/Work-All/Work - 2014/20141124_141803_5492267.jpg
PIC_THUMBNAIL cache_lookup result=hit elapsed_us=2 uri=/run/media/peet/Data-500GB/Work-All/Work - 2014/20141124_141802_5750486.jpg
PIC_THUMBNAIL cache_lookup result=hit elapsed_us=2 uri=/run/media/peet/Data-500GB/Work-All/Work - 2014/20141124_141758_8163525.jpg
PIC_THUMBNAIL cache_lookup result=hit elapsed_us=2 uri=/run/media/peet/Data-500GB/Work-All/Work - 2014/20141124_141746_7304294.jpg
PIC_THUMBNAIL cache_lookup result=hit elapsed_us=2 uri=/run/media/peet/Data-500GB/Work-All/Work - 2014/20141124_141721_5252212.jpg
PIC_THUMBNAIL cache_lookup result=hit elapsed_us=3 uri=/run/media/peet/Data-500GB/Work-All/Work - 2014/20141124_141717_6349753.jpg
PIC_THUMBNAIL cache_lookup result=hit elapsed_us=2 uri=/run/media/peet/Data-500GB/Work-All/Work - 2014/20141124_141649_5517710.jpg
PIC_THUMBNAIL cache_lookup result=hit elapsed_us=2 uri=/run/media/peet/Data-500GB/Work-All/Work - 2014/20141124_141636_6207032.jpg
PIC_THUMBNAIL cache_lookup result=hit elapsed_us=2 uri=/run/media/peet/Data-500GB/Work-All/Work - 2014/20141105_182325_5817901.jpg
PIC_THUMBNAIL cache_lookup result=hit elapsed_us=2 uri=/run/media/peet/Data-500GB/Work-All/Work - 2014/20141105_182320_4359788.jpg
PIC_THUMBNAIL cache_lookup result=hit elapsed_us=2 uri=/run/media/peet/Data-500GB/Work-All/Work - 2014/20141105_182312_5664340.jpg
PIC_THUMBNAIL cache_lookup result=hit elapsed_us=2 uri=/run/media/peet/Data-500GB/Work-All/Work - 2014/20141105_182309_6872926.jpg
PIC_THUMBNAIL cache_lookup result=hit elapsed_us=2 uri=/run/media/peet/Data-500GB/Work-All/Work - 2014/20141105_182306_5739784.jpg
PIC_THUMBNAIL cache_lookup result=hit elapsed_us=2 uri=/run/media/peet/Data-500GB/Work-All/Work - 2014/20141016_113819_10121976.jpg
PIC_THUMBNAIL cache_lookup result=hit elapsed_us=2 uri=/run/media/peet/Data-500GB/Work-All/Work - 2014/20141016_113817_8656605.jpg
PIC_THUMBNAIL cache_lookup result=hit elapsed_us=2 uri=/run/media/peet/Data-500GB/Work-All/Work - 2014/20141016_113814_7516904.jpg
PIC_THUMBNAIL cache_lookup result=hit elapsed_us=2 uri=/run/media/peet/Data-500GB/Work-All/Work - 2014/20141016_113811_6102184.jpg
PIC_THUMBNAIL cache_lookup result=hit elapsed_us=2 uri=/run/media/peet/Data-500GB/Work-All/Work - 2014/20141016_113806_6692323.jpg
PIC_THUMBNAIL cache_lookup result=hit elapsed_us=2 uri=/run/media/peet/Data-500GB/Work-All/Work - 2014/20141016_110928_8259059.jpg
PIC_THUMBNAIL cache_lookup result=hit elapsed_us=2 uri=/run/media/peet/Data-500GB/Work-All/Work - 2014/20141016_110923_7655566.jpg
PIC_THUMBNAIL cache_lookup result=hit elapsed_us=2 uri=/run/media/peet/Data-500GB/Work-All/Work - 2014/20141016_110914_7850840.jpg
PIC_THUMBNAIL cache_lookup result=hit elapsed_us=2 uri=/run/media/peet/Data-500GB/Work-All/Work - 2014/20141016_110903_7287247.jpg
PIC_THUMBNAIL cache_lookup result=hit elapsed_us=3 uri=/run/media/peet/Data-500GB/Work-All/Work - 2014/20141016_110859_7290354.jpg
PIC_THUMBNAIL cache_lookup result=hit elapsed_us=2 uri=/run/media/peet/Data-500GB/Work-All/Work - 2014/20141016_110855_6935302.jpg
PIC_THUMBNAIL cache_lookup result=hit elapsed_us=2 uri=/run/media/peet/Data-500GB/Work-All/Work - 2014/20141016_110849_6023120.jpg
PIC_THUMBNAIL cache_lookup result=hit elapsed_us=2 uri=/run/media/peet/Data-500GB/Work-All/Work - 2014/20140827_103523_6013907.jpg
PIC_THUMBNAIL cache_lookup result=hit elapsed_us=2 uri=/run/media/peet/Data-500GB/Work-All/Work - 2014/20140827_103349_4869737.jpg
PIC_THUMBNAIL cache_lookup result=hit elapsed_us=2 uri=/run/media/peet/Data-500GB/Work-All/Work - 2014/20140827_103258_5759067.jpg
PIC_THUMBNAIL cache_lookup result=hit elapsed_us=2 uri=/run/media/peet/Data-500GB/Work-All/Work - 2014/20140827_103020_5710942.jpg
PIC_THUMBNAIL cache_lookup result=hit elapsed_us=3 uri=/run/media/peet/Data-500GB/Work-All/Work - 2014/20140827_102534_6054002.jpg
PIC_THUMBNAIL cache_lookup result=hit elapsed_us=2 uri=/run/media/peet/Data-500GB/Work-All/Work - 2014/20140827_083841_4462396.jpg
PIC_THUMBNAIL cache_lookup result=hit elapsed_us=2 uri=/run/media/peet/Data-500GB/Work-All/Work - 2014/20140827_082743_6511360.jpg
PIC_THUMBNAIL cache_lookup result=hit elapsed_us=2 uri=/run/media/peet/Data-500GB/Work-All/Work - 2014/20140827_082629_3480523.jpg
PIC_THUMBNAIL cache_lookup result=hit elapsed_us=2 uri=/run/media/peet/Data-500GB/Work-All/Work - 2014/20140827_082616_4838214.jpg
PIC_THUMBNAIL cache_lookup result=hit elapsed_us=2 uri=/run/media/peet/Data-500GB/Work-All/Work - 2014/20140827_082606_6720366.jpg
PIC_THUMBNAIL cache_lookup result=hit elapsed_us=2 uri=/run/media/peet/Data-500GB/Work-All/Work - 2014/20140827_081526_5857668.jpg
PIC_THUMBNAIL cache_lookup result=hit elapsed_us=2 uri=/run/media/peet/Data-500GB/Work-All/Work - 2014/20140827_081107_5281193.jpg
PIC_THUMBNAIL cache_lookup result=hit elapsed_us=3 uri=/run/media/peet/Data-500GB/Work-All/Work - 2014/20140827_080828_4078726.jpg
PIC_THUMBNAIL cache_lookup result=hit elapsed_us=3 uri=/run/media/peet/Data-500GB/Work-All/Work - 2014/20140827_080811_6190848.jpg
PIC_THUMBNAIL cache_lookup result=hit elapsed_us=2 uri=/run/media/peet/Data-500GB/Work-All/Work - 2014/20140827_080758_7264134.jpg
PIC_THUMBNAIL cache_lookup result=hit elapsed_us=3 uri=/run/media/peet/Data-500GB/Work-All/Work - 2014/20140827_080721_9644758.jpg
PIC_THUMBNAIL cache_lookup result=hit elapsed_us=3 uri=/run/media/peet/Data-500GB/Work-All/Work - 2014/20140827_080435_4891007.jpg
PIC_THUMBNAIL cache_lookup result=hit elapsed_us=2 uri=/run/media/peet/Data-500GB/Work-All/Work - 2014/20140827_080017_5072318.jpg
PIC_THUMBNAIL cache_lookup result=hit elapsed_us=3 uri=/run/media/peet/Data-500GB/Work-All/Work - 2014/20140827_075342_6226325.jpg
PIC_THUMBNAIL cache_lookup result=hit elapsed_us=3 uri=/run/media/peet/Data-500GB/Work-All/Work - 2014/20140827_075242_6596206.jpg
PIC_THUMBNAIL cache_lookup result=hit elapsed_us=3 uri=/run/media/peet/Data-500GB/Work-All/Work - 2014/20140812_120353_5025763.jpg
PIC_THUMBNAIL cache_lookup result=hit elapsed_us=2 uri=/run/media/peet/Data-500GB/Work-All/Work - 2014/20140812_120304_5511788.jpg
PIC_THUMBNAIL cache_lookup result=hit elapsed_us=2 uri=/run/media/peet/Data-500GB/Work-All/Work - 2014/20140812_120250_5916537.jpg
PIC_THUMBNAIL cache_lookup result=hit elapsed_us=2 uri=/run/media/peet/Data-500GB/Work-All/Work - 2014/20140723_130755_8737256.jpg
PIC_THUMBNAIL cache_lookup result=hit elapsed_us=2 uri=/run/media/peet/Data-500GB/Work-All/Work - 2014/20140723_130718_10794290.jpg
PIC_THUMBNAIL cache_lookup result=hit elapsed_us=2 uri=/run/media/peet/Data-500GB/Work-All/Work - 2014/20140723_130100_7550066.jpg
PIC_THUMBNAIL cache_lookup result=hit elapsed_us=2 uri=/run/media/peet/Data-500GB/Work-All/Work - 2014/20140723_124259_6451212.jpg
PIC_THUMBNAIL cache_lookup result=hit elapsed_us=2 uri=/run/media/peet/Data-500GB/Work-All/Work - 2014/20140723_123508_6963688.jpg
PIC_THUMBNAIL cache_lookup result=hit elapsed_us=2 uri=/run/media/peet/Data-500GB/Work-All/Work - 2014/20140723_123451_7320239.jpg
PIC_THUMBNAIL cache_lookup result=hit elapsed_us=2 uri=/run/media/peet/Data-500GB/Work-All/Work - 2014/20140723_123302_7293242.jpg
PIC_THUMBNAIL cache_lookup result=hit elapsed_us=2 uri=/run/media/peet/Data-500GB/Work-All/Work - 2014/20140723_123259_7276492.jpg
PIC_THUMBNAIL cache_lookup result=hit elapsed_us=2 uri=/run/media/peet/Data-500GB/Work-All/Work - 2014/20140723_123231_6773536.jpg
PIC_THUMBNAIL cache_lookup result=hit elapsed_us=2 uri=/run/media/peet/Data-500GB/Work-All/Work - 2014/20140723_123153_6459433.jpg
PIC_THUMBNAIL cache_lookup result=hit elapsed_us=3 uri=/run/media/peet/Data-500GB/Work-All/Work - 2014/20140723_123148_5686099.jpg
PIC_THUMBNAIL cache_lookup result=hit elapsed_us=2 uri=/run/media/peet/Data-500GB/Work-All/Work - 2014/20140723_123126_6443119.jpg
PIC_THUMBNAIL cache_lookup result=hit elapsed_us=2 uri=/run/media/peet/Data-500GB/Work-All/Work - 2014/20140723_122726_4551444.jpg
PIC_THUMBNAIL cache_lookup result=hit elapsed_us=2 uri=/run/media/peet/Data-500GB/Work-All/Work - 2014/20140723_122716_5936965.jpg
PIC_THUMBNAIL cache_lookup result=hit elapsed_us=2 uri=/run/media/peet/Data-500GB/Work-All/Work - 2014/20140723_122710_5230950.jpg
PIC_THUMBNAIL cache_lookup result=hit elapsed_us=2 uri=/run/media/peet/Data-500GB/Work-All/Work - 2014/20140723_122653_4668115.jpg
PIC_THUMBNAIL cache_lookup result=hit elapsed_us=2 uri=/run/media/peet/Data-500GB/Work-All/Work - 2014/20140723_122649_4960743.jpg
PIC_THUMBNAIL cache_lookup result=hit elapsed_us=3 uri=/run/media/peet/Data-500GB/Work-All/Work - 2014/20140723_122641_3295815.jpg
PIC_THUMBNAIL cache_lookup result=hit elapsed_us=2 uri=/run/media/peet/Data-500GB/Work-All/Work - 2014/20140723_122632_4360959.jpg
PIC_THUMBNAIL cache_lookup result=hit elapsed_us=2 uri=/run/media/peet/Data-500GB/Work-All/Work - 2014/20140723_122621_4669165.jpg
PIC_THUMBNAIL cache_lookup result=hit elapsed_us=2 uri=/run/media/peet/Data-500GB/Work-All/Work - 2014/20140723_122522_4638872.jpg
PIC_THUMBNAIL cache_lookup result=hit elapsed_us=2 uri=/run/media/peet/Data-500GB/Work-All/Work - 2014/20140723_122513_3464130.jpg
PIC_THUMBNAIL cache_lookup result=hit elapsed_us=2 uri=/run/media/peet/Data-500GB/Work-All/Work - 2014/20140723_122449_6140622.jpg
PIC_THUMBNAIL cache_lookup result=hit elapsed_us=2 uri=/run/media/peet/Data-500GB/Work-All/Work - 2014/20140723_122422_7534697.jpg
PIC_THUMBNAIL cache_lookup result=hit elapsed_us=2 uri=/run/media/peet/Data-500GB/Work-All/Work - 2014/20140723_121658_6918134.jpg
PIC_THUMBNAIL cache_lookup result=hit elapsed_us=2 uri=/run/media/peet/Data-500GB/Work-All/Work - 2014/20140723_121434_3153134.jpg
PIC_THUMBNAIL cache_lookup result=hit elapsed_us=2 uri=/run/media/peet/Data-500GB/Work-All/Work - 2014/20140723_121413_6472818.jpg
PIC_THUMBNAIL cache_lookup result=hit elapsed_us=2 uri=/run/media/peet/Data-500GB/Work-All/Work - 2014/20140723_120756_6123960.jpg
PIC_THUMBNAIL cache_lookup result=hit elapsed_us=2 uri=/run/media/peet/Data-500GB/Work-All/Work - 2014/20140723_120732_8891663.jpg
PIC_THUMBNAIL cache_lookup result=hit elapsed_us=2 uri=/run/media/peet/Data-500GB/Work-All/Work - 2014/20140723_120726_8477923.jpg
PIC_THUMBNAIL cache_lookup result=hit elapsed_us=2 uri=/run/media/peet/Data-500GB/Work-All/Work - 2014/20140723_120712_7241350.jpg
PIC_THUMBNAIL cache_lookup result=hit elapsed_us=2 uri=/run/media/peet/Data-500GB/Work-All/Work - 2014/20140723_120650_6709147.jpg
PIC_THUMBNAIL cache_lookup result=hit elapsed_us=2 uri=/run/media/peet/Data-500GB/Work-All/Work - 2014/20140723_120647_6605575.jpg
PIC_THUMBNAIL cache_lookup result=hit elapsed_us=2 uri=/run/media/peet/Data-500GB/Work-All/Work - 2014/20140723_120644_6005025.jpg
PIC_THUMBNAIL cache_lookup result=hit elapsed_us=2 uri=/run/media/peet/Data-500GB/Work-All/Work - 2014/20140723_120544_5973774.jpg
PIC_THUMBNAIL cache_lookup result=hit elapsed_us=2 uri=/run/media/peet/Data-500GB/Work-All/Work - 2014/20140723_120534_6222778.jpg
PIC_THUMBNAIL cache_lookup result=hit elapsed_us=2 uri=/run/media/peet/Data-500GB/Work-All/Work - 2014/20140723_120453_5630585.jpg
PIC_THUMBNAIL cache_lookup result=hit elapsed_us=2 uri=/run/media/peet/Data-500GB/Work-All/Work - 2014/20140723_120416_3762879.jpg
PIC_THUMBNAIL cache_lookup result=hit elapsed_us=2 uri=/run/media/peet/Data-500GB/Work-All/Work - 2014/20140723_120352_8251440.jpg
PIC_THUMBNAIL cache_lookup result=hit elapsed_us=2 uri=/run/media/peet/Data-500GB/Work-All/Work - 2014/20140723_120344_8258828.jpg
PIC_THUMBNAIL cache_lookup result=hit elapsed_us=2 uri=/run/media/peet/Data-500GB/Work-All/Work - 2014/20140723_120141_6456432.jpg
PIC_THUMBNAIL cache_lookup result=hit elapsed_us=3 uri=/run/media/peet/Data-500GB/Work-All/Work - 2014/20140723_120133_7370007.jpg
PIC_THUMBNAIL cache_lookup result=hit elapsed_us=2 uri=/run/media/peet/Data-500GB/Work-All/Work - 2014/20140723_120114_7274478.jpg
PIC_THUMBNAIL cache_lookup result=hit elapsed_us=2 uri=/run/media/peet/Data-500GB/Work-All/Work - 2014/20140723_120020_9820438.jpg
PIC_THUMBNAIL cache_lookup result=hit elapsed_us=2 uri=/run/media/peet/Data-500GB/Work-All/Work - 2014/20140723_120012_9254867.jpg
PIC_THUMBNAIL cache_lookup result=hit elapsed_us=2 uri=/run/media/peet/Data-500GB/Work-All/Work - 2014/20140723_115948_9150668.jpg
PIC_THUMBNAIL cache_lookup result=hit elapsed_us=2 uri=/run/media/peet/Data-500GB/Work-All/Work - 2014/20140723_115929_4911416.jpg
PIC_THUMBNAIL cache_lookup result=hit elapsed_us=2 uri=/run/media/peet/Data-500GB/Work-All/Work - 2014/20140723_115836_4154726.jpg
PIC_THUMBNAIL cache_lookup result=hit elapsed_us=2 uri=/run/media/peet/Data-500GB/Work-All/Work - 2014/20140723_115830_3756171.jpg
PIC_THUMBNAIL cache_lookup result=hit elapsed_us=2 uri=/run/media/peet/Data-500GB/Work-All/Work - 2014/20140723_115750_7710892.jpg
PIC_THUMBNAIL cache_lookup result=hit elapsed_us=3 uri=/run/media/peet/Data-500GB/Work-All/Work - 2014/20140723_115240_7071980.jpg
PIC_THUMBNAIL cache_lookup result=hit elapsed_us=2 uri=/run/media/peet/Data-500GB/Work-All/Work - 2014/20140723_115131_9402543.jpg
PIC_THUMBNAIL cache_lookup result=hit elapsed_us=2 uri=/run/media/peet/Data-500GB/Work-All/Work - 2014/20140723_115117_6570188.jpg
PIC_THUMBNAIL cache_lookup result=hit elapsed_us=3 uri=/run/media/peet/Data-500GB/Work-All/Work - 2014/20140723_115114_6674248.jpg
PIC_THUMBNAIL cache_lookup result=hit elapsed_us=2 uri=/run/media/peet/Data-500GB/Work-All/Work - 2014/20140723_114716_7158038.jpg
PIC_THUMBNAIL cache_lookup result=hit elapsed_us=2 uri=/run/media/peet/Data-500GB/Work-All/Work - 2014/20140723_114550_7711429.jpg
PIC_THUMBNAIL cache_lookup result=hit elapsed_us=2 uri=/run/media/peet/Data-500GB/Work-All/Work - 2014/20140723_114547_7784760.jpg
PIC_THUMBNAIL cache_lookup result=hit elapsed_us=3 uri=/run/media/peet/Data-500GB/Work-All/Work - 2014/20140723_114410_6325732.jpg
PIC_THUMBNAIL cache_lookup result=hit elapsed_us=3 uri=/run/media/peet/Data-500GB/Work-All/Work - 2014/20140723_114402_6406199.jpg
PIC_THUMBNAIL cache_lookup result=hit elapsed_us=3 uri=/run/media/peet/Data-500GB/Work-All/Work - 2014/20140723_114355_6683906.jpg
PIC_THUMBNAIL cache_lookup result=hit elapsed_us=2 uri=/run/media/peet/Data-500GB/Work-All/Work - 2014/20140723_114142_5520460.jpg
PIC_THUMBNAIL cache_lookup result=hit elapsed_us=2 uri=/run/media/peet/Data-500GB/Work-All/Work - 2014/20140723_114113_5014066.jpg
PIC_THUMBNAIL cache_lookup result=hit elapsed_us=2 uri=/run/media/peet/Data-500GB/Work-All/Work - 2014/20140723_113203_7116377.jpg
PIC_THUMBNAIL cache_lookup result=hit elapsed_us=2 uri=/run/media/peet/Data-500GB/Work-All/Work - 2014/20140723_112811_5211529.jpg
PIC_THUMBNAIL cache_lookup result=hit elapsed_us=2 uri=/run/media/peet/Data-500GB/Work-All/Work - 2014/20140723_111230_6711452.jpg
PIC_THUMBNAIL cache_lookup result=hit elapsed_us=2 uri=/run/media/peet/Data-500GB/Work-All/Work - 2014/20140723_110632_5061536.jpg
PIC_THUMBNAIL cache_lookup result=hit elapsed_us=2 uri=/run/media/peet/Data-500GB/Work-All/Work - 2014/20140723_110617_7539951.jpg
PIC_THUMBNAIL cache_lookup result=hit elapsed_us=2 uri=/run/media/peet/Data-500GB/Work-All/Work - 2014/20140723_105753_6152086.jpg
PIC_THUMBNAIL cache_lookup result=hit elapsed_us=2 uri=/run/media/peet/Data-500GB/Work-All/Work - 2014/20140723_105522_7410368.jpg
PIC_THUMBNAIL cache_lookup result=hit elapsed_us=3 uri=/run/media/peet/Data-500GB/Work-All/Work - 2014/20140723_104541_8776365.jpg
PIC_THUMBNAIL cache_lookup result=hit elapsed_us=2 uri=/run/media/peet/Data-500GB/Work-All/Work - 2014/20140723_101840_6247255.jpg
PIC_THUMBNAIL cache_lookup result=hit elapsed_us=2 uri=/run/media/peet/Data-500GB/Work-All/Work - 2014/20140723_100246_6646789.jpg
PIC_THUMBNAIL cache_lookup result=hit elapsed_us=2 uri=/run/media/peet/Data-500GB/Work-All/Work - 2014/20140723_100011_7661603.jpg
PIC_THUMBNAIL cache_lookup result=hit elapsed_us=2 uri=/run/media/peet/Data-500GB/Work-All/Work - 2014/20140723_095732_4457121.jpg
PIC_THUMBNAIL cache_lookup result=hit elapsed_us=2 uri=/run/media/peet/Data-500GB/Work-All/Work - 2014/20140723_093717_7280920.jpg
PIC_THUMBNAIL cache_lookup result=hit elapsed_us=2 uri=/run/media/peet/Data-500GB/Work-All/Work - 2014/20140605_150734_3748816.jpg
PIC_THUMBNAIL cache_lookup result=hit elapsed_us=2 uri=/run/media/peet/Data-500GB/Work-All/Work - 2014/20140605_150711_3752017.jpg
PIC_THUMBNAIL cache_lookup result=hit elapsed_us=3 uri=/run/media/peet/Data-500GB/Work-All/Work - 2014/20140605_143859_2384282.jpg
PIC_THUMBNAIL cache_lookup result=hit elapsed_us=2 uri=/run/media/peet/Data-500GB/Work-All/Work - 2014/20140605_140326_4842925.jpg
PIC_THUMBNAIL cache_lookup result=hit elapsed_us=2 uri=/run/media/peet/Data-500GB/Work-All/Work - 2014/20140605_133549_3108652.jpg
PIC_THUMBNAIL cache_lookup result=hit elapsed_us=2 uri=/run/media/peet/Data-500GB/Work-All/Work - 2014/20140605_133542_3148068.jpg
PIC_THUMBNAIL cache_lookup result=hit elapsed_us=2 uri=/run/media/peet/Data-500GB/Work-All/Work - 2014/20140605_133532_3985605.jpg
PIC_THUMBNAIL cache_lookup result=hit elapsed_us=2 uri=/run/media/peet/Data-500GB/Work-All/Work - 2014/20140605_133530_3812117.jpg
PIC_THUMBNAIL cache_lookup result=hit elapsed_us=2 uri=/run/media/peet/Data-500GB/Work-All/Work - 2014/20140605_133205_5493086.jpg
PIC_THUMBNAIL cache_lookup result=hit elapsed_us=2 uri=/run/media/peet/Data-500GB/Work-All/Work - 2014/20140605_133202_4173841.jpg
PIC_THUMBNAIL cache_lookup result=hit elapsed_us=2 uri=/run/media/peet/Data-500GB/Work-All/Work - 2014/20140605_133157_5144601.jpg
PIC_THUMBNAIL cache_lookup result=hit elapsed_us=2 uri=/run/media/peet/Data-500GB/Work-All/Work - 2014/20140605_133150_5293963.jpg
PIC_THUMBNAIL cache_lookup result=hit elapsed_us=2 uri=/run/media/peet/Data-500GB/Work-All/Work - 2014/20140605_133147_6335122.jpg
PIC_THUMBNAIL cache_lookup result=hit elapsed_us=2 uri=/run/media/peet/Data-500GB/Work-All/Work - 2014/20140605_133140_5985995.jpg
PIC_THUMBNAIL cache_lookup result=hit elapsed_us=2 uri=/run/media/peet/Data-500GB/Work-All/Work - 2014/20140605_133136_5863844.jpg
PIC_THUMBNAIL cache_lookup result=hit elapsed_us=2 uri=/run/media/peet/Data-500GB/Work-All/Work - 2014/20140605_133105_6577683.jpg
PIC_THUMBNAIL cache_lookup result=hit elapsed_us=2 uri=/run/media/peet/Data-500GB/Work-All/Work - 2014/20140605_133102_5906889.jpg
PIC_THUMBNAIL cache_lookup result=hit elapsed_us=2 uri=/run/media/peet/A2E00CB6E00C92A9/temp/FB-Covers/20140605_132823_5959423.jpg
PIC_THUMBNAIL cache_lookup result=hit elapsed_us=2 uri=/run/media/peet/Data-500GB/Work-All/Work - 2014/20140605_132823_5959423.jpg
PIC_THUMBNAIL cache_lookup result=hit elapsed_us=2 uri=/run/media/peet/Data-500GB/Work-All/Work - 2014/20140605_132742_4500524.jpg
PIC_THUMBNAIL cache_lookup result=hit elapsed_us=2 uri=/run/media/peet/Data-500GB/Work-All/Work - 2014/20140605_132522_6374062.jpg
PIC_THUMBNAIL cache_lookup result=hit elapsed_us=2 uri=/run/media/peet/A2E00CB6E00C92A9/temp/FB-Covers/20140605_132508_6682941.jpg
PIC_THUMBNAIL cache_lookup result=hit elapsed_us=2 uri=/run/media/peet/Data-500GB/Work-All/Work - 2014/20140605_132508_6682941.jpg
PIC_THUMBNAIL cache_lookup result=hit elapsed_us=3 uri=/run/media/peet/Data-500GB/Work-FB/FB-2024-Internal Fence/HMF Internal ClearVu Fence (2).jpg
PIC_THUMBNAIL cache_lookup result=hit elapsed_us=2 uri=/run/media/peet/Data-500GB/Work-All/Work - 2014/20140605_132502_5953475.jpg
PIC_THUMBNAIL cache_lookup result=hit elapsed_us=2 uri=/run/media/peet/Data-500GB/Work-All/Work - 2014/20140605_132459_6133771.jpg
PIC_THUMBNAIL cache_lookup result=hit elapsed_us=2 uri=/run/media/peet/A2E00CB6E00C92A9/temp/FB-Covers/20140605_132445_5893260.jpg
PIC_THUMBNAIL cache_lookup result=hit elapsed_us=2 uri=/run/media/peet/Data-500GB/Work-All/Work - 2014/20140605_132445_5893260.jpg
PIC_THUMBNAIL cache_lookup result=hit elapsed_us=2 uri=/run/media/peet/A2E00CB6E00C92A9/temp/FB-Covers/20140513_114300_6182525.jpg
PIC_THUMBNAIL cache_lookup result=hit elapsed_us=2 uri=/run/media/peet/Data-500GB/Work-All/Work - 2014/20140513_114300_6182525.jpg
PIC_THUMBNAIL cache_lookup result=hit elapsed_us=2 uri=/run/media/peet/Data-500GB/Work-All/Work - 2014/20140513_114253_6554198.jpg
PIC_THUMBNAIL cache_lookup result=hit elapsed_us=2 uri=/run/media/peet/Data-500GB/Work-All/Work - 2014/20140513_111919_6618551.jpg
PIC_THUMBNAIL cache_lookup result=hit elapsed_us=2 uri=/run/media/peet/Data-500GB/Work-All/Work - 2014/20140513_111913_5899410.jpg
PIC_THUMBNAIL cache_lookup result=hit elapsed_us=2 uri=/run/media/peet/Data-500GB/Work-All/Work - 2014/20140513_111341_5710437.jpg
PIC_THUMBNAIL cache_lookup result=hit elapsed_us=2 uri=/run/media/peet/Data-500GB/Work-All/Work - 2014/20140513_111326_6471489.jpg
PIC_THUMBNAIL cache_lookup result=hit elapsed_us=3 uri=/run/media/peet/Data-500GB/Work-All/Work - 2014/20140513_111142_4201644.jpg
PIC_THUMBNAIL cache_lookup result=hit elapsed_us=2 uri=/run/media/peet/Data-500GB/Work-All/Work - 2014/20140513_111000_5762278.jpg
PIC_THUMBNAIL cache_lookup result=hit elapsed_us=2 uri=/run/media/peet/Data-500GB/Work-All/Work - 2014/20140513_110949_5967751.jpg
PIC_THUMBNAIL cache_lookup result=hit elapsed_us=3 uri=/run/media/peet/Data-500GB/Work-All/Work - 2014/20140513_110937_6953813.jpg
PIC_THUMBNAIL cache_lookup result=hit elapsed_us=2 uri=/run/media/peet/Data-500GB/Work-All/Work - 2014/20140513_082942_5639522.jpg
PIC_THUMBNAIL cache_lookup result=hit elapsed_us=2 uri=/run/media/peet/Data-500GB/Work-All/Work - 2014/20140513_080448_3416658.jpg
PIC_THUMBNAIL cache_lookup result=hit elapsed_us=2 uri=/run/media/peet/Data-500GB/Work-All/Work - 2014/20140505_134532_2383406.jpg
PIC_THUMBNAIL cache_lookup result=hit elapsed_us=2 uri=/run/media/peet/Data-500GB/Work-All/Work - 2014/20140430_173916_3231670.jpg
PIC_THUMBNAIL cache_lookup result=hit elapsed_us=2 uri=/run/media/peet/Data-500GB/Work-All/Work - 2014/20140430_173913_3175347.jpg
PIC_THUMBNAIL cache_lookup result=hit elapsed_us=2 uri=/run/media/peet/Data-500GB/Work-All/Work - 2014/20140430_173907_3119122.jpg
PIC_THUMBNAIL cache_lookup result=hit elapsed_us=2 uri=/run/media/peet/Data-500GB/Work-All/Work - 2014/20140430_173208_3207290.jpg
PIC_THUMBNAIL cache_lookup result=hit elapsed_us=2 uri=/run/media/peet/Data-500GB/Work-All/Work - 2014/20140430_160910_2330864.jpg
PIC_THUMBNAIL cache_lookup result=hit elapsed_us=2 uri=/run/media/peet/Data-500GB/Work-All/Work - 2014/20140430_124347_4668405.jpg
PIC_THUMBNAIL cache_lookup result=hit elapsed_us=2 uri=/run/media/peet/Data-500GB/Work-All/Work - 2014/20140430_124338_4466108.jpg
PIC_THUMBNAIL cache_lookup result=hit elapsed_us=2 uri=/run/media/peet/Data-500GB/Work-All/Work - 2014/20140430_124320_4766403.jpg
PIC_THUMBNAIL cache_lookup result=hit elapsed_us=2 uri=/run/media/peet/Data-500GB/Work-All/Work - 2014/20140430_124310_5350036.jpg
PIC_THUMBNAIL cache_lookup result=hit elapsed_us=2 uri=/run/media/peet/Data-500GB/Work-All/Work - 2014/20140430_121920_5844636.jpg
PIC_THUMBNAIL cache_lookup result=hit elapsed_us=2 uri=/run/media/peet/Data-500GB/Work-All/Work - 2014/20140430_120242_3171224.jpg
PIC_THUMBNAIL cache_lookup result=hit elapsed_us=3 uri=/run/media/peet/Data-500GB/Work-All/Work - 2014/20140430_120232_3729626.jpg
PIC_THUMBNAIL cache_lookup result=hit elapsed_us=3 uri=/run/media/peet/Data-500GB/Work-All/Work - 2014/20140430_115823_2875121.jpg
PIC_THUMBNAIL cache_lookup result=hit elapsed_us=2 uri=/run/media/peet/Data-500GB/Work-All/Work - 2014/20140430_115516_4138166.jpg
PIC_THUMBNAIL cache_lookup result=hit elapsed_us=2 uri=/run/media/peet/Data-500GB/Work-All/Work - 2014/20140430_115503_4215344.jpg
PIC_THUMBNAIL cache_lookup result=hit elapsed_us=2 uri=/run/media/peet/Data-500GB/Work-All/Work - 2014/20140430_065256_2191688.jpg
PIC_THUMBNAIL cache_lookup result=hit elapsed_us=2 uri=/run/media/peet/Data-500GB/Work-All/Work - 2014/20140429_092417_4951995.jpg
PIC_THUMBNAIL cache_lookup result=hit elapsed_us=2 uri=/run/media/peet/Data-500GB/Work-All/Work - 2014/20140429_092411_5612979.jpg
PIC_THUMBNAIL cache_lookup result=hit elapsed_us=3 uri=/run/media/peet/Data-500GB/Work-All/Work - 2014/20140429_092405_6969676.jpg
PIC_THUMBNAIL cache_lookup result=hit elapsed_us=2 uri=/run/media/peet/Data-500GB/Work-All/Work - 2014/20140429_092401_5937352.jpg
PIC_THUMBNAIL cache_lookup result=hit elapsed_us=3 uri=/run/media/peet/Data-500GB/Work-All/Work - 2014/20140429_092356_5653520.jpg
PIC_THUMBNAIL cache_lookup result=hit elapsed_us=2 uri=/run/media/peet/Data-500GB/Work-All/Work - 2014/20140429_092352_5923729.jpg
PIC_THUMBNAIL cache_lookup result=hit elapsed_us=3 uri=/run/media/peet/Data-500GB/Work-All/Work - 2014/20140429_092350_5089981.jpg
PIC_THUMBNAIL cache_lookup result=hit elapsed_us=3 uri=/run/media/peet/Data-500GB/Work-All/Work - 2014/20140411_110621_6234931.jpg
PIC_THUMBNAIL cache_lookup result=hit elapsed_us=3 uri=/run/media/peet/Data-500GB/Work-All/Work - 2014/20140411_110612_5808671.jpg
PIC_THUMBNAIL cache_lookup result=hit elapsed_us=2 uri=/run/media/peet/Data-500GB/Work-All/Work - 2014/20140411_110609_5942875.jpg
PIC_THUMBNAIL cache_lookup result=hit elapsed_us=2 uri=/run/media/peet/Data-500GB/Work-All/Work - 2014/20140411_110605_5998791.jpg
PIC_THUMBNAIL cache_lookup result=hit elapsed_us=2 uri=/run/media/peet/Data-500GB/Work-All/Work - 2014/20140411_110458_3930264.jpg
PIC_THUMBNAIL cache_lookup result=hit elapsed_us=2 uri=/run/media/peet/Data-500GB/Work-All/Work - 2014/20140411_110451_5269714.jpg
PIC_THUMBNAIL cache_lookup result=hit elapsed_us=2 uri=/run/media/peet/Data-500GB/Work-All/Work - 2014/20140411_110423_5546982.jpg
PIC_THUMBNAIL cache_lookup result=hit elapsed_us=2 uri=/run/media/peet/Data-500GB/Work-All/Work - 2014/20140411_104334_5070224.jpg
PIC_THUMBNAIL cache_lookup result=hit elapsed_us=2 uri=/run/media/peet/Data-500GB/Work-All/Work - 2014/20140411_104332_5467107.jpg
PIC_THUMBNAIL cache_lookup result=hit elapsed_us=2 uri=/run/media/peet/Data-500GB/Work-All/Work - 2014/20140411_104329_5581596.jpg
PIC_THUMBNAIL cache_lookup result=hit elapsed_us=3 uri=/run/media/peet/Data-500GB/Work-All/Work - 2014/20140411_104319_5129201.jpg
PIC_THUMBNAIL cache_lookup result=hit elapsed_us=2 uri=/run/media/peet/Data-500GB/Work-All/Work - 2014/20140411_104216_4072348.jpg
PIC_THUMBNAIL cache_lookup result=hit elapsed_us=3 uri=/run/media/peet/Data-500GB/Work-All/Work - 2014/20140411_104200_4482533.jpg
PIC_THUMBNAIL cache_lookup result=hit elapsed_us=2 uri=/run/media/peet/Data-500GB/Work-All/Work - 2014/20140411_104157_4291412.jpg
PIC_THUMBNAIL cache_lookup result=hit elapsed_us=2 uri=/run/media/peet/Data-500GB/Work-All/Work - 2014/20140411_104156_4458960.jpg
PIC_THUMBNAIL cache_lookup result=hit elapsed_us=2 uri=/run/media/peet/Data-500GB/Work-All/Work - 2014/20140411_104148_4833280.jpg
PIC_THUMBNAIL cache_lookup result=hit elapsed_us=3 uri=/run/media/peet/Data-500GB/Work-All/Work - 2014/20140411_103402_4359632.jpg
PIC_THUMBNAIL cache_lookup result=hit elapsed_us=2 uri=/run/media/peet/Data-500GB/Work-All/Work - 2014/20140411_103357_4322648.jpg
PIC_THUMBNAIL cache_lookup result=hit elapsed_us=2 uri=/run/media/peet/Data-500GB/Work-All/Work - 2014/20140411_103302_5079113.jpg
PIC_THUMBNAIL cache_lookup result=hit elapsed_us=2 uri=/run/media/peet/Data-500GB/Work-All/Work - 2014/20140411_103125_5635350.jpg
PIC_THUMBNAIL cache_lookup result=hit elapsed_us=2 uri=/run/media/peet/Data-500GB/Work-All/Work - 2014/20140411_103116_6678270.jpg
PIC_THUMBNAIL cache_lookup result=hit elapsed_us=2 uri=/run/media/peet/Data-500GB/Work-All/Work - 2014/20140411_103103_5800398.jpg
PIC_THUMBNAIL cache_lookup result=hit elapsed_us=2 uri=/run/media/peet/Data-500GB/Work-All/Work - 2014/20140411_103056_8729173.jpg
PIC_THUMBNAIL cache_lookup result=hit elapsed_us=2 uri=/run/media/peet/Data-500GB/Work-All/Work - 2014/20140411_103029_5059427.jpg
PIC_THUMBNAIL cache_lookup result=hit elapsed_us=3 uri=/run/media/peet/Data-500GB/Work-All/Work - 2014/20140411_103025_4589907.jpg
PIC_THUMBNAIL cache_lookup result=hit elapsed_us=3 uri=/run/media/peet/Data-500GB/Work-All/Work - 2014/20140411_102900_5349793.jpg
PIC_THUMBNAIL cache_lookup result=hit elapsed_us=3 uri=/run/media/peet/Data-500GB/Work-All/Work - 2014/20140411_102810_3357732.jpg
PIC_THUMBNAIL cache_lookup result=hit elapsed_us=3 uri=/run/media/peet/Data-500GB/Work-All/Work - 2014/20140411_102758_5055911.jpg
PIC_THUMBNAIL cache_lookup result=hit elapsed_us=2 uri=/run/media/peet/Data-500GB/Work-All/Work - 2014/20140411_102742_5308398.jpg
PIC_THUMBNAIL cache_lookup result=hit elapsed_us=3 uri=/run/media/peet/Data-500GB/Work-All/Work - 2014/20140411_102513_4918279.jpg
PIC_THUMBNAIL cache_lookup result=hit elapsed_us=3 uri=/run/media/peet/Data-500GB/Work-All/Work - 2014/20140411_102506_4227840.jpg
PIC_THUMBNAIL cache_lookup result=hit elapsed_us=3 uri=/run/media/peet/Data-500GB/Work-FB/FB-Wallpers/Balnd College Worcester1-2.jpg
PIC_THUMBNAIL cache_lookup result=hit elapsed_us=3 uri=/run/media/peet/Data-500GB/Work-FB/FB-Wallpers/Balnd College Worcester1.jpg
PIC_THUMBNAIL cache_lookup result=hit elapsed_us=3 uri=/run/media/peet/Data-500GB/Work-All/Work - 2013/Toilets/20130604_115206.jpg
PIC_THUMBNAIL cache_lookup result=hit elapsed_us=2 uri=/run/media/peet/Data-500GB/Work-All/Work - 2013/Toilets/20130604_115146.jpg
PIC_THUMBNAIL cache_lookup result=hit elapsed_us=2 uri=/run/media/peet/Data-500GB/Work-All/Work - 2013/Toilets/20130604_115111.jpg
PIC_THUMBNAIL cache_lookup result=hit elapsed_us=2 uri=/home/peet/Pictures/collage cage.jpg
===== SCAN COMPLETE: imported=0 failed=0 | progressive gallery updates complete =====
PIC_NAV gallery_replace photos=500
PIC_THUMBNAIL gtk_bind elapsed_us=414 id=4741
PIC_THUMBNAIL gtk_bind elapsed_us=16 id=4742
PIC_THUMBNAIL gtk_bind elapsed_us=13 id=4743
PIC_THUMBNAIL gtk_bind elapsed_us=13 id=569
PIC_THUMBNAIL gtk_bind elapsed_us=12 id=570
PIC_THUMBNAIL gtk_bind elapsed_us=14 id=4748
PIC_THUMBNAIL gtk_bind elapsed_us=14 id=4749
PIC_THUMBNAIL gtk_bind elapsed_us=15 id=4750
PIC_THUMBNAIL gtk_bind elapsed_us=13 id=4751
PIC_THUMBNAIL gtk_bind elapsed_us=14 id=4752
PIC_THUMBNAIL gtk_bind elapsed_us=13 id=4753
PIC_THUMBNAIL gtk_bind elapsed_us=13 id=4754
PIC_THUMBNAIL gtk_bind elapsed_us=13 id=4755
PIC_THUMBNAIL gtk_bind elapsed_us=14 id=4756
PIC_THUMBNAIL gtk_bind elapsed_us=13 id=4757
PIC_THUMBNAIL gtk_bind elapsed_us=17 id=4758
PIC_THUMBNAIL gtk_bind elapsed_us=16 id=4759
PIC_THUMBNAIL gtk_bind elapsed_us=15 id=4760
PIC_THUMBNAIL gtk_bind elapsed_us=15 id=4761
PIC_THUMBNAIL gtk_bind elapsed_us=16 id=4762
PIC_THUMBNAIL gtk_bind elapsed_us=14 id=4763
PIC_THUMBNAIL gtk_bind elapsed_us=13 id=4764
PIC_THUMBNAIL gtk_bind elapsed_us=13 id=4765
PIC_THUMBNAIL gtk_bind elapsed_us=14 id=4766
PIC_THUMBNAIL gtk_bind elapsed_us=13 id=4767
PIC_THUMBNAIL gtk_bind elapsed_us=13 id=4768
PIC_THUMBNAIL gtk_bind elapsed_us=13 id=4769
PIC_THUMBNAIL gtk_bind elapsed_us=13 id=4770
PIC_THUMBNAIL gtk_bind elapsed_us=13 id=4771
PIC_THUMBNAIL gtk_bind elapsed_us=29 id=4772
PIC_THUMBNAIL gtk_bind elapsed_us=14 id=4773
PIC_THUMBNAIL gtk_bind elapsed_us=15 id=4774
PIC_THUMBNAIL gtk_bind elapsed_us=14 id=4775
PIC_THUMBNAIL gtk_bind elapsed_us=16 id=4776
PIC_THUMBNAIL gtk_bind elapsed_us=14 id=4777
PIC_THUMBNAIL gtk_bind elapsed_us=13 id=4778
PIC_THUMBNAIL gtk_bind elapsed_us=24 id=4779
PIC_THUMBNAIL gtk_bind elapsed_us=28 id=4780
PIC_THUMBNAIL gtk_bind elapsed_us=24 id=4781
PIC_THUMBNAIL gtk_bind elapsed_us=20 id=4782
PIC_THUMBNAIL gtk_bind elapsed_us=20 id=4783
PIC_THUMBNAIL gtk_bind elapsed_us=21 id=4784
PIC_THUMBNAIL gtk_bind elapsed_us=18 id=4785
PIC_THUMBNAIL gtk_bind elapsed_us=21 id=4786
PIC_THUMBNAIL gtk_bind elapsed_us=16 id=4787
PIC_THUMBNAIL gtk_bind elapsed_us=15 id=4788
PIC_THUMBNAIL gtk_bind elapsed_us=23 id=4789
PIC_THUMBNAIL gtk_bind elapsed_us=21 id=4790
PIC_THUMBNAIL gtk_bind elapsed_us=20 id=4791
PIC_THUMBNAIL gtk_bind elapsed_us=15 id=4792
PIC_THUMBNAIL gtk_bind elapsed_us=16 id=4793
PIC_THUMBNAIL gtk_bind elapsed_us=16 id=4794
PIC_THUMBNAIL gtk_bind elapsed_us=18 id=4795
PIC_THUMBNAIL gtk_bind elapsed_us=19 id=4796
PIC_THUMBNAIL gtk_bind elapsed_us=20 id=4797
PIC_THUMBNAIL gtk_bind elapsed_us=18 id=4798
PIC_THUMBNAIL gtk_bind elapsed_us=23 id=4799
PIC_THUMBNAIL gtk_bind elapsed_us=16 id=4800
PIC_THUMBNAIL gtk_bind elapsed_us=16 id=4801
PIC_THUMBNAIL gtk_bind elapsed_us=16 id=4802
PIC_THUMBNAIL gtk_bind elapsed_us=12 id=4803
PIC_THUMBNAIL gtk_bind elapsed_us=13 id=4804
PIC_THUMBNAIL gtk_bind elapsed_us=14 id=4805
PIC_FILENAME label_update_batch count=64 total_us=79 max_us=3
PIC_THUMBNAIL gtk_bind elapsed_us=27 id=4806
PIC_THUMBNAIL gtk_bind elapsed_us=17 id=4807
PIC_THUMBNAIL gtk_bind elapsed_us=19 id=4808
PIC_THUMBNAIL gtk_bind elapsed_us=13 id=4809
PIC_THUMBNAIL gtk_bind elapsed_us=12 id=4810
PIC_THUMBNAIL gtk_bind elapsed_us=14 id=4811
PIC_THUMBNAIL gtk_bind elapsed_us=15 id=4812
PIC_THUMBNAIL gtk_bind elapsed_us=17 id=4813
PIC_THUMBNAIL gtk_bind elapsed_us=21 id=5105
PIC_THUMBNAIL gtk_bind elapsed_us=23 id=4814
PIC_THUMBNAIL gtk_bind elapsed_us=32 id=5106
PIC_THUMBNAIL gtk_bind elapsed_us=17 id=4815
PIC_THUMBNAIL gtk_bind elapsed_us=14 id=4816
PIC_THUMBNAIL gtk_bind elapsed_us=13 id=4817
PIC_THUMBNAIL gtk_bind elapsed_us=26 id=5107
PIC_THUMBNAIL gtk_bind elapsed_us=13 id=4818
PIC_THUMBNAIL gtk_bind elapsed_us=15 id=1496
PIC_THUMBNAIL gtk_bind elapsed_us=13 id=4819
PIC_THUMBNAIL gtk_bind elapsed_us=13 id=4820
PIC_THUMBNAIL gtk_bind elapsed_us=26 id=5100
PIC_THUMBNAIL gtk_bind elapsed_us=13 id=4821
PIC_THUMBNAIL gtk_bind elapsed_us=13 id=4822
PIC_THUMBNAIL gtk_bind elapsed_us=13 id=4823
PIC_THUMBNAIL gtk_bind elapsed_us=13 id=4824
PIC_THUMBNAIL gtk_bind elapsed_us=13 id=4825
PIC_THUMBNAIL gtk_bind elapsed_us=13 id=4826
PIC_THUMBNAIL gtk_bind elapsed_us=17 id=4827
PIC_THUMBNAIL gtk_bind elapsed_us=16 id=4828
PIC_THUMBNAIL gtk_bind elapsed_us=16 id=4829
PIC_THUMBNAIL gtk_bind elapsed_us=16 id=4830
PIC_THUMBNAIL gtk_bind elapsed_us=15 id=4831
PIC_THUMBNAIL gtk_bind elapsed_us=13 id=4832
PIC_THUMBNAIL gtk_bind elapsed_us=14 id=4833
PIC_THUMBNAIL gtk_bind elapsed_us=14 id=4834
PIC_THUMBNAIL gtk_bind elapsed_us=14 id=4835
PIC_THUMBNAIL gtk_bind elapsed_us=13 id=4836
PIC_THUMBNAIL gtk_bind elapsed_us=14 id=4837
PIC_THUMBNAIL gtk_bind elapsed_us=14 id=4838
PIC_THUMBNAIL gtk_bind elapsed_us=16 id=4839
PIC_THUMBNAIL gtk_bind elapsed_us=14 id=4840
PIC_THUMBNAIL gtk_bind elapsed_us=16 id=4841
PIC_THUMBNAIL gtk_bind elapsed_us=16 id=4842
PIC_THUMBNAIL gtk_bind elapsed_us=13 id=4843
PIC_THUMBNAIL gtk_bind elapsed_us=13 id=4844
PIC_THUMBNAIL gtk_bind elapsed_us=14 id=4845
PIC_THUMBNAIL gtk_bind elapsed_us=13 id=4846
PIC_THUMBNAIL gtk_bind elapsed_us=13 id=4847
PIC_THUMBNAIL gtk_bind elapsed_us=13 id=4848
PIC_THUMBNAIL gtk_bind elapsed_us=15 id=4849
PIC_THUMBNAIL gtk_bind elapsed_us=13 id=4850
PIC_THUMBNAIL gtk_bind elapsed_us=17 id=4851
PIC_THUMBNAIL gtk_bind elapsed_us=17 id=4852
PIC_THUMBNAIL gtk_bind elapsed_us=16 id=4853
PIC_THUMBNAIL gtk_bind elapsed_us=15 id=4854
PIC_THUMBNAIL gtk_bind elapsed_us=23 id=4855
PIC_THUMBNAIL gtk_bind elapsed_us=17 id=4856
PIC_THUMBNAIL gtk_bind elapsed_us=19 id=4857
PIC_THUMBNAIL gtk_bind elapsed_us=20 id=4858
PIC_THUMBNAIL gtk_bind elapsed_us=20 id=4859
PIC_THUMBNAIL gtk_bind elapsed_us=21 id=4860
PIC_THUMBNAIL gtk_bind elapsed_us=21 id=4861
PIC_THUMBNAIL gtk_bind elapsed_us=22 id=4862
PIC_THUMBNAIL gtk_bind elapsed_us=30 id=4863
PIC_THUMBNAIL gtk_bind elapsed_us=21 id=4864
PIC_FILENAME label_update_batch count=64 total_us=87 max_us=4
PIC_THUMBNAIL gtk_bind elapsed_us=29 id=4865
PIC_THUMBNAIL gtk_bind elapsed_us=23 id=4866
PIC_THUMBNAIL gtk_bind elapsed_us=24 id=4867
PIC_THUMBNAIL gtk_bind elapsed_us=35 id=4868
PIC_THUMBNAIL gtk_bind elapsed_us=17 id=4869
PIC_THUMBNAIL gtk_bind elapsed_us=15 id=4870
PIC_THUMBNAIL gtk_bind elapsed_us=15 id=4871
PIC_THUMBNAIL gtk_bind elapsed_us=14 id=4872
PIC_THUMBNAIL gtk_bind elapsed_us=14 id=4873
PIC_THUMBNAIL gtk_bind elapsed_us=14 id=4874
PIC_THUMBNAIL gtk_bind elapsed_us=15 id=4875
PIC_THUMBNAIL gtk_bind elapsed_us=25 id=4876
PIC_THUMBNAIL gtk_bind elapsed_us=15 id=4877
PIC_THUMBNAIL gtk_bind elapsed_us=14 id=4878
PIC_THUMBNAIL gtk_bind elapsed_us=14 id=4879
PIC_THUMBNAIL gtk_bind elapsed_us=12 id=4880
PIC_THUMBNAIL gtk_bind elapsed_us=12 id=4881
PIC_THUMBNAIL gtk_bind elapsed_us=13 id=4882
PIC_THUMBNAIL gtk_bind elapsed_us=12 id=4883
PIC_THUMBNAIL gtk_bind elapsed_us=12 id=4884
PIC_THUMBNAIL gtk_bind elapsed_us=12 id=4885
PIC_THUMBNAIL gtk_bind elapsed_us=12 id=4886
PIC_THUMBNAIL gtk_bind elapsed_us=11 id=4887
PIC_THUMBNAIL gtk_bind elapsed_us=12 id=4888
PIC_THUMBNAIL gtk_bind elapsed_us=13 id=4889
PIC_THUMBNAIL gtk_bind elapsed_us=12 id=4890
PIC_THUMBNAIL gtk_bind elapsed_us=11 id=4891
PIC_THUMBNAIL gtk_bind elapsed_us=12 id=4892
PIC_THUMBNAIL gtk_bind elapsed_us=23 id=4893
PIC_THUMBNAIL gtk_bind elapsed_us=12 id=4894
PIC_THUMBNAIL gtk_bind elapsed_us=12 id=4895
PIC_THUMBNAIL gtk_bind elapsed_us=12 id=4896
PIC_THUMBNAIL gtk_bind elapsed_us=12 id=4897
PIC_THUMBNAIL gtk_bind elapsed_us=12 id=4898
PIC_THUMBNAIL paintable_assign elapsed_us=10
PIC_THUMBNAIL paintable_assign elapsed_us=5
PIC_THUMBNAIL paintable_assign elapsed_us=7
PIC_THUMBNAIL paintable_assign elapsed_us=4
PIC_THUMBNAIL paintable_assign elapsed_us=4
PIC_THUMBNAIL paintable_assign elapsed_us=4
PIC_THUMBNAIL paintable_assign elapsed_us=4
PIC_THUMBNAIL paintable_assign elapsed_us=3
PIC_THUMBNAIL paintable_assign elapsed_us=3
PIC_THUMBNAIL paintable_assign elapsed_us=4
PIC_THUMBNAIL paintable_assign elapsed_us=3
PIC_THUMBNAIL paintable_assign elapsed_us=4
PIC_THUMBNAIL paintable_assign elapsed_us=3
PIC_THUMBNAIL paintable_assign elapsed_us=3
PIC_THUMBNAIL paintable_assign elapsed_us=5
PIC_THUMBNAIL paintable_assign elapsed_us=3
PIC_THUMBNAIL paintable_assign elapsed_us=4
PIC_THUMBNAIL paintable_assign elapsed_us=4
PIC_THUMBNAIL paintable_assign elapsed_us=4
PIC_THUMBNAIL paintable_assign elapsed_us=3
PIC_THUMBNAIL paintable_assign elapsed_us=3
PIC_THUMBNAIL paintable_assign elapsed_us=3
PIC_THUMBNAIL paintable_assign elapsed_us=3
PIC_THUMBNAIL paintable_assign elapsed_us=4
PIC_THUMBNAIL paintable_assign elapsed_us=4
PIC_THUMBNAIL paintable_assign elapsed_us=4
PIC_THUMBNAIL paintable_assign elapsed_us=3
PIC_THUMBNAIL paintable_assign elapsed_us=3
PIC_THUMBNAIL paintable_assign elapsed_us=4
PIC_THUMBNAIL paintable_assign elapsed_us=3
PIC_THUMBNAIL paintable_assign elapsed_us=3
PIC_THUMBNAIL paintable_assign elapsed_us=3
PIC_THUMBNAIL paintable_assign elapsed_us=14
PIC_THUMBNAIL paintable_assign elapsed_us=4
PIC_THUMBNAIL paintable_assign elapsed_us=4
PIC_THUMBNAIL paintable_assign elapsed_us=4
PIC_THUMBNAIL paintable_assign elapsed_us=3
PIC_THUMBNAIL paintable_assign elapsed_us=8
PIC_THUMBNAIL paintable_assign elapsed_us=5
PIC_THUMBNAIL paintable_assign elapsed_us=5
PIC_THUMBNAIL paintable_assign elapsed_us=6
PIC_THUMBNAIL paintable_assign elapsed_us=6
PIC_THUMBNAIL paintable_assign elapsed_us=6
PIC_THUMBNAIL paintable_assign elapsed_us=5
PIC_THUMBNAIL paintable_assign elapsed_us=6
PIC_THUMBNAIL paintable_assign elapsed_us=6
PIC_THUMBNAIL paintable_assign elapsed_us=6
PIC_THUMBNAIL paintable_assign elapsed_us=5
PIC_THUMBNAIL paintable_assign elapsed_us=6
PIC_THUMBNAIL paintable_assign elapsed_us=5
PIC_THUMBNAIL paintable_assign elapsed_us=5
PIC_THUMBNAIL paintable_assign elapsed_us=5
PIC_THUMBNAIL paintable_assign elapsed_us=5
PIC_THUMBNAIL paintable_assign elapsed_us=5
PIC_THUMBNAIL paintable_assign elapsed_us=5
PIC_THUMBNAIL paintable_assign elapsed_us=5
PIC_THUMBNAIL paintable_assign elapsed_us=6
PIC_THUMBNAIL paintable_assign elapsed_us=5
PIC_THUMBNAIL paintable_assign elapsed_us=5
PIC_THUMBNAIL paintable_assign elapsed_us=6
PIC_THUMBNAIL paintable_assign elapsed_us=14
PIC_THUMBNAIL paintable_assign elapsed_us=6
PIC_THUMBNAIL paintable_assign elapsed_us=5
PIC_THUMBNAIL paintable_assign elapsed_us=5
PIC_THUMBNAIL paintable_assign elapsed_us=6
PIC_THUMBNAIL paintable_assign elapsed_us=6
PIC_THUMBNAIL paintable_assign elapsed_us=6
PIC_THUMBNAIL paintable_assign elapsed_us=6
PIC_THUMBNAIL paintable_assign elapsed_us=5
PIC_THUMBNAIL paintable_assign elapsed_us=3
PIC_THUMBNAIL paintable_assign elapsed_us=4
PIC_THUMBNAIL paintable_assign elapsed_us=4
PIC_THUMBNAIL paintable_assign elapsed_us=7
PIC_THUMBNAIL paintable_assign elapsed_us=3
PIC_THUMBNAIL paintable_assign elapsed_us=3
PIC_THUMBNAIL paintable_assign elapsed_us=4
PIC_THUMBNAIL paintable_assign elapsed_us=3
PIC_THUMBNAIL paintable_assign elapsed_us=4
PIC_THUMBNAIL paintable_assign elapsed_us=4
PIC_THUMBNAIL paintable_assign elapsed_us=3
PIC_THUMBNAIL paintable_assign elapsed_us=3
PIC_THUMBNAIL paintable_assign elapsed_us=4
PIC_THUMBNAIL paintable_assign elapsed_us=3
PIC_THUMBNAIL paintable_assign elapsed_us=3
PIC_THUMBNAIL paintable_assign elapsed_us=4
PIC_THUMBNAIL paintable_assign elapsed_us=3
PIC_THUMBNAIL paintable_assign elapsed_us=4
PIC_THUMBNAIL paintable_assign elapsed_us=3
PIC_THUMBNAIL paintable_assign elapsed_us=3
PIC_THUMBNAIL paintable_assign elapsed_us=3
PIC_THUMBNAIL paintable_assign elapsed_us=4
PIC_THUMBNAIL paintable_assign elapsed_us=4
PIC_THUMBNAIL paintable_assign elapsed_us=4
PIC_THUMBNAIL paintable_assign elapsed_us=3
PIC_THUMBNAIL paintable_assign elapsed_us=4
PIC_THUMBNAIL paintable_assign elapsed_us=5
PIC_THUMBNAIL paintable_assign elapsed_us=4
PIC_THUMBNAIL paintable_assign elapsed_us=3
PIC_THUMBNAIL paintable_assign elapsed_us=4
PIC_THUMBNAIL paintable_assign elapsed_us=3
PIC_THUMBNAIL paintable_assign elapsed_us=3
PIC_THUMBNAIL paintable_assign elapsed_us=3
PIC_THUMBNAIL paintable_assign elapsed_us=4
PIC_THUMBNAIL paintable_assign elapsed_us=3
PIC_THUMBNAIL paintable_assign elapsed_us=4
PIC_THUMBNAIL paintable_assign elapsed_us=4
PIC_THUMBNAIL paintable_assign elapsed_us=4
PIC_THUMBNAIL paintable_assign elapsed_us=5
PIC_THUMBNAIL paintable_assign elapsed_us=4
PIC_THUMBNAIL paintable_assign elapsed_us=3
PIC_THUMBNAIL paintable_assign elapsed_us=4
PIC_THUMBNAIL paintable_assign elapsed_us=4
PIC_THUMBNAIL paintable_assign elapsed_us=4
PIC_THUMBNAIL paintable_assign elapsed_us=4
PIC_THUMBNAIL paintable_assign elapsed_us=4
PIC_THUMBNAIL paintable_assign elapsed_us=3
PIC_THUMBNAIL paintable_assign elapsed_us=4
PIC_THUMBNAIL paintable_assign elapsed_us=4
PIC_THUMBNAIL paintable_assign elapsed_us=3
PIC_THUMBNAIL paintable_assign elapsed_us=3
PIC_THUMBNAIL paintable_assign elapsed_us=4
PIC_THUMBNAIL paintable_assign elapsed_us=4
PIC_THUMBNAIL paintable_assign elapsed_us=3
PIC_THUMBNAIL paintable_assign elapsed_us=4
PIC_THUMBNAIL paintable_assign elapsed_us=4
PIC_THUMBNAIL paintable_assign elapsed_us=4
PIC_THUMBNAIL paintable_assign elapsed_us=12
PIC_THUMBNAIL paintable_assign elapsed_us=4
PIC_THUMBNAIL paintable_assign elapsed_us=4
PIC_THUMBNAIL paintable_assign elapsed_us=4
PIC_THUMBNAIL paintable_assign elapsed_us=6
PIC_THUMBNAIL paintable_assign elapsed_us=6
PIC_THUMBNAIL paintable_assign elapsed_us=7
PIC_THUMBNAIL paintable_assign elapsed_us=7
PIC_THUMBNAIL paintable_assign elapsed_us=7
PIC_THUMBNAIL paintable_assign elapsed_us=6
PIC_THUMBNAIL paintable_assign elapsed_us=6
PIC_THUMBNAIL paintable_assign elapsed_us=6
PIC_THUMBNAIL paintable_assign elapsed_us=6
PIC_THUMBNAIL paintable_assign elapsed_us=6
PIC_THUMBNAIL paintable_assign elapsed_us=7
PIC_THUMBNAIL paintable_assign elapsed_us=6
PIC_THUMBNAIL paintable_assign elapsed_us=10
PIC_THUMBNAIL paintable_assign elapsed_us=6
PIC_THUMBNAIL paintable_assign elapsed_us=7
PIC_THUMBNAIL paintable_assign elapsed_us=7
PIC_THUMBNAIL paintable_assign elapsed_us=7
PIC_THUMBNAIL paintable_assign elapsed_us=6
PIC_THUMBNAIL paintable_assign elapsed_us=6
PIC_THUMBNAIL paintable_assign elapsed_us=6
PIC_THUMBNAIL paintable_assign elapsed_us=7
PIC_THUMBNAIL paintable_assign elapsed_us=7
PIC_THUMBNAIL paintable_assign elapsed_us=6
PIC_THUMBNAIL paintable_assign elapsed_us=6
PIC_THUMBNAIL paintable_assign elapsed_us=7
PIC_THUMBNAIL paintable_assign elapsed_us=6
PIC_THUMBNAIL paintable_assign elapsed_us=6
PIC_THUMBNAIL paintable_assign elapsed_us=6
PIC_THUMBNAIL paintable_assign elapsed_us=6
PIC_THUMBNAIL paintable_assign elapsed_us=6
PIC_THUMBNAIL paintable_assign elapsed_us=6
PIC_NAV current_columns_changed old=5 new=6
PIC_THUMBNAIL gtk_bind elapsed_us=21 id=4899
PIC_THUMBNAIL gtk_bind elapsed_us=16 id=4900
PIC_THUMBNAIL gtk_bind elapsed_us=16 id=4901
PIC_THUMBNAIL gtk_bind elapsed_us=15 id=4902
PIC_THUMBNAIL gtk_bind elapsed_us=15 id=4903
PIC_THUMBNAIL gtk_bind elapsed_us=15 id=4904
PIC_THUMBNAIL gtk_bind elapsed_us=14 id=4905
PIC_THUMBNAIL gtk_bind elapsed_us=15 id=4906
PIC_THUMBNAIL gtk_bind elapsed_us=15 id=4907
PIC_THUMBNAIL gtk_bind elapsed_us=15 id=4908
PIC_THUMBNAIL gtk_bind elapsed_us=17 id=4909
PIC_THUMBNAIL gtk_bind elapsed_us=15 id=4910
PIC_THUMBNAIL gtk_bind elapsed_us=20 id=4911
PIC_THUMBNAIL gtk_bind elapsed_us=15 id=4912
PIC_THUMBNAIL gtk_bind elapsed_us=17 id=4913
PIC_THUMBNAIL gtk_bind elapsed_us=17 id=4914
PIC_THUMBNAIL gtk_bind elapsed_us=18 id=4915
PIC_THUMBNAIL gtk_bind elapsed_us=17 id=4916
PIC_THUMBNAIL gtk_bind elapsed_us=17 id=4917
PIC_THUMBNAIL gtk_bind elapsed_us=15 id=4918
PIC_THUMBNAIL gtk_bind elapsed_us=16 id=4919
PIC_THUMBNAIL gtk_bind elapsed_us=17 id=4920
PIC_THUMBNAIL gtk_bind elapsed_us=20 id=4921
PIC_THUMBNAIL gtk_bind elapsed_us=15 id=4922
PIC_THUMBNAIL gtk_bind elapsed_us=17 id=4923
PIC_THUMBNAIL gtk_bind elapsed_us=16 id=4924
PIC_THUMBNAIL gtk_bind elapsed_us=17 id=4925
PIC_THUMBNAIL gtk_bind elapsed_us=15 id=4926
PIC_THUMBNAIL gtk_bind elapsed_us=14 id=4927
PIC_THUMBNAIL gtk_bind elapsed_us=15 id=4928
PIC_FILENAME label_update_batch count=64 total_us=72 max_us=6
PIC_THUMBNAIL gtk_bind elapsed_us=27 id=4929
PIC_THUMBNAIL gtk_bind elapsed_us=15 id=4930
PIC_ZOOM layout mode=grid action=columns_changed old_columns=5 columns=6 width=1737 elapsed_us=4710
PIC_ZOOM_TRACE pointer_enter x=1120.1 y=307.4
PIC_THUMBNAIL paintable_assign elapsed_us=8
PIC_THUMBNAIL paintable_assign elapsed_us=4
PIC_THUMBNAIL paintable_assign elapsed_us=3
PIC_THUMBNAIL paintable_assign elapsed_us=3
PIC_THUMBNAIL paintable_assign elapsed_us=3
PIC_THUMBNAIL paintable_assign elapsed_us=3
PIC_THUMBNAIL paintable_assign elapsed_us=3
PIC_THUMBNAIL paintable_assign elapsed_us=3
PIC_THUMBNAIL paintable_assign elapsed_us=3
PIC_THUMBNAIL paintable_assign elapsed_us=10
PIC_THUMBNAIL paintable_assign elapsed_us=3
PIC_THUMBNAIL paintable_assign elapsed_us=3
PIC_THUMBNAIL paintable_assign elapsed_us=3
PIC_THUMBNAIL paintable_assign elapsed_us=3
PIC_THUMBNAIL paintable_assign elapsed_us=3
PIC_THUMBNAIL paintable_assign elapsed_us=3
PIC_THUMBNAIL paintable_assign elapsed_us=3
PIC_THUMBNAIL paintable_assign elapsed_us=3
PIC_THUMBNAIL paintable_assign elapsed_us=3
PIC_THUMBNAIL paintable_assign elapsed_us=3
PIC_THUMBNAIL paintable_assign elapsed_us=3
PIC_THUMBNAIL paintable_assign elapsed_us=3
PIC_THUMBNAIL paintable_assign elapsed_us=3
PIC_THUMBNAIL paintable_assign elapsed_us=3
PIC_THUMBNAIL paintable_assign elapsed_us=3
PIC_THUMBNAIL paintable_assign elapsed_us=3
PIC_THUMBNAIL paintable_assign elapsed_us=3
PIC_THUMBNAIL paintable_assign elapsed_us=3
PIC_THUMBNAIL paintable_assign elapsed_us=3
PIC_THUMBNAIL paintable_assign elapsed_us=3
PIC_THUMBNAIL paintable_assign elapsed_us=3
PIC_THUMBNAIL paintable_assign elapsed_us=3
PIC_THUMBNAIL gtk_bind elapsed_us=24 id=3980
PIC_THUMBNAIL gtk_bind elapsed_us=176 id=3951
PIC_THUMBNAIL gtk_bind elapsed_us=39 id=3952
PIC_THUMBNAIL gtk_bind elapsed_us=34 id=3953
PIC_THUMBNAIL gtk_bind elapsed_us=34 id=3954
PIC_THUMBNAIL gtk_bind elapsed_us=33 id=3955
PIC_THUMBNAIL gtk_bind elapsed_us=32 id=3956
PIC_THUMBNAIL gtk_bind elapsed_us=33 id=3957
PIC_THUMBNAIL gtk_bind elapsed_us=46 id=3958
PIC_THUMBNAIL gtk_bind elapsed_us=48 id=3959
PIC_THUMBNAIL gtk_bind elapsed_us=45 id=3960
PIC_THUMBNAIL gtk_bind elapsed_us=45 id=3961
PIC_THUMBNAIL gtk_bind elapsed_us=45 id=3962
PIC_THUMBNAIL gtk_bind elapsed_us=47 id=3963
PIC_THUMBNAIL gtk_bind elapsed_us=53 id=3729
PIC_THUMBNAIL gtk_bind elapsed_us=59 id=3730
PIC_THUMBNAIL gtk_bind elapsed_us=51 id=3731
PIC_THUMBNAIL gtk_bind elapsed_us=77 id=3732
PIC_THUMBNAIL gtk_bind elapsed_us=50 id=3733
PIC_THUMBNAIL gtk_bind elapsed_us=45 id=3734
PIC_THUMBNAIL gtk_bind elapsed_us=46 id=3735
PIC_THUMBNAIL gtk_bind elapsed_us=46 id=3736
PIC_THUMBNAIL gtk_bind elapsed_us=50 id=3737
PIC_THUMBNAIL gtk_bind elapsed_us=54 id=3738
PIC_THUMBNAIL gtk_bind elapsed_us=56 id=3739
PIC_THUMBNAIL gtk_bind elapsed_us=42 id=3740
PIC_THUMBNAIL gtk_bind elapsed_us=36 id=3741
PIC_THUMBNAIL gtk_bind elapsed_us=34 id=3742
PIC_THUMBNAIL gtk_bind elapsed_us=34 id=3743
PIC_THUMBNAIL gtk_bind elapsed_us=35 id=3941
PIC_THUMBNAIL gtk_bind elapsed_us=49 id=3701
PIC_THUMBNAIL gtk_bind elapsed_us=46 id=3702
PIC_THUMBNAIL gtk_bind elapsed_us=52 id=3703
PIC_THUMBNAIL gtk_bind elapsed_us=49 id=3704
PIC_THUMBNAIL gtk_bind elapsed_us=51 id=3705
PIC_THUMBNAIL gtk_bind elapsed_us=61 id=3706
PIC_THUMBNAIL gtk_bind elapsed_us=46 id=3707
PIC_THUMBNAIL gtk_bind elapsed_us=42 id=3708
PIC_THUMBNAIL gtk_bind elapsed_us=42 id=3709
PIC_THUMBNAIL gtk_bind elapsed_us=42 id=3865
PIC_THUMBNAIL gtk_bind elapsed_us=43 id=1916
PIC_THUMBNAIL gtk_bind elapsed_us=44 id=1917
PIC_THUMBNAIL gtk_bind elapsed_us=43 id=3866
PIC_THUMBNAIL gtk_bind elapsed_us=42 id=1918
PIC_THUMBNAIL gtk_bind elapsed_us=43 id=1919
PIC_THUMBNAIL gtk_bind elapsed_us=41 id=1920
PIC_THUMBNAIL gtk_bind elapsed_us=42 id=1921
PIC_THUMBNAIL gtk_bind elapsed_us=44 id=3867
PIC_THUMBNAIL gtk_bind elapsed_us=43 id=1922
PIC_THUMBNAIL gtk_bind elapsed_us=55 id=3868
PIC_THUMBNAIL gtk_bind elapsed_us=56 id=1923
PIC_THUMBNAIL gtk_bind elapsed_us=50 id=1924
PIC_THUMBNAIL gtk_bind elapsed_us=47 id=3869
PIC_THUMBNAIL gtk_bind elapsed_us=46 id=3870
PIC_THUMBNAIL gtk_bind elapsed_us=45 id=3871
PIC_THUMBNAIL gtk_bind elapsed_us=46 id=1925
PIC_THUMBNAIL gtk_bind elapsed_us=46 id=3872
PIC_THUMBNAIL gtk_bind elapsed_us=46 id=1926
PIC_THUMBNAIL gtk_bind elapsed_us=46 id=1927
PIC_THUMBNAIL gtk_bind elapsed_us=47 id=1908
PIC_THUMBNAIL gtk_bind elapsed_us=44 id=1909
PIC_THUMBNAIL gtk_bind elapsed_us=46 id=1910
PIC_FILENAME label_update_batch count=64 total_us=1756 max_us=155
PIC_THUMBNAIL gtk_bind elapsed_us=56 id=1911
PIC_THUMBNAIL gtk_bind elapsed_us=50 id=1912
PIC_THUMBNAIL gtk_bind elapsed_us=48 id=1913
PIC_THUMBNAIL gtk_bind elapsed_us=50 id=1914
PIC_THUMBNAIL gtk_bind elapsed_us=67 id=1915
PIC_THUMBNAIL gtk_bind elapsed_us=121 id=3783
PIC_THUMBNAIL gtk_bind elapsed_us=49 id=3784
PIC_THUMBNAIL gtk_bind elapsed_us=49 id=3785
PIC_THUMBNAIL gtk_bind elapsed_us=49 id=3786
PIC_THUMBNAIL gtk_bind elapsed_us=46 id=3787
PIC_THUMBNAIL gtk_bind elapsed_us=46 id=3788
PIC_THUMBNAIL gtk_bind elapsed_us=50 id=571
PIC_THUMBNAIL gtk_bind elapsed_us=51 id=1665
PIC_THUMBNAIL gtk_bind elapsed_us=49 id=3790
PIC_THUMBNAIL gtk_bind elapsed_us=50 id=1666
PIC_THUMBNAIL gtk_bind elapsed_us=54 id=3791
PIC_THUMBNAIL gtk_bind elapsed_us=86 id=1667
PIC_THUMBNAIL gtk_bind elapsed_us=51 id=3792
PIC_THUMBNAIL gtk_bind elapsed_us=48 id=1657
PIC_THUMBNAIL gtk_bind elapsed_us=46 id=1668
PIC_THUMBNAIL gtk_bind elapsed_us=47 id=3793
PIC_THUMBNAIL gtk_bind elapsed_us=49 id=3794
PIC_THUMBNAIL gtk_bind elapsed_us=52 id=1669
PIC_THUMBNAIL gtk_bind elapsed_us=52 id=3795
PIC_THUMBNAIL gtk_bind elapsed_us=47 id=3796
PIC_THUMBNAIL gtk_bind elapsed_us=48 id=1658
PIC_THUMBNAIL gtk_bind elapsed_us=50 id=3797
PIC_THUMBNAIL gtk_bind elapsed_us=45 id=1659
PIC_THUMBNAIL gtk_bind elapsed_us=45 id=3798
PIC_THUMBNAIL gtk_bind elapsed_us=44 id=3799
PIC_THUMBNAIL gtk_bind elapsed_us=47 id=1670
PIC_THUMBNAIL gtk_bind elapsed_us=47 id=3800
PIC_THUMBNAIL gtk_bind elapsed_us=46 id=1671
PIC_THUMBNAIL gtk_bind elapsed_us=46 id=3801
PIC_THUMBNAIL gtk_bind elapsed_us=51 id=3802
PIC_THUMBNAIL gtk_bind elapsed_us=62 id=1672
PIC_THUMBNAIL gtk_bind elapsed_us=48 id=3803
PIC_THUMBNAIL gtk_bind elapsed_us=47 id=3804
PIC_THUMBNAIL gtk_bind elapsed_us=50 id=1660
PIC_THUMBNAIL gtk_bind elapsed_us=46 id=3805
PIC_THUMBNAIL gtk_bind elapsed_us=45 id=1661
PIC_THUMBNAIL gtk_bind elapsed_us=45 id=1662
PIC_THUMBNAIL gtk_bind elapsed_us=46 id=3806
PIC_THUMBNAIL gtk_bind elapsed_us=46 id=1663
PIC_THUMBNAIL gtk_bind elapsed_us=43 id=3807
PIC_THUMBNAIL gtk_bind elapsed_us=46 id=1673
PIC_THUMBNAIL gtk_bind elapsed_us=43 id=3808
PIC_THUMBNAIL gtk_bind elapsed_us=43 id=3809
PIC_THUMBNAIL gtk_bind elapsed_us=44 id=1674
PIC_THUMBNAIL gtk_bind elapsed_us=51 id=3810
PIC_THUMBNAIL gtk_bind elapsed_us=49 id=1675
PIC_THUMBNAIL gtk_bind elapsed_us=48 id=3811
PIC_THUMBNAIL gtk_bind elapsed_us=60 id=1664
PIC_THUMBNAIL gtk_bind elapsed_us=53 id=3812
PIC_THUMBNAIL gtk_bind elapsed_us=46 id=1676
PIC_THUMBNAIL gtk_bind elapsed_us=46 id=3881
PIC_THUMBNAIL gtk_bind elapsed_us=44 id=3882
PIC_THUMBNAIL gtk_bind elapsed_us=46 id=3883
PIC_THUMBNAIL gtk_bind elapsed_us=44 id=3884
PIC_THUMBNAIL gtk_bind elapsed_us=43 id=3885
PIC_THUMBNAIL gtk_bind elapsed_us=43 id=3886
PIC_THUMBNAIL gtk_bind elapsed_us=44 id=3887
PIC_THUMBNAIL gtk_bind elapsed_us=51 id=3888
PIC_THUMBNAIL gtk_bind elapsed_us=50 id=3972
PIC_FILENAME label_update_batch count=64 total_us=1662 max_us=61
PIC_THUMBNAIL gtk_bind elapsed_us=63 id=3973
PIC_THUMBNAIL gtk_bind elapsed_us=50 id=360
PIC_THUMBNAIL gtk_bind elapsed_us=52 id=3974
PIC_THUMBNAIL gtk_bind elapsed_us=65 id=3975
PIC_THUMBNAIL gtk_bind elapsed_us=45 id=3976
PIC_THUMBNAIL gtk_bind elapsed_us=56 id=361
PIC_THUMBNAIL gtk_bind elapsed_us=46 id=362
PIC_THUMBNAIL gtk_bind elapsed_us=118 id=3977
PIC_THUMBNAIL gtk_bind elapsed_us=53 id=363
PIC_THUMBNAIL gtk_bind elapsed_us=53 id=3978
PIC_THUMBNAIL gtk_bind elapsed_us=52 id=364
PIC_THUMBNAIL gtk_bind elapsed_us=47 id=3979
PIC_THUMBNAIL gtk_bind elapsed_us=52 id=365
PIC_THUMBNAIL gtk_bind elapsed_us=48 id=366
PIC_THUMBNAIL gtk_bind elapsed_us=177 id=3981
PIC_THUMBNAIL gtk_bind elapsed_us=85 id=367
PIC_THUMBNAIL gtk_bind elapsed_us=68 id=3966
PIC_THUMBNAIL gtk_bind elapsed_us=83 id=3967
PIC_THUMBNAIL gtk_bind elapsed_us=73 id=3970
PIC_THUMBNAIL gtk_bind elapsed_us=75 id=5111
PIC_THUMBNAIL gtk_bind elapsed_us=68 id=5116
PIC_THUMBNAIL gtk_bind elapsed_us=69 id=5117
PIC_THUMBNAIL gtk_bind elapsed_us=69 id=5112
PIC_THUMBNAIL gtk_bind elapsed_us=66 id=3890
PIC_THUMBNAIL gtk_bind elapsed_us=72 id=3893
PIC_THUMBNAIL gtk_bind elapsed_us=71 id=3894
PIC_THUMBNAIL gtk_bind elapsed_us=70 id=3895
PIC_THUMBNAIL gtk_bind elapsed_us=70 id=3896
PIC_THUMBNAIL gtk_bind elapsed_us=76 id=3897
PIC_THUMBNAIL gtk_bind elapsed_us=66 id=3898
PIC_THUMBNAIL gtk_bind elapsed_us=66 id=3899
PIC_THUMBNAIL gtk_bind elapsed_us=64 id=3900
PIC_THUMBNAIL gtk_bind elapsed_us=64 id=3901
PIC_THUMBNAIL gtk_bind elapsed_us=64 id=3902
PIC_THUMBNAIL gtk_bind elapsed_us=69 id=3903
PIC_THUMBNAIL gtk_bind elapsed_us=71 id=3904
PIC_THUMBNAIL gtk_bind elapsed_us=77 id=3905
PIC_THUMBNAIL gtk_bind elapsed_us=70 id=3906
PIC_THUMBNAIL gtk_bind elapsed_us=63 id=3907
PIC_THUMBNAIL gtk_bind elapsed_us=63 id=3908
PIC_THUMBNAIL gtk_bind elapsed_us=72 id=3909
PIC_THUMBNAIL gtk_bind elapsed_us=65 id=3910
PIC_THUMBNAIL gtk_bind elapsed_us=65 id=3911
PIC_THUMBNAIL gtk_bind elapsed_us=67 id=3912
PIC_THUMBNAIL gtk_bind elapsed_us=69 id=3913
PIC_THUMBNAIL gtk_bind elapsed_us=70 id=3914
PIC_THUMBNAIL gtk_bind elapsed_us=67 id=3915
PIC_THUMBNAIL gtk_bind elapsed_us=63 id=3916
PIC_THUMBNAIL gtk_bind elapsed_us=65 id=3917
PIC_THUMBNAIL gtk_bind elapsed_us=62 id=3918
PIC_THUMBNAIL gtk_bind elapsed_us=62 id=3919
PIC_THUMBNAIL gtk_bind elapsed_us=63 id=3920
PIC_THUMBNAIL gtk_bind elapsed_us=70 id=3921
PIC_THUMBNAIL gtk_bind elapsed_us=80 id=3922
PIC_THUMBNAIL gtk_bind elapsed_us=69 id=3923
PIC_THUMBNAIL gtk_bind elapsed_us=70 id=3924
PIC_THUMBNAIL gtk_bind elapsed_us=68 id=3925
PIC_THUMBNAIL gtk_bind elapsed_us=63 id=3926
PIC_THUMBNAIL gtk_bind elapsed_us=121 id=3927
PIC_THUMBNAIL gtk_bind elapsed_us=65 id=3928
PIC_THUMBNAIL gtk_bind elapsed_us=65 id=3929
PIC_THUMBNAIL gtk_bind elapsed_us=71 id=3930
PIC_THUMBNAIL gtk_bind elapsed_us=68 id=3931
PIC_THUMBNAIL gtk_bind elapsed_us=70 id=3932
PIC_FILENAME label_update_batch count=64 total_us=2724 max_us=119
PIC_THUMBNAIL gtk_bind elapsed_us=86 id=3933
PIC_THUMBNAIL gtk_bind elapsed_us=101 id=3934
PIC_THUMBNAIL gtk_bind elapsed_us=66 id=3935
PIC_THUMBNAIL paintable_assign elapsed_us=20
PIC_THUMBNAIL paintable_assign elapsed_us=9
PIC_THUMBNAIL paintable_assign elapsed_us=8
PIC_THUMBNAIL paintable_assign elapsed_us=8
PIC_THUMBNAIL paintable_assign elapsed_us=7
PIC_THUMBNAIL paintable_assign elapsed_us=7
PIC_THUMBNAIL paintable_assign elapsed_us=7
PIC_THUMBNAIL paintable_assign elapsed_us=7
PIC_THUMBNAIL paintable_assign elapsed_us=8
PIC_THUMBNAIL paintable_assign elapsed_us=7
PIC_THUMBNAIL paintable_assign elapsed_us=6
PIC_THUMBNAIL paintable_assign elapsed_us=6
PIC_THUMBNAIL paintable_assign elapsed_us=7
PIC_THUMBNAIL paintable_assign elapsed_us=6
PIC_THUMBNAIL paintable_assign elapsed_us=6
PIC_THUMBNAIL paintable_assign elapsed_us=5
PIC_THUMBNAIL paintable_assign elapsed_us=6
PIC_THUMBNAIL paintable_assign elapsed_us=6
PIC_THUMBNAIL paintable_assign elapsed_us=6
PIC_THUMBNAIL paintable_assign elapsed_us=5
PIC_THUMBNAIL paintable_assign elapsed_us=15
PIC_THUMBNAIL paintable_assign elapsed_us=7
PIC_THUMBNAIL paintable_assign elapsed_us=6
PIC_THUMBNAIL paintable_assign elapsed_us=6
PIC_THUMBNAIL paintable_assign elapsed_us=6
PIC_THUMBNAIL paintable_assign elapsed_us=7
PIC_THUMBNAIL paintable_assign elapsed_us=6
PIC_THUMBNAIL paintable_assign elapsed_us=6
PIC_THUMBNAIL paintable_assign elapsed_us=5
PIC_THUMBNAIL paintable_assign elapsed_us=6
PIC_THUMBNAIL paintable_assign elapsed_us=5
PIC_THUMBNAIL paintable_assign elapsed_us=5
PIC_THUMBNAIL paintable_assign elapsed_us=8
PIC_THUMBNAIL paintable_assign elapsed_us=7
PIC_THUMBNAIL paintable_assign elapsed_us=6
PIC_THUMBNAIL paintable_assign elapsed_us=6
PIC_THUMBNAIL paintable_assign elapsed_us=7
PIC_THUMBNAIL paintable_assign elapsed_us=6
PIC_THUMBNAIL paintable_assign elapsed_us=6
PIC_THUMBNAIL paintable_assign elapsed_us=6
PIC_THUMBNAIL paintable_assign elapsed_us=6
PIC_THUMBNAIL paintable_assign elapsed_us=6
PIC_THUMBNAIL paintable_assign elapsed_us=7
PIC_THUMBNAIL paintable_assign elapsed_us=7
PIC_THUMBNAIL paintable_assign elapsed_us=6
PIC_THUMBNAIL paintable_assign elapsed_us=6
PIC_THUMBNAIL paintable_assign elapsed_us=7
PIC_THUMBNAIL paintable_assign elapsed_us=6
PIC_THUMBNAIL paintable_assign elapsed_us=6
PIC_THUMBNAIL paintable_assign elapsed_us=5
PIC_THUMBNAIL paintable_assign elapsed_us=7
PIC_THUMBNAIL paintable_assign elapsed_us=7
PIC_THUMBNAIL paintable_assign elapsed_us=7
PIC_THUMBNAIL paintable_assign elapsed_us=6
PIC_THUMBNAIL paintable_assign elapsed_us=6
PIC_THUMBNAIL paintable_assign elapsed_us=5
PIC_THUMBNAIL paintable_assign elapsed_us=6
PIC_THUMBNAIL paintable_assign elapsed_us=5
PIC_THUMBNAIL paintable_assign elapsed_us=6
PIC_THUMBNAIL paintable_assign elapsed_us=6
PIC_THUMBNAIL paintable_assign elapsed_us=6
PIC_THUMBNAIL paintable_assign elapsed_us=6
PIC_THUMBNAIL paintable_assign elapsed_us=5
PIC_THUMBNAIL paintable_assign elapsed_us=6
PIC_THUMBNAIL paintable_assign elapsed_us=5
PIC_THUMBNAIL paintable_assign elapsed_us=6
PIC_THUMBNAIL paintable_assign elapsed_us=6
PIC_THUMBNAIL paintable_assign elapsed_us=6
PIC_THUMBNAIL paintable_assign elapsed_us=6
PIC_THUMBNAIL paintable_assign elapsed_us=5
PIC_THUMBNAIL paintable_assign elapsed_us=5
PIC_THUMBNAIL paintable_assign elapsed_us=6
PIC_THUMBNAIL paintable_assign elapsed_us=6
PIC_THUMBNAIL paintable_assign elapsed_us=5
PIC_THUMBNAIL paintable_assign elapsed_us=5
PIC_THUMBNAIL paintable_assign elapsed_us=6
PIC_THUMBNAIL paintable_assign elapsed_us=6
PIC_THUMBNAIL paintable_assign elapsed_us=6
PIC_THUMBNAIL paintable_assign elapsed_us=6
PIC_THUMBNAIL paintable_assign elapsed_us=5
PIC_THUMBNAIL paintable_assign elapsed_us=6
PIC_THUMBNAIL paintable_assign elapsed_us=6
PIC_THUMBNAIL paintable_assign elapsed_us=6
PIC_THUMBNAIL paintable_assign elapsed_us=5
PIC_THUMBNAIL paintable_assign elapsed_us=6
PIC_THUMBNAIL paintable_assign elapsed_us=6
PIC_THUMBNAIL paintable_assign elapsed_us=6
PIC_THUMBNAIL paintable_assign elapsed_us=7
PIC_THUMBNAIL paintable_assign elapsed_us=7
PIC_THUMBNAIL paintable_assign elapsed_us=8
PIC_THUMBNAIL paintable_assign elapsed_us=7
PIC_THUMBNAIL paintable_assign elapsed_us=6
PIC_THUMBNAIL paintable_assign elapsed_us=6
PIC_THUMBNAIL paintable_assign elapsed_us=8
PIC_THUMBNAIL paintable_assign elapsed_us=6
PIC_THUMBNAIL paintable_assign elapsed_us=7
PIC_THUMBNAIL paintable_assign elapsed_us=8
PIC_THUMBNAIL paintable_assign elapsed_us=16
PIC_THUMBNAIL paintable_assign elapsed_us=7
PIC_THUMBNAIL paintable_assign elapsed_us=6
PIC_THUMBNAIL paintable_assign elapsed_us=6
PIC_THUMBNAIL paintable_assign elapsed_us=6
PIC_THUMBNAIL paintable_assign elapsed_us=6
PIC_THUMBNAIL paintable_assign elapsed_us=7
PIC_THUMBNAIL paintable_assign elapsed_us=10
PIC_THUMBNAIL paintable_assign elapsed_us=7
PIC_THUMBNAIL paintable_assign elapsed_us=6
PIC_THUMBNAIL paintable_assign elapsed_us=6
PIC_THUMBNAIL paintable_assign elapsed_us=6
PIC_THUMBNAIL paintable_assign elapsed_us=6
PIC_THUMBNAIL paintable_assign elapsed_us=6
PIC_THUMBNAIL paintable_assign elapsed_us=5
PIC_THUMBNAIL paintable_assign elapsed_us=6
PIC_THUMBNAIL paintable_assign elapsed_us=5
PIC_THUMBNAIL paintable_assign elapsed_us=6
PIC_THUMBNAIL paintable_assign elapsed_us=6
PIC_THUMBNAIL paintable_assign elapsed_us=6
PIC_THUMBNAIL paintable_assign elapsed_us=6
PIC_THUMBNAIL paintable_assign elapsed_us=5
PIC_THUMBNAIL paintable_assign elapsed_us=5
PIC_THUMBNAIL paintable_assign elapsed_us=6
PIC_THUMBNAIL paintable_assign elapsed_us=6
PIC_THUMBNAIL paintable_assign elapsed_us=5
PIC_THUMBNAIL paintable_assign elapsed_us=6
PIC_THUMBNAIL paintable_assign elapsed_us=6
PIC_THUMBNAIL paintable_assign elapsed_us=6
PIC_THUMBNAIL paintable_assign elapsed_us=6
PIC_THUMBNAIL paintable_assign elapsed_us=5
PIC_THUMBNAIL paintable_assign elapsed_us=6
PIC_THUMBNAIL paintable_assign elapsed_us=6
PIC_THUMBNAIL paintable_assign elapsed_us=5
PIC_THUMBNAIL paintable_assign elapsed_us=6
PIC_THUMBNAIL paintable_assign elapsed_us=6
PIC_THUMBNAIL paintable_assign elapsed_us=6
PIC_THUMBNAIL paintable_assign elapsed_us=6
PIC_THUMBNAIL paintable_assign elapsed_us=5
PIC_THUMBNAIL paintable_assign elapsed_us=7
PIC_THUMBNAIL paintable_assign elapsed_us=7
PIC_THUMBNAIL paintable_assign elapsed_us=10
PIC_THUMBNAIL paintable_assign elapsed_us=8
PIC_THUMBNAIL paintable_assign elapsed_us=6
PIC_THUMBNAIL paintable_assign elapsed_us=6
PIC_THUMBNAIL paintable_assign elapsed_us=8
PIC_THUMBNAIL paintable_assign elapsed_us=6
PIC_THUMBNAIL paintable_assign elapsed_us=6
PIC_THUMBNAIL paintable_assign elapsed_us=6
PIC_THUMBNAIL paintable_assign elapsed_us=6
PIC_THUMBNAIL paintable_assign elapsed_us=6
PIC_THUMBNAIL paintable_assign elapsed_us=5
PIC_NAV current_columns_changed old=6 new=5
PIC_ZOOM layout mode=grid action=columns_changed old_columns=6 columns=5 width=1518 elapsed_us=1726
PIC_THUMBNAIL paintable_assign elapsed_us=12
PIC_THUMBNAIL paintable_assign elapsed_us=4
PIC_THUMBNAIL paintable_assign elapsed_us=3
PIC_THUMBNAIL paintable_assign elapsed_us=3
PIC_THUMBNAIL paintable_assign elapsed_us=4
PIC_THUMBNAIL paintable_assign elapsed_us=3
PIC_THUMBNAIL paintable_assign elapsed_us=3
PIC_THUMBNAIL paintable_assign elapsed_us=3
PIC_THUMBNAIL paintable_assign elapsed_us=3
PIC_THUMBNAIL paintable_assign elapsed_us=23
PIC_THUMBNAIL paintable_assign elapsed_us=4
PIC_THUMBNAIL paintable_assign elapsed_us=4
PIC_THUMBNAIL paintable_assign elapsed_us=3
PIC_THUMBNAIL paintable_assign elapsed_us=3
PIC_THUMBNAIL paintable_assign elapsed_us=3
PIC_THUMBNAIL paintable_assign elapsed_us=4
PIC_THUMBNAIL paintable_assign elapsed_us=3
PIC_THUMBNAIL paintable_assign elapsed_us=3
PIC_THUMBNAIL paintable_assign elapsed_us=3
PIC_THUMBNAIL paintable_assign elapsed_us=3
PIC_THUMBNAIL paintable_assign elapsed_us=3
PIC_THUMBNAIL paintable_assign elapsed_us=3
PIC_THUMBNAIL paintable_assign elapsed_us=3
PIC_THUMBNAIL paintable_assign elapsed_us=3
PIC_THUMBNAIL paintable_assign elapsed_us=3
PIC_THUMBNAIL paintable_assign elapsed_us=3
PIC_THUMBNAIL paintable_assign elapsed_us=3
PIC_THUMBNAIL paintable_assign elapsed_us=3
PIC_THUMBNAIL paintable_assign elapsed_us=3
PIC_THUMBNAIL paintable_assign elapsed_us=3
PIC_THUMBNAIL paintable_assign elapsed_us=3
PIC_THUMBNAIL paintable_assign elapsed_us=3
PIC_THUMBNAIL paintable_assign elapsed_us=3
PIC_THUMBNAIL paintable_assign elapsed_us=3
PIC_THUMBNAIL paintable_assign elapsed_us=5
PIC_THUMBNAIL paintable_assign elapsed_us=5
PIC_THUMBNAIL gtk_bind elapsed_us=187 id=3956
PIC_THUMBNAIL paintable_assign elapsed_us=3
PIC_THUMBNAIL gtk_bind elapsed_us=45 id=3957
PIC_THUMBNAIL paintable_assign elapsed_us=3
PIC_THUMBNAIL gtk_bind elapsed_us=42 id=3958
PIC_THUMBNAIL paintable_assign elapsed_us=2
PIC_THUMBNAIL gtk_bind elapsed_us=40 id=3959
PIC_THUMBNAIL paintable_assign elapsed_us=3
PIC_THUMBNAIL gtk_bind elapsed_us=37 id=3960
PIC_THUMBNAIL paintable_assign elapsed_us=3
PIC_THUMBNAIL gtk_bind elapsed_us=45 id=3961
PIC_THUMBNAIL paintable_assign elapsed_us=2
PIC_THUMBNAIL gtk_bind elapsed_us=40 id=3962
PIC_THUMBNAIL paintable_assign elapsed_us=3
PIC_THUMBNAIL gtk_bind elapsed_us=41 id=3963
PIC_THUMBNAIL paintable_assign elapsed_us=2
PIC_THUMBNAIL gtk_bind elapsed_us=37 id=3729
PIC_THUMBNAIL paintable_assign elapsed_us=2
PIC_THUMBNAIL gtk_bind elapsed_us=38 id=3730
PIC_THUMBNAIL paintable_assign elapsed_us=2
PIC_THUMBNAIL gtk_bind elapsed_us=37 id=3731
PIC_THUMBNAIL paintable_assign elapsed_us=2
PIC_THUMBNAIL gtk_bind elapsed_us=37 id=3732
PIC_THUMBNAIL paintable_assign elapsed_us=2
PIC_THUMBNAIL gtk_bind elapsed_us=38 id=3733
PIC_THUMBNAIL paintable_assign elapsed_us=2
PIC_THUMBNAIL gtk_bind elapsed_us=36 id=3734
PIC_THUMBNAIL paintable_assign elapsed_us=2
PIC_THUMBNAIL gtk_bind elapsed_us=36 id=3735
PIC_THUMBNAIL paintable_assign elapsed_us=3
PIC_THUMBNAIL gtk_bind elapsed_us=38 id=3736
PIC_THUMBNAIL paintable_assign elapsed_us=3
PIC_THUMBNAIL gtk_bind elapsed_us=38 id=3737
PIC_THUMBNAIL paintable_assign elapsed_us=2
PIC_THUMBNAIL gtk_bind elapsed_us=38 id=3738
PIC_THUMBNAIL paintable_assign elapsed_us=9
PIC_THUMBNAIL paintable_assign elapsed_us=6
PIC_THUMBNAIL paintable_assign elapsed_us=3
PIC_THUMBNAIL paintable_assign elapsed_us=3
PIC_THUMBNAIL paintable_assign elapsed_us=3
PIC_THUMBNAIL paintable_assign elapsed_us=3
PIC_THUMBNAIL paintable_assign elapsed_us=4
PIC_THUMBNAIL paintable_assign elapsed_us=3
PIC_THUMBNAIL paintable_assign elapsed_us=3
PIC_THUMBNAIL paintable_assign elapsed_us=4
PIC_THUMBNAIL paintable_assign elapsed_us=3
PIC_THUMBNAIL paintable_assign elapsed_us=3
PIC_THUMBNAIL paintable_assign elapsed_us=5
PIC_THUMBNAIL paintable_assign elapsed_us=3
PIC_THUMBNAIL paintable_assign elapsed_us=3
PIC_THUMBNAIL paintable_assign elapsed_us=3
PIC_THUMBNAIL paintable_assign elapsed_us=3
PIC_THUMBNAIL paintable_assign elapsed_us=3
PIC_THUMBNAIL paintable_assign elapsed_us=3
PIC_THUMBNAIL paintable_assign elapsed_us=3
PIC_THUMBNAIL paintable_assign elapsed_us=3
PIC_THUMBNAIL paintable_assign elapsed_us=3
PIC_THUMBNAIL paintable_assign elapsed_us=3
PIC_THUMBNAIL paintable_assign elapsed_us=3
PIC_THUMBNAIL paintable_assign elapsed_us=7
PIC_ZOOM_TRACE pointer_leave
